Class,Image,Original_Size_Bytes,Compressed_Size_Bytes,Compression_Ratio,Space_Saving_Percent,Compression_Time_ms,Decompression_Time_ms,Total_Time_ms,MSE,PSNR_dB,SSIM
airplane,airplane_0000.jpg,14425,7557,1.908826,47.611785,0.320000,0.328900,0.648900,18.047596,35.566610,0.998167
airplane,airplane_0001.jpg,13631,7244,1.881695,46.856430,0.331500,0.354800,0.686300,13.224973,36.916856,0.999258
airplane,airplane_0002.jpg,16170,8693,1.860117,46.239951,0.329200,0.561300,0.890500,26.643764,33.874848,0.994610
airplane,airplane_0003.jpg,14762,7967,1.852893,46.030348,0.327900,0.411300,0.739200,17.522966,35.694727,0.998836
airplane,airplane_0004.jpg,14517,7581,1.914919,47.778467,0.321300,0.323000,0.644300,21.031594,34.902082,0.998447
airplane,airplane_0005.jpg,14815,8180,1.811125,44.785690,0.492500,0.335300,0.827800,19.503787,35.229614,0.997756
airplane,airplane_0006.jpg,10690,5486,1.948596,48.681010,0.312600,0.350300,0.662900,13.652956,36.778537,0.998846
airplane,airplane_0007.jpg,18983,10535,1.801898,44.502976,0.375300,0.470600,0.845900,18.699336,35.412542,0.998668
airplane,airplane_0008.jpg,21284,11270,1.888554,47.049427,0.458300,0.451700,0.910000,23.591654,34.403220,0.997350
airplane,airplane_0009.jpg,12156,6293,1.931670,48.231326,0.310900,0.318200,0.629100,18.543871,35.448800,0.998781
airplane,airplane_0010.jpg,14094,7396,1.905625,47.523769,0.354900,0.372100,0.727000,15.187352,36.315983,0.998882
airplane,airplane_0011.jpg,12794,7692,1.663287,39.878068,0.974900,0.348200,1.323100,4.436387,41.660509,0.999822
airplane,airplane_0012.jpg,8266,4471,1.848803,45.910961,0.203700,0.233300,0.437000,11.863656,37.388618,0.998697
airplane,airplane_0013.jpg,10556,5782,1.825666,45.225464,0.229800,0.259300,0.489100,17.155002,35.786896,0.997588
airplane,airplane_0014.jpg,9305,5777,1.610698,37.915099,0.264600,0.276900,0.541500,2.876289,43.542479,0.999915
airplane,airplane_0015.jpg,19430,10089,1.925860,48.075142,0.321200,0.367600,0.688800,28.451411,33.589765,0.997852
airplane,airplane_0016.jpg,18658,9539,1.955970,48.874477,0.337500,0.371200,0.708700,30.248827,33.323718,0.997857
airplane,airplane_0017.jpg,12158,6319,1.924039,48.025991,0.287800,0.280800,0.568600,23.618948,34.398198,0.998149
airplane,airplane_0018.jpg,12349,6199,1.992095,49.801603,0.325400,0.276600,0.602000,18.822564,35.384016,0.998385
airplane,airplane_0019.jpg,14959,7435,2.011970,50.297480,0.502400,0.561800,1.064200,12.449335,37.179342,0.999344
airplane,airplane_0020.jpg,12759,6519,1.957202,48.906654,0.309600,0.361400,0.671000,15.606920,36.197632,0.998647
airplane,airplane_0021.jpg,11197,6199,1.806259,44.636956,0.284700,0.444400,0.729100,17.982003,35.582423,0.998668
airplane,airplane_0022.jpg,18606,10629,1.750494,42.873267,0.416200,0.443500,0.859700,20.703514,34.970363,0.995946
airplane,airplane_0023.jpg,17847,9503,1.878039,46.752956,0.343200,0.368000,0.711200,28.657543,33.558414,0.997879
airplane,airplane_0024.jpg,16948,9055,1.871673,46.571867,0.334100,0.351600,0.685700,31.071275,33.207213,0.997467
airplane,airplane_0025.jpg,13312,7031,1.893330,47.182993,0.377000,0.815200,1.192200,10.864181,37.770834,0.999131
airplane,airplane_0026.jpg,9490,4872,1.947865,48.661749,0.416700,0.250300,0.667000,16.132285,36.053845,0.998100
airplane,airplane_0027.jpg,11339,6175,1.836275,45.541935,0.347500,0.343500,0.691000,10.864567,37.770679,0.998887
airplane,airplane_0028.jpg,13047,7010,1.861198,46.271173,0.258000,0.302200,0.560200,24.216883,34.289621,0.997028
airplane,airplane_0029.jpg,16745,8901,1.881249,46.843834,0.369500,0.430000,0.799500,19.961666,35.128836,0.998119
airplane,airplane_0030.jpg,11863,6286,1.887210,47.011717,0.277400,0.319000,0.596400,15.955432,36.101718,0.998936
airplane,airplane_0031.jpg,13012,6778,1.919740,47.909622,0.413900,0.667300,1.081200,12.682856,37.098633,0.998963
airplane,airplane_0032.jpg,15432,8075,1.911084,47.673665,0.387800,0.364000,0.751800,15.462787,36.237926,0.995743
airplane,airplane_0033.jpg,13892,7176,1.935897,48.344371,0.378300,0.420800,0.799100,15.853406,36.129578,0.999028
airplane,airplane_0034.jpg,14860,7687,1.933134,48.270525,0.571900,0.381500,0.953400,15.600529,36.199410,0.999046
airplane,airplane_0035.jpg,11119,5866,1.895499,47.243457,0.262400,0.363600,0.626000,10.055556,38.106743,0.999420
airplane,airplane_0036.jpg,13192,6923,1.905532,47.521225,0.266000,0.333500,0.599500,15.531062,36.218792,0.999180
airplane,airplane_0037.jpg,11520,6101,1.888215,47.039931,0.286000,0.283400,0.569400,20.465663,35.020545,0.998164
airplane,airplane_0038.jpg,18369,9675,1.898605,47.329740,0.483100,1.173600,1.656700,28.742265,33.545594,0.998027
airplane,airplane_0039.jpg,17752,9204,1.928727,48.152321,0.579500,0.415500,0.995000,23.126488,34.489707,0.998239
airplane,airplane_0040.jpg,13048,7003,1.863201,46.328939,0.320100,0.358700,0.678800,21.181852,34.871164,0.998585
airplane,airplane_0041.jpg,14563,7870,1.850445,45.958937,0.434300,0.396300,0.830600,31.020919,33.214257,0.997250
airplane,airplane_0042.jpg,13478,7157,1.883191,46.898650,0.282000,0.300100,0.582100,27.096981,33.801595,0.996704
airplane,airplane_0043.jpg,28136,14419,1.951314,48.752488,0.667100,0.677400,1.344500,23.204139,34.475149,0.998414
airplane,airplane_0044.jpg,14223,7533,1.888092,47.036490,0.303800,0.309500,0.613300,28.508936,33.580994,0.996903
airplane,airplane_0045.jpg,14444,7769,1.859184,46.212960,0.344400,0.318900,0.663300,24.817289,34.183260,0.997115
airplane,airplane_0046.jpg,20080,10392,1.932256,48.247012,0.522100,0.434500,0.956600,22.915301,34.529548,0.997488
airplane,airplane_0047.jpg,16056,9014,1.781229,43.858994,0.305200,0.390400,0.695600,14.942871,36.386463,0.996751
airplane,airplane_0048.jpg,14422,7975,1.808401,44.702538,0.347800,0.503000,0.850800,14.056769,36.651949,0.999259
airplane,airplane_0049.jpg,21606,11663,1.852525,46.019624,0.496600,0.711500,1.208100,27.973348,33.663359,0.997143
airplane,airplane_0050.jpg,12558,7106,1.767239,43.414556,0.220300,0.281600,0.501900,22.568682,34.595742,0.997087
airplane,airplane_0051.jpg,15526,7886,1.968805,49.207780,0.347400,0.369500,0.716900,19.025135,35.337526,0.997659
airplane,airplane_0052.jpg,16076,7819,2.056017,51.362279,0.397200,0.455900,0.853100,16.172411,36.043056,0.995400
airplane,airplane_0053.jpg,15578,8429,1.848143,45.891642,0.377800,0.459500,0.837300,11.612231,37.481647,0.997583
airplane,airplane_0054.jpg,10438,5182,2.014280,50.354474,0.295300,0.292200,0.587500,17.398239,35.725751,0.997535
airplane,airplane_0055.jpg,8954,4461,2.007173,50.178691,0.275400,0.428900,0.704300,14.545317,36.503572,0.997456
airplane,airplane_0056.jpg,10975,5639,1.946267,48.619590,0.272500,0.273400,0.545900,13.882848,36.706018,0.996614
airplane,airplane_0057.jpg,11609,6010,1.931614,48.229822,0.263600,0.236200,0.499800,22.789428,34.553469,0.996421
airplane,airplane_0058.jpg,15818,7974,1.983697,49.589076,0.386400,0.475400,0.861800,23.860078,34.354085,0.996259
airplane,airplane_0059.jpg,14641,7522,1.946424,48.623728,0.255500,0.317900,0.573400,20.791635,34.951917,0.996911
airplane,airplane_0060.jpg,10030,5175,1.938164,48.404786,0.292600,0.250000,0.542600,11.502709,37.522802,0.998703
airplane,airplane_0061.jpg,9739,4938,1.972256,49.296642,0.306700,0.340200,0.646900,13.347335,36.876858,0.999040
airplane,airplane_0062.jpg,11554,5984,1.930816,48.208413,0.240900,0.267000,0.507900,19.889964,35.144464,0.997794
airplane,airplane_0063.jpg,9076,4932,1.840227,45.658881,0.271500,0.268900,0.540400,13.453239,36.842535,0.998931
airplane,airplane_0064.jpg,10664,5693,1.873178,46.614779,0.277000,0.269100,0.546100,15.930692,36.108457,0.997062
airplane,airplane_0065.jpg,9914,5167,1.918715,47.881783,0.290000,0.285600,0.575600,10.134355,38.072843,0.997943
airplane,airplane_0066.jpg,15415,7886,1.954730,48.842037,0.382700,0.409600,0.792300,17.591703,35.677725,0.997894
airplane,airplane_0067.jpg,10420,5494,1.896614,47.274472,0.267900,0.252200,0.520100,22.164546,34.674215,0.997366
airplane,airplane_0068.jpg,12807,7089,1.806602,44.647458,0.288300,0.306100,0.594400,21.964828,34.713526,0.998033
airplane,airplane_0069.jpg,9145,4819,1.897697,47.304538,0.396500,0.270600,0.667100,12.966670,37.002519,0.996713
airplane,airplane_0070.jpg,9689,5028,1.927009,48.106100,0.279200,0.296900,0.576100,16.217996,36.030832,0.995910
airplane,airplane_0071.jpg,12813,6650,1.926767,48.099586,0.314500,0.332400,0.646900,13.270304,36.901995,0.997702
airplane,airplane_0072.jpg,16063,8195,1.960098,48.982133,0.334000,0.407600,0.741600,27.119417,33.798000,0.996891
airplane,airplane_0073.jpg,14345,7665,1.871494,46.566748,0.301200,0.318900,0.620100,23.683012,34.386434,0.997996
airplane,airplane_0074.jpg,8785,4388,2.002051,50.051224,0.210700,0.232800,0.443500,16.242485,36.024279,0.997645
airplane,airplane_0075.jpg,12134,6137,1.977188,49.423109,0.354400,0.559600,0.914000,15.038184,36.358850,0.997142
airplane,airplane_0076.jpg,13277,6720,1.975744,49.386157,0.304500,0.308500,0.613000,16.211711,36.032515,0.997187
airplane,airplane_0077.jpg,12176,6330,1.923539,48.012484,0.258000,0.309300,0.567300,14.978785,36.376038,0.996901
airplane,airplane_0078.jpg,14330,7643,1.874918,46.664341,0.326300,0.338600,0.664900,20.409810,35.032414,0.995640
airplane,airplane_0079.jpg,10653,5729,1.859487,46.221722,0.231300,0.265600,0.496900,20.973595,34.914075,0.997010
airplane,airplane_0080.jpg,10840,5873,1.845735,45.821033,0.286100,0.425100,0.711200,18.520210,35.454344,0.997338
airplane,airplane_0081.jpg,21297,10744,1.982223,49.551580,0.402300,0.473200,0.875500,24.005704,34.327659,0.996715
airplane,airplane_0082.jpg,19495,9901,1.968993,49.212619,0.353600,0.460700,0.814300,19.675703,35.191501,0.996567
airplane,airplane_0083.jpg,11076,5946,1.862765,46.316360,0.452500,0.313700,0.766200,17.609206,35.673406,0.995608
airplane,airplane_0084.jpg,14235,7360,1.934103,48.296452,0.325400,0.358200,0.683600,18.196664,35.530886,0.993916
airplane,airplane_0085.jpg,11310,5850,1.933333,48.275862,0.290400,0.312600,0.603000,19.231228,35.290733,0.995869
airplane,airplane_0086.jpg,14192,7310,1.941450,48.492108,0.299700,0.309800,0.609500,24.518562,34.235854,0.993563
airplane,airplane_0087.jpg,14864,7684,1.934409,48.304629,0.308000,0.373700,0.681700,27.863268,33.680483,0.997282
airplane,airplane_0088.jpg,12847,6683,1.922340,47.980073,0.472800,0.459400,0.932200,12.960310,37.004650,0.997998
airplane,airplane_0089.jpg,15169,7900,1.920127,47.920100,0.395100,0.364600,0.759700,15.848609,36.130892,0.996368
airplane,airplane_0090.jpg,12191,6702,1.819009,45.025018,0.444600,0.336300,0.780900,15.475067,36.234478,0.995453
airplane,airplane_0091.jpg,10700,5790,1.848014,45.887850,0.475900,0.360100,0.836000,10.228081,38.032862,0.998160
airplane,airplane_0092.jpg,7323,3844,1.905047,47.507852,0.242500,0.237500,0.480000,16.549527,35.942948,0.995275
airplane,airplane_0093.jpg,16203,8617,1.880353,46.818490,0.356300,0.387700,0.744000,16.138014,36.052303,0.997075
airplane,airplane_0094.jpg,11489,5992,1.917390,47.845766,0.258200,0.290900,0.549100,18.378174,35.487780,0.994024
airplane,airplane_0095.jpg,10463,5245,1.994852,49.870974,0.518000,0.353000,0.871000,10.966642,37.730067,0.998479
airplane,airplane_0096.jpg,12701,6577,1.931124,48.216676,0.750500,0.372700,1.123200,14.331277,36.567955,0.995982
airplane,airplane_0097.jpg,11861,6174,1.921121,47.947053,0.304400,0.319400,0.623800,13.021900,36.984060,0.996839
airplane,airplane_0098.jpg,13764,7292,1.887548,47.021215,0.293900,0.437900,0.731800,22.220825,34.663202,0.996569
airplane,airplane_0099.jpg,13212,6952,1.900460,47.381169,0.306800,0.299800,0.606600,17.732547,35.643092,0.995977
airplane,airplane_0100.jpg,8384,4252,1.971778,49.284351,0.226200,0.284600,0.510800,16.552431,35.942186,0.998090
airplane,airplane_0101.jpg,11747,6192,1.897125,47.288669,0.345300,0.380200,0.725500,11.069916,37.689360,0.997376
airplane,airplane_0102.jpg,15302,7849,1.949548,48.706051,0.295100,0.388800,0.683900,25.346333,34.091652,0.997447
airplane,airplane_0103.jpg,14962,7885,1.897527,47.299826,0.417300,0.392400,0.809700,18.100428,35.553915,0.997233
airplane,airplane_0104.jpg,7723,4263,1.811635,44.801243,0.254400,0.221600,0.476000,8.780520,38.695601,0.998778
airplane,airplane_0105.jpg,12685,6388,1.985755,49.641309,0.303200,0.353400,0.656600,15.641782,36.187941,0.995219
airplane,airplane_0106.jpg,10294,5356,1.921957,47.969691,0.293600,0.333800,0.627400,15.787446,36.147685,0.998696
airplane,airplane_0107.jpg,12742,7025,1.813808,44.867368,0.310800,0.387100,0.697900,11.098702,37.678082,0.998495
airplane,airplane_0108.jpg,12659,6573,1.925909,48.076467,0.390000,0.366000,0.756000,16.279389,36.014423,0.996742
airplane,airplane_0109.jpg,12279,6435,1.908159,47.593452,0.269300,0.309900,0.579200,24.315912,34.271898,0.996892
airplane,airplane_0110.jpg,15843,8083,1.960040,48.980622,0.330900,0.410700,0.741600,21.292156,34.848607,0.996821
airplane,airplane_0111.jpg,11356,6402,1.773821,43.624516,0.295700,0.320800,0.616500,15.046020,36.356587,0.997457
airplane,airplane_0112.jpg,12540,6296,1.991741,49.792663,0.308700,0.314700,0.623400,19.672880,35.192124,0.998146
airplane,airplane_0113.jpg,10432,5360,1.946269,48.619632,0.253500,0.273800,0.527300,17.588890,35.678419,0.998605
airplane,airplane_0114.jpg,11148,6087,1.831444,45.398278,0.301500,0.323700,0.625200,15.658422,36.183324,0.995046
airplane,airplane_0115.jpg,16722,8823,1.895274,47.237173,0.432700,0.883000,1.315700,17.931612,35.594610,0.996991
airplane,airplane_0116.jpg,13235,6894,1.919785,47.910842,0.794800,0.622500,1.417300,17.553745,35.687106,0.997885
airplane,airplane_0117.jpg,12543,6670,1.880510,46.822929,0.334000,0.310400,0.644400,21.550591,34.796212,0.996464
airplane,airplane_0118.jpg,16114,8326,1.935383,48.330644,0.457400,0.372500,0.829900,20.204712,35.076277,0.996360
airplane,airplane_0119.jpg,12886,6690,1.926158,48.083191,0.300500,0.299300,0.599800,24.195157,34.293519,0.996388
airplane,airplane_0120.jpg,14169,7202,1.967370,49.170725,0.286900,0.327400,0.614300,19.364526,35.260735,0.996419
airplane,airplane_0121.jpg,11809,6446,1.831989,45.414514,0.289800,0.641600,0.931400,16.424920,35.975771,0.996409
airplane,airplane_0122.jpg,14720,7505,1.961359,49.014946,0.326600,0.433100,0.759700,19.712529,35.183380,0.996637
airplane,airplane_0123.jpg,8060,4233,1.904087,47.481390,0.245000,0.261100,0.506100,12.837033,37.046157,0.998016
airplane,airplane_0124.jpg,12608,6784,1.858491,46.192893,0.277000,0.280300,0.557300,24.178912,34.296436,0.996933
airplane,airplane_0125.jpg,14440,7511,1.922514,47.984765,0.329800,0.366400,0.696200,17.857415,35.612618,0.996068
airplane,airplane_0126.jpg,14137,7414,1.906798,47.556059,0.339000,0.379100,0.718100,20.536327,35.005576,0.996506
airplane,airplane_0127.jpg,11931,5918,2.016053,50.398123,0.383900,0.353200,0.737100,13.969689,36.678936,0.996991
airplane,airplane_0128.jpg,10222,5026,2.033824,50.831540,0.342400,0.332600,0.675000,10.535729,37.904158,0.996730
airplane,airplane_0129.jpg,10036,5227,1.920031,47.917497,0.315400,0.353500,0.668900,10.412748,37.955150,0.997058
airplane,airplane_0130.jpg,8427,4441,1.897546,47.300344,0.219700,0.222700,0.442400,14.448028,36.532718,0.997077
airplane,airplane_0131.jpg,12493,6279,1.989648,49.739854,0.304300,0.615400,0.919700,24.745705,34.195805,0.994780
airplane,airplane_0132.jpg,16484,8282,1.990340,49.757340,0.380200,1.261500,1.641700,22.178559,34.671470,0.995456
airplane,airplane_0133.jpg,11946,6107,1.956116,48.878286,0.573500,0.366200,0.939700,13.374264,36.868105,0.997367
airplane,airplane_0134.jpg,14132,7084,1.994918,49.872629,0.326400,0.615400,0.941800,24.364827,34.263170,0.995839
airplane,airplane_0135.jpg,13114,6475,2.025328,50.625286,0.320300,0.347600,0.667900,18.566566,35.443488,0.998527
airplane,airplane_0136.jpg,10377,5325,1.948732,48.684591,0.306300,0.343800,0.650100,10.256081,38.020989,0.995469
airplane,airplane_0137.jpg,13183,6562,2.008991,50.223773,0.444200,0.417800,0.862000,10.394612,37.962721,0.999031
airplane,airplane_0138.jpg,16575,8462,1.958757,48.947210,0.352000,0.393700,0.745700,16.304318,36.007777,0.997053
airplane,airplane_0139.jpg,15764,8072,1.952924,48.794722,0.426100,0.435600,0.861700,9.741452,38.244567,0.997408
airplane,airplane_0140.jpg,11452,5936,1.929245,48.166259,0.188000,0.427100,0.615100,14.362606,36.558471,0.997589
airplane,airplane_0141.jpg,10424,5249,1.985902,49.645050,0.340000,0.329400,0.669400,10.418367,37.952807,0.996863
airplane,airplane_0142.jpg,19115,9697,1.971228,49.270207,0.407700,0.519600,0.927300,23.162250,34.482996,0.995250
airplane,airplane_0143.jpg,12624,6325,1.995889,49.897022,0.284100,0.308300,0.592400,19.361978,35.261306,0.994955
airplane,airplane_0144.jpg,10364,5248,1.974848,49.363180,0.315500,0.269500,0.585000,16.033606,36.080492,0.997957
airplane,airplane_0145.jpg,9097,4580,1.986245,49.653732,0.344700,0.309600,0.654300,7.350244,39.467786,0.993968
airplane,airplane_0146.jpg,12680,7050,1.798582,44.400631,0.387700,0.403900,0.791600,9.517044,38.345783,0.996600
airplane,airplane_0147.jpg,11909,6551,1.817890,44.991183,0.339500,0.362000,0.701500,13.549701,36.811506,0.997960
airplane,airplane_0148.jpg,14763,7654,1.928795,48.154169,1.210900,0.381800,1.592700,18.624440,35.429971,0.995884
airplane,airplane_0149.jpg,8827,5054,1.746537,42.743854,0.316500,0.262800,0.579300,10.276726,38.012256,0.995390
airplane,airplane_0150.jpg,14282,7498,1.904775,47.500350,0.386000,0.362800,0.748800,10.268206,38.015858,0.997890
airplane,airplane_0151.jpg,15525,7883,1.969428,49.223833,0.334900,0.410400,0.745300,11.958679,37.353971,0.997108
airplane,airplane_0152.jpg,16385,8137,2.013641,50.338724,0.340500,0.479500,0.820000,17.285056,35.754096,0.997349
airplane,airplane_0153.jpg,16172,8357,1.935144,48.324264,0.358400,0.491200,0.849600,18.365922,35.490676,0.996617
airplane,airplane_0154.jpg,7841,4871,1.609731,37.877822,1.196500,0.321600,1.518100,3.051219,43.286069,0.999894
airplane,airplane_0155.jpg,12593,6481,1.943064,48.534900,0.313100,0.360600,0.673700,18.425479,35.476616,0.994607
airplane,airplane_0156.jpg,14337,7841,1.828466,45.309339,0.323800,0.353000,0.676800,11.448610,37.543276,0.997707
airplane,airplane_0157.jpg,8918,4771,1.869210,46.501458,0.272500,0.318300,0.590800,12.607967,37.124353,0.997124
airplane,airplane_0158.jpg,16229,8232,1.971453,49.275987,0.365700,0.325100,0.690800,19.670631,35.192621,0.996054
airplane,airplane_0159.jpg,7810,4228,1.847209,45.864277,0.215800,0.251100,0.466900,12.532941,37.150274,0.997412
airplane,airplane_0160.jpg,7253,3634,1.995872,49.896595,0.202600,0.184300,0.386900,15.634989,36.189828,0.996681
airplane,airplane_0161.jpg,11266,5929,1.900152,47.372626,0.217300,0.233900,0.451200,28.512501,33.580450,0.994977
airplane,airplane_0162.jpg,9717,5163,1.882045,46.866317,0.286300,0.298700,0.585000,11.736771,37.435317,0.998734
airplane,airplane_0163.jpg,13929,7683,1.812964,44.841697,0.353100,0.443800,0.796900,11.412113,37.557143,0.996335
airplane,airplane_0164.jpg,13107,6662,1.967427,49.172198,0.302900,0.322000,0.624900,22.125177,34.681936,0.995279
airplane,airplane_0165.jpg,13742,7299,1.882724,46.885461,0.290500,0.642200,0.932700,17.312593,35.747183,0.996066
airplane,airplane_0166.jpg,13578,6705,2.025056,50.618648,0.327700,0.355900,0.683600,13.329947,36.882519,0.995332
airplane,airplane_0167.jpg,15610,8442,1.849088,45.919283,0.329100,0.476800,0.805900,13.044580,36.976503,0.998002
airplane,airplane_0168.jpg,16247,8430,1.927284,48.113498,0.376700,0.385600,0.762300,16.738180,35.893721,0.995335
airplane,airplane_0169.jpg,13479,6973,1.933027,48.267676,0.359000,0.307000,0.666000,17.478760,35.705698,0.996957
airplane,airplane_0170.jpg,13454,6868,1.958940,48.951985,0.321400,0.306500,0.627900,16.045479,36.077277,0.997079
airplane,airplane_0171.jpg,9196,4637,1.983179,49.575903,0.222100,0.337500,0.559600,13.892117,36.703119,0.997284
airplane,airplane_0172.jpg,9423,4883,1.929756,48.179985,0.294300,0.307600,0.601900,7.693498,39.269565,0.998628
airplane,airplane_0173.jpg,10614,5338,1.988385,49.707933,0.308200,0.313900,0.622100,9.688814,38.268098,0.997796
airplane,airplane_0174.jpg,11255,5887,1.911840,47.694358,0.328200,0.321600,0.649800,11.077135,37.686529,0.997322
airplane,airplane_0175.jpg,13851,7050,1.964681,49.101148,0.317000,0.600000,0.917000,16.616543,35.925397,0.998666
airplane,airplane_0176.jpg,10503,5712,1.838761,45.615538,0.281400,0.281900,0.563300,13.396250,36.860971,0.998955
airplane,airplane_0177.jpg,13912,7011,1.984310,49.604658,0.314500,0.306300,0.620800,17.420849,35.720110,0.995684
airplane,airplane_0178.jpg,14113,7470,1.889290,47.070077,0.453900,0.279900,0.733800,27.477825,33.740980,0.996529
airplane,airplane_0179.jpg,16685,8610,1.937863,48.396764,0.367500,0.381000,0.748500,23.902465,34.346377,0.997039
airplane,airplane_0180.jpg,11467,5986,1.915636,47.798029,0.274900,0.295500,0.570400,25.666185,34.037190,0.996754
airplane,airplane_0181.jpg,14429,7628,1.891584,47.134244,0.252000,0.267500,0.519500,25.561204,34.054991,0.993844
airplane,airplane_0182.jpg,13233,6600,2.005000,50.124688,0.296400,0.254000,0.550400,24.632691,34.215685,0.997811
airplane,airplane_0183.jpg,9765,5138,1.900545,47.383513,0.214900,0.223700,0.438600,39.827709,32.128950,0.995618
airplane,airplane_0184.jpg,11883,6072,1.957016,48.901792,0.301100,0.278700,0.579800,18.257632,35.516359,0.997570
airplane,airplane_0185.jpg,11488,6399,1.795281,44.298398,0.273400,0.291800,0.565200,18.198124,35.530537,0.998075
airplane,airplane_0186.jpg,12192,7835,1.556094,35.736549,0.383100,0.776400,1.159500,3.650508,42.507271,0.999864
airplane,airplane_0187.jpg,10778,5610,1.921212,47.949527,0.222100,0.271900,0.494000,17.717548,35.646767,0.998940
airplane,airplane_0188.jpg,9815,5260,1.865970,46.408558,0.258300,0.316300,0.574600,15.864016,36.126672,0.999229
airplane,airplane_0189.jpg,16709,8864,1.885041,46.950745,0.367300,0.437300,0.804600,20.090103,35.100982,0.997198
airplane,airplane_0190.jpg,23331,11516,2.025964,50.640778,0.716600,0.730700,1.447300,12.210631,37.263423,0.998970
airplane,airplane_0191.jpg,11357,5834,1.946692,48.630800,0.263400,0.297200,0.560600,14.425370,36.539534,0.996819
airplane,airplane_0192.jpg,9235,5288,1.746407,42.739578,0.194000,0.217200,0.411200,14.601525,36.486822,0.996687
airplane,airplane_0193.jpg,29569,15385,1.921937,47.969157,0.656400,0.677700,1.334100,32.078486,33.068665,0.995423
airplane,airplane_0194.jpg,12188,5976,2.039491,50.968165,0.330600,0.336700,0.667300,17.737385,35.641908,0.995817
airplane,airplane_0195.jpg,12287,6381,1.925560,48.067063,0.311500,0.309800,0.621300,21.805787,34.745086,0.997159
airplane,airplane_0196.jpg,11955,5999,1.992832,49.820159,0.392700,0.458800,0.851500,22.028539,34.700947,0.996352
airplane,airplane_0197.jpg,11105,5865,1.893436,47.185952,0.303300,0.614900,0.918200,17.438652,35.715675,0.997589
airplane,airplane_0198.jpg,11538,6001,1.922680,47.989253,0.257200,0.279000,0.536200,20.669068,34.977595,0.996199
airplane,airplane_0199.jpg,12980,6858,1.892680,47.164869,0.301400,0.263400,0.564800,21.113925,34.885114,0.997037
airplane,airplane_0200.jpg,16179,8185,1.976665,49.409729,0.333900,0.409400,0.743300,21.893814,34.727589,0.996178
airplane,airplane_0201.jpg,13106,6924,1.892837,47.169235,0.323700,1.841100,2.164800,18.069866,35.561254,0.996207
airplane,airplane_0202.jpg,7742,4290,1.804662,44.587962,0.368300,0.607200,0.975500,19.652595,35.196605,0.997309
airplane,airplane_0203.jpg,11717,6130,1.911419,47.682854,0.370800,0.749400,1.120200,22.004783,34.705633,0.996808
airplane,airplane_0204.jpg,19299,9860,1.957302,48.909270,0.419800,0.467700,0.887500,26.239096,33.941315,0.993008
airplane,airplane_0205.jpg,14798,7528,1.965728,49.128261,0.459500,0.364000,0.823500,20.626662,34.986514,0.997010
airplane,airplane_0206.jpg,12441,6799,1.829828,45.350052,0.374300,0.286200,0.660500,14.564809,36.497756,0.997278
airplane,airplane_0207.jpg,13185,6694,1.969674,49.230186,0.431000,0.309200,0.740200,18.145923,35.543013,0.996889
airplane,airplane_0208.jpg,13467,6948,1.938256,48.407218,0.345800,0.371900,0.717700,18.308991,35.504159,0.996932
airplane,airplane_0209.jpg,11560,6172,1.872975,46.608997,0.306400,0.355200,0.661600,21.180541,34.871433,0.996969
airplane,airplane_0210.jpg,8479,4422,1.917458,47.847624,0.219300,0.281800,0.501100,19.225332,35.292065,0.996659
airplane,airplane_0211.jpg,12347,6277,1.967022,49.161740,0.335500,0.339800,0.675300,18.913409,35.363105,0.997493
airplane,airplane_0212.jpg,12210,6245,1.955164,48.853399,0.330000,0.325800,0.655800,18.233968,35.521992,0.997892
airplane,airplane_0213.jpg,11769,6104,1.928080,48.134931,0.270700,0.300100,0.570800,20.941239,34.920780,0.996311
airplane,airplane_0214.jpg,12039,6460,1.863622,46.341058,0.303600,0.308000,0.611600,25.575773,34.052516,0.996947
airplane,airplane_0215.jpg,12028,6127,1.963114,49.060525,0.353100,0.313200,0.666300,17.427850,35.718365,0.995750
airplane,airplane_0216.jpg,14911,7622,1.956311,48.883375,0.373000,1.231100,1.604100,19.221242,35.292989,0.996412
airplane,airplane_0217.jpg,11567,6505,1.778171,43.762428,0.335300,0.357300,0.692600,13.104726,36.956524,0.997334
airplane,airplane_0218.jpg,12359,6453,1.915233,47.787038,0.416200,0.376200,0.792400,17.326782,35.743624,0.995973
airplane,airplane_0219.jpg,11594,6129,1.891663,47.136450,0.305500,0.314900,0.620400,20.711832,34.968618,0.994895
airplane,airplane_0220.jpg,11817,6181,1.911827,47.694000,0.308700,0.331700,0.640400,20.648463,34.981926,0.994241
airplane,airplane_0221.jpg,11620,5948,1.953598,48.812392,0.310700,0.374400,0.685100,15.907724,36.114723,0.995410
airplane,airplane_0222.jpg,11723,6312,1.857256,46.157127,0.404100,0.408800,0.812900,13.407969,36.857174,0.995469
airplane,airplane_0223.jpg,13263,6720,1.973661,49.332730,0.345400,0.371000,0.716400,18.870460,35.372979,0.996862
airplane,airplane_0224.jpg,14413,7394,1.949283,48.699091,0.408900,0.431500,0.840400,18.878021,35.371239,0.995942
airplane,airplane_0225.jpg,13736,7506,1.830003,45.355271,0.363500,0.379000,0.742500,18.826486,35.383111,0.996330
airplane,airplane_0226.jpg,17434,8935,1.951203,48.749570,0.437200,0.415900,0.853100,25.047755,34.143116,0.996499
airplane,airplane_0227.jpg,14063,7359,1.910993,47.671194,0.633800,0.359000,0.992800,22.953539,34.522307,0.996336
airplane,airplane_0228.jpg,16907,8577,1.971202,49.269533,2.149600,0.502000,2.651600,24.111235,34.308609,0.996164
airplane,airplane_0229.jpg,13021,6798,1.915416,47.792028,0.820200,0.739300,1.559500,20.238075,35.069112,0.995399
airplane,airplane_0230.jpg,11251,6062,1.855988,46.120345,0.361000,0.353200,0.714200,13.863525,36.712067,0.998601
airplane,airplane_0231.jpg,13529,6822,1.983143,49.574987,0.409500,0.408400,0.817900,18.051167,35.565751,0.997782
airplane,airplane_0232.jpg,11893,6131,1.939814,48.448667,0.346700,0.361000,0.707700,17.077947,35.806447,0.998112
airplane,airplane_0233.jpg,18458,9580,1.926722,48.098386,0.526000,0.486700,1.012700,20.653355,34.980898,0.996226
airplane,airplane_0234.jpg,15578,8160,1.909069,47.618436,0.591900,0.925700,1.517600,16.350407,35.995518,0.997698
airplane,airplane_0235.jpg,10386,5388,1.927617,48.122473,0.317500,0.290100,0.607600,21.314483,34.844056,0.997055
airplane,airplane_0236.jpg,10886,5660,1.923322,48.006614,0.275100,0.327900,0.603000,17.928550,35.595352,0.997598
airplane,airplane_0237.jpg,11964,6045,1.979156,49.473420,0.325600,0.329500,0.655100,21.423761,34.821846,0.996710
airplane,airplane_0238.jpg,13247,7059,1.876611,46.712463,0.367700,0.374600,0.742300,18.631771,35.428262,0.997929
airplane,airplane_0239.jpg,13572,7002,1.938303,48.408488,1.380400,0.533500,1.913900,21.727536,34.760699,0.996736
airplane,airplane_0240.jpg,11553,5869,1.968478,49.199342,0.388300,0.552200,0.940500,17.696279,35.651984,0.997601
airplane,airplane_0241.jpg,10604,5928,1.788799,44.096567,0.358100,0.338100,0.696200,16.197256,36.036389,0.997437
airplane,airplane_0242.jpg,16313,8116,2.009980,50.248268,0.431600,0.506300,0.937900,17.407756,35.723376,0.997072
airplane,airplane_0243.jpg,11292,5811,1.943211,48.538789,0.332800,0.370500,0.703300,25.533596,34.059684,0.996846
airplane,airplane_0244.jpg,12579,6445,1.951746,48.763813,0.339000,0.467700,0.806700,24.718475,34.200587,0.997592
airplane,airplane_0245.jpg,16196,8775,1.845698,45.819956,0.528400,0.771600,1.300000,17.543884,35.689546,0.997523
airplane,airplane_0246.jpg,13851,7088,1.954148,48.826800,0.984700,0.416400,1.401100,22.284378,34.650799,0.996194
airplane,airplane_0247.jpg,13492,6589,2.047655,51.163653,0.403800,0.433700,0.837500,15.318355,36.278682,0.997918
airplane,airplane_0248.jpg,13745,6867,2.001602,50.040015,0.412500,0.334000,0.746500,19.244938,35.287638,0.997618
airplane,airplane_0249.jpg,14769,7533,1.960573,48.994516,0.413700,0.406000,0.819700,20.250912,35.066358,0.997443
airplane,airplane_0250.jpg,8595,4693,1.831451,45.398487,0.294300,0.321000,0.615300,13.348122,36.876602,0.997325
airplane,airplane_0251.jpg,15945,7818,2.039524,50.968956,0.356800,0.338700,0.695500,23.019993,34.509752,0.997360
airplane,airplane_0252.jpg,12465,6546,1.904216,47.484958,0.365800,0.299600,0.665400,14.204119,36.606661,0.998204
airplane,airplane_0253.jpg,16424,8120,2.022660,50.560156,0.416800,0.409700,0.826500,21.340510,34.838756,0.996927
airplane,airplane_0254.jpg,12446,6712,1.854291,46.071027,0.256300,0.275200,0.531500,15.970693,36.097566,0.996948
airplane,airplane_0255.jpg,9563,5173,1.848637,45.906096,0.266800,0.486200,0.753000,11.730001,37.437823,0.998607
airplane,airplane_0256.jpg,12174,6260,1.944728,48.578939,0.551300,0.349400,0.900700,14.521095,36.510810,0.997203
airplane,airplane_0257.jpg,12306,6417,1.917719,47.854705,1.502900,0.335800,1.838700,19.740667,35.177185,0.994512
airplane,airplane_0258.jpg,11746,6173,1.902803,47.445939,0.313800,0.866200,1.180000,17.360994,35.735058,0.994752
airplane,airplane_0259.jpg,13647,7079,1.927815,48.127794,0.370700,0.427100,0.797800,14.993119,36.371884,0.996317
airplane,airplane_0260.jpg,12833,6642,1.932099,48.242812,1.079300,0.329100,1.408400,19.815428,35.160769,0.996614
airplane,airplane_0261.jpg,12091,6541,1.848494,45.901911,0.474400,0.309800,0.784200,18.032979,35.570129,0.996112
airplane,airplane_0262.jpg,16527,8824,1.872960,46.608580,0.301500,1.332900,1.634400,33.688802,32.855948,0.995068
airplane,airplane_0263.jpg,16118,8577,1.879212,46.786202,0.347200,0.326400,0.673600,28.614156,33.564994,0.996685
airplane,airplane_0264.jpg,15605,8583,1.818129,44.998398,0.328700,0.288500,0.617200,25.025323,34.147007,0.996719
airplane,airplane_0265.jpg,16793,8938,1.878832,46.775442,0.349800,0.730200,1.080000,27.023433,33.813398,0.996220
airplane,airplane_0266.jpg,13762,7443,1.848986,45.916291,0.281900,0.313300,0.595200,28.181967,33.631091,0.995862
airplane,airplane_0267.jpg,11704,6243,1.874740,46.659262,0.277000,0.293300,0.570300,19.272377,35.281451,0.997263
airplane,airplane_0268.jpg,9576,5579,1.716437,41.739766,0.215700,0.297700,0.513400,21.621338,34.781978,0.997694
airplane,airplane_0269.jpg,16712,9136,1.829247,45.332695,0.381500,0.401500,0.783000,26.660040,33.872196,0.996485
airplane,airplane_0270.jpg,13070,7859,1.663061,39.869931,0.282500,1.180300,1.462800,24.664146,34.210143,0.995878
airplane,airplane_0271.jpg,22877,11678,1.958983,48.953097,0.484400,0.534500,1.018900,31.921965,33.089907,0.996438
airplane,airplane_0272.jpg,17347,8638,2.008219,50.204646,0.869900,0.354500,1.224400,26.445697,33.907253,0.996736
airplane,airplane_0273.jpg,14637,7622,1.920362,47.926488,0.361300,0.363300,0.724600,20.179421,35.081717,0.996719
airplane,airplane_0274.jpg,12638,6663,1.896743,47.278050,0.326000,0.399600,0.725600,16.326979,36.001745,0.998576
airplane,airplane_0275.jpg,11685,5969,1.957614,48.917415,0.326800,0.284100,0.610900,20.891370,34.931134,0.996799
airplane,airplane_0276.jpg,10077,5454,1.847635,45.876749,0.245500,2.818600,3.064100,19.278628,35.280042,0.996545
airplane,airplane_0277.jpg,10121,5330,1.898874,47.337220,0.320000,0.662700,0.982700,12.914773,37.019936,0.996662
airplane,airplane_0278.jpg,10756,5353,2.009341,50.232428,0.299800,0.259500,0.559300,18.387052,35.485683,0.995799
airplane,airplane_0279.jpg,8575,4268,2.009138,50.227405,0.268400,0.239500,0.507900,14.489448,36.520285,0.996437
airplane,airplane_0280.jpg,13071,6803,1.921358,47.953485,0.390300,0.579000,0.969300,12.891379,37.027810,0.997382
airplane,airplane_0281.jpg,18272,9819,1.860882,46.262040,0.348100,0.445600,0.793700,28.995236,33.507537,0.993924
airplane,airplane_0282.jpg,13588,7394,1.837706,45.584339,0.319200,0.311500,0.630700,13.122425,36.950662,0.996970
airplane,airplane_0283.jpg,10004,5048,1.981775,49.540184,0.279000,0.270400,0.549400,14.702714,36.456829,0.998223
airplane,airplane_0284.jpg,9201,4799,1.917274,47.842626,0.236400,0.208700,0.445100,17.114994,35.797036,0.997800
airplane,airplane_0285.jpg,12695,6057,2.095922,52.288302,0.343500,0.323100,0.666600,18.618048,35.431462,0.996982
airplane,airplane_0286.jpg,11300,5608,2.014979,50.371681,0.329000,0.316500,0.645500,17.393945,35.726823,0.994967
airplane,airplane_0287.jpg,9758,4892,1.994685,49.866776,0.351000,0.296500,0.647500,15.593701,36.201312,0.996137
airplane,airplane_0288.jpg,11643,5914,1.968718,49.205531,0.383000,0.377100,0.760100,17.292296,35.752277,0.997633
airplane,airplane_0289.jpg,10756,5510,1.952087,48.772778,0.303400,0.306800,0.610200,16.260628,36.019430,0.997648
airplane,airplane_0290.jpg,12535,6642,1.887233,47.012365,0.490300,0.376500,0.866800,15.379679,36.261331,0.996336
airplane,airplane_0291.jpg,15260,7956,1.918049,47.863696,0.381000,0.406500,0.787500,20.551793,35.002306,0.996984
airplane,airplane_0292.jpg,12791,6679,1.915107,47.783598,0.314600,0.311300,0.625900,26.275870,33.935233,0.996166
airplane,airplane_0293.jpg,15590,9205,1.693645,40.955741,0.362600,0.480200,0.842800,3.539976,42.640801,0.999753
airplane,airplane_0294.jpg,13843,7300,1.896301,47.265766,0.271800,0.330200,0.602000,23.363458,34.445432,0.994939
airplane,airplane_0295.jpg,9811,5218,1.880222,46.814800,0.231000,0.297900,0.528900,20.554620,35.001709,0.994315
airplane,airplane_0296.jpg,13687,6993,1.957243,48.907723,0.321300,0.391400,0.712700,21.262448,34.854671,0.995815
airplane,airplane_0297.jpg,8989,5014,1.792780,44.220714,0.239400,0.271800,0.511200,14.784949,36.432605,0.997555
airplane,airplane_0298.jpg,14094,8233,1.711891,41.585072,0.330500,0.338100,0.668600,17.135383,35.791866,0.995980
airplane,airplane_0299.jpg,14529,7565,1.920555,47.931723,0.320400,0.303800,0.624200,23.332394,34.451211,0.996346
airplane,airplane_0300.jpg,13434,6923,1.940488,48.466577,1.176000,0.267300,1.443300,33.552608,32.873541,0.995792
airplane,airplane_0301.jpg,13353,7213,1.851241,45.982176,0.439200,0.436500,0.875700,27.813969,33.688174,0.996726
airplane,airplane_0302.jpg,14190,7317,1.939319,48.435518,0.314600,0.356300,0.670900,26.693759,33.866706,0.996489
airplane,airplane_0303.jpg,15683,7911,1.982430,49.556845,0.358800,0.359000,0.717800,21.431219,34.820335,0.995580
airplane,airplane_0304.jpg,10930,5664,1.929732,48.179323,0.282500,0.292400,0.574900,19.044250,35.333165,0.994210
airplane,airplane_0305.jpg,15327,7871,1.947275,48.646180,0.373000,0.429000,0.802000,20.739244,34.962874,0.995020
airplane,airplane_0306.jpg,11494,5863,1.960430,48.990778,0.301300,0.284800,0.586100,12.040337,37.324417,0.995357
airplane,airplane_0307.jpg,9477,4979,1.903394,47.462277,0.286900,0.225000,0.511900,15.150566,36.326515,0.995527
airplane,airplane_0308.jpg,11995,6287,1.907905,47.586494,0.296400,0.335700,0.632100,22.652856,34.579574,0.995733
airplane,airplane_0309.jpg,10226,5264,1.942629,48.523372,0.748600,0.285000,1.033600,14.579119,36.493491,0.996467
airplane,airplane_0310.jpg,12657,6510,1.944240,48.566011,0.445200,0.372900,0.818100,15.067088,36.350510,0.996484
airplane,airplane_0311.jpg,10815,5927,1.824701,45.196486,0.419700,0.307400,0.727100,15.774913,36.151134,0.997681
airplane,airplane_0312.jpg,12510,6610,1.892587,47.162270,0.336300,0.342500,0.678800,15.701911,36.171279,0.996853
airplane,airplane_0313.jpg,12597,6411,1.964904,49.106930,0.341900,0.341800,0.683700,14.882534,36.404035,0.996020
airplane,airplane_0314.jpg,11731,6307,1.859997,46.236467,0.304000,0.363100,0.667100,14.764598,36.438587,0.997456
airplane,airplane_0315.jpg,8671,4563,1.900285,47.376312,0.291400,0.245900,0.537300,13.978473,36.676206,0.993805
airplane,airplane_0316.jpg,11813,6144,1.922689,47.989503,0.342100,0.321700,0.663800,19.093921,35.321852,0.996280
airplane,airplane_0317.jpg,11838,6254,1.892869,47.170130,0.311100,0.301100,0.612200,21.008866,34.906778,0.996349
airplane,airplane_0318.jpg,11241,5997,1.874437,46.650654,0.243700,0.268000,0.511700,21.473481,34.811779,0.996703
airplane,airplane_0319.jpg,14241,6929,2.055275,51.344709,0.370300,0.369200,0.739500,16.700299,35.903561,0.997276
airplane,airplane_0320.jpg,18612,9783,1.902484,47.437137,0.454100,2.172800,2.626900,23.401197,34.438423,0.997197
airplane,airplane_0321.jpg,15718,8113,1.937384,48.384018,0.359200,0.354200,0.713400,18.815128,35.385732,0.996216
airplane,airplane_0322.jpg,19030,9840,1.933943,48.292170,0.386600,0.401100,0.787700,28.790122,33.538369,0.995045
airplane,airplane_0323.jpg,14565,7484,1.946152,48.616547,0.314200,0.381800,0.696000,18.534009,35.451110,0.997413
airplane,airplane_0324.jpg,15409,8123,1.896959,47.284055,0.349000,0.407800,0.756800,21.620813,34.782083,0.997019
airplane,airplane_0325.jpg,16158,8164,1.979177,49.473945,0.353100,0.368800,0.721900,24.602438,34.221022,0.996236
airplane,airplane_0326.jpg,14657,7409,1.978270,49.450774,0.364300,0.365700,0.730000,21.835567,34.739159,0.996782
airplane,airplane_0327.jpg,10970,5557,1.974087,49.343665,0.260200,0.237200,0.497400,21.456069,34.815302,0.997471
airplane,airplane_0328.jpg,10980,5952,1.844758,45.792350,0.295600,0.285600,0.581200,16.005692,36.088059,0.997956
airplane,airplane_0329.jpg,14771,7509,1.967106,49.163902,0.407300,0.351300,0.758600,18.683065,35.416322,0.997774
airplane,airplane_0330.jpg,12325,6613,1.863753,46.344828,0.323900,0.362800,0.686700,12.170174,37.277836,0.997300
airplane,airplane_0331.jpg,15346,8493,1.806900,44.656588,0.369500,0.363700,0.733200,20.025843,35.114896,0.996075
airplane,airplane_0332.jpg,18266,9148,1.996721,49.917880,0.454800,0.440400,0.895200,20.702261,34.970626,0.996449
airplane,airplane_0333.jpg,15791,7803,2.023709,50.585777,0.425000,0.434900,0.859900,17.063424,35.810142,0.997548
airplane,airplane_0334.jpg,10075,5493,1.834153,45.478908,0.402900,0.288900,0.691800,13.490635,36.830480,0.996914
airplane,airplane_0335.jpg,12483,6087,2.050764,51.237683,0.300300,0.345600,0.645900,24.142708,34.302944,0.992479
airplane,airplane_0336.jpg,12853,6337,2.028247,50.696335,0.340800,0.342400,0.683200,18.922783,35.360954,0.997097
airplane,airplane_0337.jpg,12309,6330,1.944550,48.574214,0.413800,0.330300,0.744100,19.137571,35.311935,0.993287
airplane,airplane_0338.jpg,9789,5456,1.794172,44.263970,0.273000,0.308000,0.581000,17.063013,35.810246,0.996798
airplane,airplane_0339.jpg,16140,8365,1.929468,48.172243,0.340300,0.611200,0.951500,19.566476,35.215677,0.996145
airplane,airplane_0340.jpg,10683,5687,1.878495,46.765890,0.272600,0.527500,0.800100,18.684803,35.415918,0.996068
airplane,airplane_0341.jpg,14175,7752,1.828560,45.312169,0.315500,0.315700,0.631200,18.275513,35.512108,0.997687
airplane,airplane_0342.jpg,14463,7361,1.964815,49.104612,0.352400,0.347400,0.699800,21.808219,34.744602,0.995527
airplane,airplane_0343.jpg,13825,6985,1.979241,49.475588,0.304600,0.349400,0.654000,20.629300,34.985959,0.995388
airplane,airplane_0344.jpg,16878,8810,1.915778,47.801872,0.397400,0.366700,0.764100,23.051300,34.503849,0.995577
airplane,airplane_0345.jpg,15144,8157,1.856565,46.137084,0.342100,0.435400,0.777500,14.631917,36.477791,0.997585
airplane,airplane_0346.jpg,12882,6725,1.915539,47.795373,0.304700,0.313400,0.618100,23.130147,34.489020,0.997882
airplane,airplane_0347.jpg,11247,6009,1.871692,46.572419,0.327400,0.554800,0.882200,13.374557,36.868010,0.993976
airplane,airplane_0348.jpg,15087,7929,1.902762,47.444820,0.396400,0.440700,0.837100,14.853379,36.412551,0.995672
airplane,airplane_0349.jpg,9451,5217,1.811578,44.799492,0.291200,0.459900,0.751100,12.438048,37.183281,0.995615
airplane,airplane_0350.jpg,13533,6997,1.934115,48.296756,0.361900,0.366700,0.728600,12.895419,37.026449,0.998005
airplane,airplane_0351.jpg,9676,5080,1.904724,47.498967,0.258400,0.244300,0.502700,21.236852,34.859902,0.994788
airplane,airplane_0352.jpg,8518,4419,1.927585,48.121625,0.221700,0.247000,0.468700,22.982618,34.516809,0.996026
airplane,airplane_0353.jpg,13101,7283,1.798847,44.408824,0.331200,0.372500,0.703700,15.298284,36.284376,0.998084
airplane,airplane_0354.jpg,9363,4826,1.940116,48.456691,0.245600,0.228100,0.473700,20.155731,35.086818,0.996595
airplane,airplane_0355.jpg,10013,5664,1.767832,43.433536,0.515000,0.325900,0.840900,14.685954,36.461782,0.995418
airplane,airplane_0356.jpg,9230,4925,1.874112,46.641387,0.253700,0.277400,0.531100,20.238584,35.069002,0.993117
airplane,airplane_0357.jpg,9574,5222,1.833397,45.456445,0.252400,0.241000,0.493400,23.374057,34.443463,0.994107
airplane,airplane_0358.jpg,12913,7120,1.813624,44.861767,0.419700,0.467400,0.887100,12.033832,37.326764,0.998048
airplane,airplane_0359.jpg,19753,10487,1.883570,46.909330,1.589400,0.447800,2.037200,16.994280,35.827776,0.996505
airplane,airplane_0360.jpg,11483,5927,1.937405,48.384568,0.249900,0.261700,0.511600,23.703767,34.382630,0.995565
airplane,airplane_0361.jpg,10532,5597,1.881722,46.857197,0.194000,0.254500,0.448500,21.944530,34.717541,0.993177
airplane,airplane_0362.jpg,10704,5654,1.893173,47.178625,0.374300,0.281700,0.656000,19.745139,35.176202,0.996676
airplane,airplane_0363.jpg,11750,5991,1.961275,49.012766,0.396900,0.330000,0.726900,23.970411,34.334049,0.994731
airplane,airplane_0364.jpg,9660,5474,1.764706,43.333333,0.336900,0.310300,0.647200,20.043030,35.111170,0.996237
airplane,airplane_0365.jpg,10299,5752,1.790508,44.149917,0.304500,0.301300,0.605800,15.570681,36.207728,0.996734
airplane,airplane_0366.jpg,10083,5347,1.885730,46.970148,0.261300,0.299400,0.560700,18.637486,35.426930,0.993269
airplane,airplane_0367.jpg,9637,5026,1.917429,47.846840,0.261800,0.769600,1.031400,22.192963,34.668651,0.996023
airplane,airplane_0368.jpg,9320,4809,1.938033,48.401288,0.535100,0.346400,0.881500,22.126868,34.681604,0.995368
airplane,airplane_0369.jpg,12367,6423,1.925424,48.063395,0.650500,0.656600,1.307100,19.782479,35.167997,0.991829
airplane,airplane_0370.jpg,11480,5997,1.914290,47.761324,0.184500,0.454300,0.638800,25.599203,34.048539,0.993790
airplane,airplane_0371.jpg,12040,6232,1.931964,48.239203,0.293600,0.316200,0.609800,21.334302,34.840019,0.995847
airplane,airplane_0372.jpg,8913,4659,1.913071,47.728038,0.206900,0.252900,0.459800,13.126693,36.949250,0.998462
airplane,airplane_0373.jpg,11467,5835,1.965210,49.114851,0.315200,0.349300,0.664500,15.960305,36.100392,0.998692
airplane,airplane_0374.jpg,11834,6242,1.895867,47.253676,0.231100,0.370200,0.601300,16.537010,35.946234,0.997099
airplane,airplane_0375.jpg,14076,7711,1.825444,45.218812,0.399500,0.448900,0.848400,15.457574,36.239390,0.997718
airplane,airplane_0376.jpg,11402,6059,1.881829,46.860200,0.347800,0.371200,0.719000,10.985987,37.722413,0.998473
airplane,airplane_0377.jpg,8336,4622,1.803548,44.553743,0.250300,0.251200,0.501500,12.333418,37.219969,0.997838
airplane,airplane_0378.jpg,20065,10283,1.951279,48.751557,0.423300,0.595600,1.018900,31.190123,33.190633,0.994346
airplane,airplane_0379.jpg,13998,7427,1.884745,46.942420,0.311300,0.349300,0.660600,24.129519,34.305317,0.995506
airplane,airplane_0380.jpg,14293,7542,1.895121,47.232911,0.639700,0.330400,0.970100,20.720161,34.966872,0.990992
airplane,airplane_0381.jpg,14825,7612,1.947583,48.654300,2.266200,0.325700,2.591900,30.161933,33.336212,0.994618
airplane,airplane_0382.jpg,14974,8007,1.870114,46.527314,0.373100,0.393400,0.766500,14.526339,36.509242,0.994020
airplane,airplane_0383.jpg,9877,5950,1.660000,39.759036,0.276800,0.344400,0.621200,3.180384,43.106008,0.999801
airplane,airplane_0384.jpg,13554,7317,1.852399,46.015936,0.353500,0.489900,0.843400,12.994598,36.993175,0.996045
airplane,airplane_0385.jpg,11555,5830,1.981990,49.545651,0.333400,0.369500,0.702900,13.607953,36.792876,0.994250
airplane,airplane_0386.jpg,19215,9729,1.975023,49.367681,0.416800,0.400300,0.817100,31.427648,33.157685,0.994550
airplane,airplane_0387.jpg,8959,5032,1.780405,43.833017,0.273000,0.262000,0.535000,12.237131,37.254007,0.994511
airplane,airplane_0388.jpg,13871,7129,1.945715,48.605003,0.685300,0.332800,1.018100,35.292347,32.653998,0.994338
airplane,airplane_0389.jpg,16341,8472,1.928824,48.154948,0.392100,0.392700,0.784800,32.601201,32.998468,0.994420
airplane,airplane_0390.jpg,17646,9494,1.858648,46.197439,0.462900,0.450800,0.913700,20.572659,34.997899,0.997754
airplane,airplane_0391.jpg,15929,8072,1.973365,49.325130,0.371500,0.381600,0.753100,23.073815,34.499610,0.995437
airplane,airplane_0392.jpg,11047,6094,1.812767,44.835702,0.329700,0.320000,0.649700,11.461902,37.538237,0.998021
airplane,airplane_0393.jpg,12755,6479,1.968668,49.204234,0.528500,0.372700,0.901200,17.568846,35.683371,0.997313
airplane,airplane_0394.jpg,12218,7287,1.676685,40.358487,0.458300,0.390900,0.849200,2.698680,43.819290,0.999905
airplane,airplane_0395.jpg,11391,5879,1.937574,48.389079,0.455800,0.338200,0.794000,15.274480,36.291139,0.997133
airplane,airplane_0396.jpg,11550,6165,1.873479,46.623377,0.370400,0.383900,0.754300,13.202935,36.924099,0.997886
airplane,airplane_0397.jpg,9240,5080,1.818898,45.021645,1.609400,0.253000,1.862400,13.873579,36.708919,0.997845
airplane,airplane_0398.jpg,11669,6031,1.934837,48.316051,0.254600,0.286600,0.541200,17.314228,35.746772,0.997481
airplane,airplane_0399.jpg,7653,4179,1.831299,45.393963,0.384400,0.297200,0.681600,13.215229,36.920057,0.996855
airplane,airplane_0400.jpg,11869,5985,1.983124,49.574522,0.324100,0.279100,0.603200,18.041010,35.568195,0.997412
airplane,airplane_0401.jpg,10040,5233,1.918594,47.878486,0.264500,0.317800,0.582300,18.937164,35.357654,0.997018
airplane,airplane_0402.jpg,9375,4820,1.945021,48.586667,0.218800,0.246400,0.465200,20.765257,34.957431,0.996334
airplane,airplane_0403.jpg,13617,6929,1.965219,49.115077,0.425100,0.422000,0.847100,19.138439,35.311739,0.996750
airplane,airplane_0404.jpg,10725,5632,1.904297,47.487179,0.333800,1.682500,2.016300,14.714378,36.453385,0.997206
airplane,airplane_0405.jpg,9831,5243,1.875072,46.668701,0.225500,0.403900,0.629400,15.087129,36.344738,0.996605
airplane,airplane_0406.jpg,11942,6106,1.955781,48.869536,0.345600,0.486800,0.832400,16.132380,36.053819,0.996062
airplane,airplane_0407.jpg,12147,6292,1.930547,48.201202,0.342500,0.353100,0.695600,18.272786,35.512756,0.996908
airplane,airplane_0408.jpg,11514,6186,1.861300,46.274101,0.444400,0.803700,1.248100,14.715279,36.453119,0.996268
airplane,airplane_0409.jpg,11368,5968,1.904826,47.501759,0.361500,0.482100,0.843600,11.772448,37.422136,0.997398
airplane,airplane_0410.jpg,8436,4511,1.870095,46.526790,0.247300,0.241600,0.488900,19.273789,35.281133,0.994437
airplane,airplane_0411.jpg,17426,8792,1.982029,49.546654,0.353100,0.382300,0.735400,23.567737,34.407625,0.996105
airplane,airplane_0412.jpg,8634,4531,1.905540,47.521427,0.211400,0.249000,0.460400,21.593750,34.787523,0.995039
airplane,airplane_0413.jpg,12880,6727,1.914672,47.771739,0.321100,0.297900,0.619000,16.758697,35.888401,0.995897
airplane,airplane_0414.jpg,13542,7197,1.881617,46.854231,0.370900,0.361600,0.732500,14.713801,36.453555,0.996045
airplane,airplane_0415.jpg,9948,5280,1.884091,46.924005,0.316400,0.289900,0.606300,12.630126,37.116727,0.993197
airplane,airplane_0416.jpg,11150,6002,1.857714,46.170404,0.318400,0.319400,0.637800,15.729288,36.163713,0.995988
airplane,airplane_0417.jpg,10953,5688,1.925633,48.069022,9.990600,0.305200,10.295800,18.283136,35.510297,0.995032
airplane,airplane_0418.jpg,10194,5427,1.878386,46.762802,0.263600,0.300100,0.563700,16.579195,35.935169,0.995569
airplane,airplane_0419.jpg,8763,4627,1.893884,47.198448,0.237400,0.219400,0.456800,19.898657,35.142566,0.996789
airplane,airplane_0420.jpg,14735,7806,1.887651,47.024092,0.334700,0.425300,0.760000,18.281357,35.510719,0.997605
airplane,airplane_0421.jpg,13933,7157,1.946765,48.632742,0.301600,7.034700,7.336300,16.896388,35.852865,0.997734
airplane,airplane_0422.jpg,14361,7825,1.835272,45.512151,0.373600,0.359200,0.732800,12.870361,37.034896,0.998564
airplane,airplane_0423.jpg,14600,8076,1.807826,44.684932,0.307900,0.332200,0.640100,23.415566,34.435757,0.997079
airplane,airplane_0424.jpg,13249,7109,1.863694,46.343120,0.292400,0.338000,0.630400,20.184805,35.080558,0.996306
airplane,airplane_0425.jpg,16514,8634,1.912671,47.717089,0.440500,0.340800,0.781300,26.607069,33.880833,0.996326
airplane,airplane_0426.jpg,13756,7250,1.897379,47.295726,0.316000,0.301700,0.617700,23.306410,34.456050,0.996352
airplane,airplane_0427.jpg,13954,7352,1.897987,47.312599,0.361400,0.365600,0.727000,19.326227,35.269333,0.997045
airplane,airplane_0428.jpg,11914,6344,1.877995,46.751721,0.325400,0.374000,0.699400,16.877394,35.857750,0.997640
airplane,airplane_0429.jpg,14928,8093,1.844557,45.786442,0.338000,0.343800,0.681800,21.183474,34.870832,0.996834
airplane,airplane_0430.jpg,15010,7993,1.877893,46.748834,0.321100,0.366700,0.687800,27.039911,33.810751,0.996914
airplane,airplane_0431.jpg,14224,7427,1.915174,47.785433,0.340800,0.305500,0.646300,27.405706,33.752394,0.996882
airplane,airplane_0432.jpg,13557,7038,1.926257,48.085860,0.306200,0.259900,0.566100,21.407506,34.825143,0.997506
airplane,airplane_0433.jpg,14051,7293,1.926642,48.096221,0.297500,0.525800,0.823300,25.609489,34.046795,0.997004
airplane,airplane_0434.jpg,14158,7750,1.826839,45.260630,0.339100,0.385800,0.724900,13.309638,36.889141,0.998440
airplane,airplane_0435.jpg,12519,6656,1.880859,46.832814,0.350500,0.350100,0.700600,16.103869,36.061501,0.997446
airplane,airplane_0436.jpg,14395,7628,1.887126,47.009378,0.323900,0.313200,0.637100,21.574705,34.791355,0.996079
airplane,airplane_0437.jpg,15111,7615,1.984373,49.606247,0.693600,0.370900,1.064500,18.327479,35.499776,0.992952
airplane,airplane_0438.jpg,13822,7364,1.876969,46.722616,0.370200,0.394300,0.764500,13.434798,36.848492,0.994220
airplane,airplane_0439.jpg,10463,5684,1.840781,45.675237,0.302700,0.281800,0.584500,19.085287,35.323817,0.996059
airplane,airplane_0440.jpg,7607,3960,1.920960,47.942684,0.227600,0.320600,0.548200,15.236173,36.302045,0.998204
airplane,airplane_0441.jpg,10780,5568,1.936063,48.348794,0.288500,0.287600,0.576100,23.995899,34.329433,0.996374
airplane,airplane_0442.jpg,9775,4870,2.007187,50.179028,0.277200,0.268700,0.545900,15.848858,36.130824,0.996877
airplane,airplane_0443.jpg,10088,5417,1.862285,46.302538,0.281200,0.299100,0.580300,13.839252,36.719677,0.996655
airplane,airplane_0444.jpg,9519,4868,1.955423,48.860174,0.263100,0.292600,0.555700,19.957151,35.129818,0.996410
airplane,airplane_0445.jpg,10091,5393,1.871129,46.556337,0.284500,0.311400,0.595900,15.405587,36.254021,0.996752
airplane,airplane_0446.jpg,10376,5249,1.976757,49.412105,0.264100,0.264300,0.528400,18.083523,35.557973,0.997038
airplane,airplane_0447.jpg,12631,6292,2.007470,50.186050,0.305700,0.331600,0.637300,22.819932,34.547660,0.995675
airplane,airplane_0448.jpg,10950,5696,1.922402,47.981735,0.242900,0.317500,0.560400,17.251216,35.762606,0.996953
airplane,airplane_0449.jpg,12748,6442,1.978889,49.466583,0.339300,0.372000,0.711300,20.833276,34.943228,0.995820
airplane,airplane_0450.jpg,14030,7582,1.850435,45.958660,0.337100,0.338500,0.675600,16.971698,35.833551,0.997601
airplane,airplane_0451.jpg,12228,6917,1.767818,43.433104,0.250900,0.298000,0.548900,18.479629,35.463871,0.996719
airplane,airplane_0452.jpg,12558,6812,1.843511,45.755694,0.318400,0.626100,0.944500,19.550039,35.219327,0.995781
airplane,airplane_0453.jpg,13807,6737,2.049429,51.205910,0.301400,0.360200,0.661600,17.627820,35.668818,0.993930
airplane,airplane_0454.jpg,13539,7050,1.920426,47.928207,0.282100,0.317600,0.599700,20.515851,35.009908,0.995169
airplane,airplane_0455.jpg,18006,9071,1.985007,49.622348,0.304900,0.414900,0.719800,31.067305,33.207768,0.995828
airplane,airplane_0456.jpg,14114,7480,1.886898,47.002976,0.323600,0.406800,0.730400,17.232888,35.767223,0.998188
airplane,airplane_0457.jpg,15524,8012,1.937594,48.389590,0.355000,0.356300,0.711300,21.663843,34.773449,0.998063
airplane,airplane_0458.jpg,12767,6515,1.959632,48.970001,0.336000,0.303000,0.639000,21.902826,34.725802,0.996113
airplane,airplane_0459.jpg,15189,7880,1.927538,48.120350,0.365100,0.552600,0.917700,23.141983,34.486798,0.997303
airplane,airplane_0460.jpg,10559,5575,1.893991,47.201440,0.243800,0.260700,0.504500,21.295251,34.847976,0.997507
airplane,airplane_0461.jpg,14875,7952,1.870599,46.541176,0.364500,0.385200,0.749700,18.595293,35.436773,0.997675
airplane,airplane_0462.jpg,12588,6861,1.834718,45.495710,0.326800,0.627400,0.954200,17.299437,35.750484,0.997395
airplane,airplane_0463.jpg,13533,7326,1.847256,45.865662,0.361700,0.366600,0.728300,16.036319,36.079757,0.996702
airplane,airplane_0464.jpg,13537,7261,1.864344,46.361823,0.312100,0.310500,0.622600,21.774564,34.751309,0.995321
airplane,airplane_0465.jpg,14574,7767,1.876400,46.706464,0.636600,0.371800,1.008400,23.451867,34.429029,0.995081
airplane,airplane_0466.jpg,12851,6673,1.925820,48.074080,0.401600,0.372100,0.773700,14.954238,36.383161,0.997260
airplane,airplane_0467.jpg,16396,8559,1.915644,47.798243,0.408000,0.443200,0.851200,18.276740,35.511816,0.996482
airplane,airplane_0468.jpg,11217,5650,1.985310,49.630026,0.307900,0.376300,0.684200,23.873328,34.351674,0.996712
airplane,airplane_0469.jpg,11847,6010,1.971215,49.269857,0.315400,0.355700,0.671100,23.019822,34.509784,0.996272
airplane,airplane_0470.jpg,11644,6182,1.883533,46.908279,0.342900,0.456600,0.799500,20.765832,34.957310,0.996853
airplane,airplane_0471.jpg,12673,6766,1.873042,46.610905,0.347500,0.354300,0.701800,20.418283,35.030611,0.997295
airplane,airplane_0472.jpg,11068,6037,1.833361,45.455367,0.324700,0.281200,0.605900,16.387467,35.985685,0.997589
airplane,airplane_0473.jpg,10200,6293,1.620849,38.303922,0.363800,0.375900,0.739700,3.558136,42.618579,0.999814
airplane,airplane_0474.jpg,10912,5606,1.946486,48.625367,0.304500,0.307300,0.611800,21.792440,34.747745,0.997035
airplane,airplane_0475.jpg,19074,10249,1.861060,46.267170,0.407600,0.426500,0.834100,30.254465,33.322909,0.994328
airplane,airplane_0476.jpg,10830,5476,1.977721,49.436750,0.304700,0.342800,0.647500,20.725992,34.965650,0.996916
airplane,airplane_0477.jpg,9934,5435,1.827783,45.288907,0.313900,1.150900,1.464800,13.621842,36.788445,0.997789
airplane,airplane_0478.jpg,8957,4559,1.964685,49.101262,0.303900,0.353200,0.657100,13.893474,36.702695,0.995767
airplane,airplane_0479.jpg,15098,7740,1.950646,48.734932,0.487300,0.585800,1.073100,12.458165,37.176263,0.997455
airplane,airplane_0480.jpg,9503,4908,1.936227,48.353152,0.404100,0.356400,0.760500,11.255062,37.617325,0.995973
airplane,airplane_0481.jpg,17721,9022,1.964199,49.088652,0.687400,0.445200,1.132600,19.494605,35.231659,0.996781
airplane,airplane_0482.jpg,16686,8506,1.961674,49.023133,0.445300,0.441100,0.886400,20.688841,34.973442,0.996584
airplane,airplane_0483.jpg,13876,6913,2.007233,50.180167,0.386800,0.657300,1.044100,17.282981,35.754617,0.997304
airplane,airplane_0484.jpg,11858,6370,1.861538,46.280992,0.333600,0.364700,0.698300,23.521773,34.416103,0.995065
airplane,airplane_0485.jpg,15786,8433,1.871932,46.579247,0.395300,0.434700,0.830000,24.545268,34.231126,0.996519
airplane,airplane_0486.jpg,18266,9246,1.975557,49.381364,0.454600,0.474100,0.928700,25.129440,34.128975,0.994759
airplane,airplane_0487.jpg,13374,7183,1.861896,46.291311,0.763100,0.395400,1.158500,16.813293,35.874276,0.995872
airplane,airplane_0488.jpg,15729,8360,1.881459,46.849768,0.457900,0.579700,1.037600,17.982764,35.582239,0.996609
airplane,airplane_0489.jpg,10252,5470,1.874223,46.644557,0.443500,0.312900,0.756400,18.338911,35.497068,0.997064
airplane,airplane_0490.jpg,14173,7968,1.778740,43.780428,0.417700,0.402300,0.820000,15.841419,36.132863,0.997444
airplane,airplane_0491.jpg,11766,6441,1.826735,45.257522,0.356100,0.350300,0.706400,25.100650,34.133954,0.996885
airplane,airplane_0492.jpg,11875,6481,1.832279,45.423158,0.327000,0.399400,0.726400,27.946987,33.667454,0.996191
airplane,airplane_0493.jpg,11725,6642,1.765282,43.351812,0.863500,0.361200,1.224700,23.349911,34.447951,0.997014
airplane,airplane_0494.jpg,16459,8837,1.862510,46.309010,0.467700,0.665800,1.133500,19.800016,35.164148,0.996510
airplane,airplane_0495.jpg,17011,9225,1.844011,45.770384,0.530300,0.596400,1.126700,19.727725,35.180034,0.995467
airplane,airplane_0496.jpg,15943,8317,1.916917,47.832905,3.291700,0.548400,3.840100,18.219984,35.525324,0.995252
airplane,airplane_0497.jpg,11029,5872,1.878236,46.758546,0.327100,0.394600,0.721700,24.050859,34.319498,0.995978
airplane,airplane_0498.jpg,10781,5753,1.873979,46.637603,0.284200,0.478700,0.762900,21.160811,34.875481,0.995801
airplane,airplane_0499.jpg,10795,5735,1.882302,46.873553,0.301200,0.318400,0.619600,20.687853,34.973649,0.995840
car,car_0000.jpg,15323,4896,3.129698,68.048032,0.151700,0.231700,0.383400,55.498767,30.687970,0.993925
car,car_0001.jpg,9314,3165,2.942812,66.018896,0.181800,0.224500,0.406300,28.356967,33.604206,0.997181
car,car_0002.jpg,10754,3529,3.047322,67.184304,0.186500,0.181100,0.367600,29.379233,33.450399,0.996391
car,car_0003.jpg,11389,3630,3.137466,68.127140,0.238000,0.224900,0.462900,29.706300,33.402318,0.996932
car,car_0004.jpg,10828,3436,3.151339,68.267455,0.191600,0.192200,0.383800,25.442100,34.075274,0.997097
car,car_0005.jpg,10461,3518,2.973565,66.370328,0.190500,0.197400,0.387900,31.734433,33.115496,0.996810
car,car_0006.jpg,14074,4486,3.137316,68.125622,0.204000,0.236700,0.440700,43.332767,31.762639,0.995087
car,car_0007.jpg,11213,3382,3.315494,69.838580,0.196100,0.200500,0.396600,26.322367,33.927554,0.994287
car,car_0008.jpg,13407,4465,3.002688,66.696502,0.207400,0.190600,0.398000,38.736000,32.249656,0.995833
car,car_0009.jpg,12593,4041,3.116308,67.910744,0.176400,0.173700,0.350100,38.035433,32.328920,0.995219
car,car_0010.jpg,12010,3735,3.215529,68.900916,0.169400,0.190800,0.360200,37.517533,32.388461,0.995213
car,car_0011.jpg,12571,3786,3.320391,69.883064,0.219400,0.198400,0.417800,35.655100,32.609587,0.997114
car,car_0012.jpg,13835,4299,3.218190,68.926635,0.200000,0.194800,0.394800,38.232767,32.306446,0.995394
car,car_0013.jpg,13204,4317,3.058606,67.305362,0.188500,0.211600,0.400100,40.661033,32.039019,0.995136
car,car_0014.jpg,9781,3111,3.144005,68.193436,0.189100,0.176300,0.365400,22.133700,34.680263,0.997885
car,car_0015.jpg,12523,3976,3.149648,68.250419,0.160300,0.287700,0.448000,37.684133,32.369218,0.995225
car,car_0016.jpg,12772,3948,3.235056,69.088631,0.164100,0.224100,0.388200,39.268800,32.190327,0.994823
car,car_0017.jpg,11345,3345,3.391629,70.515646,1.899600,0.210000,2.109600,29.840900,33.382684,0.995207
car,car_0018.jpg,10930,3490,3.131805,68.069533,0.187500,0.239500,0.427000,30.931567,33.226784,0.997540
car,car_0019.jpg,10438,3126,3.339091,70.051734,0.192400,0.254900,0.447300,30.095200,33.345831,0.996753
car,car_0020.jpg,12780,3896,3.280287,69.514867,0.190400,0.226100,0.416500,34.045633,32.810189,0.997150
car,car_0021.jpg,11699,3497,3.345439,70.108556,0.189200,0.212200,0.401400,36.209700,32.542554,0.994552
car,car_0022.jpg,14783,4825,3.063834,67.361158,0.184500,0.233600,0.418100,53.188033,30.872664,0.994863
car,car_0023.jpg,12725,3937,3.232156,69.060904,0.180100,0.237800,0.417900,36.860333,32.465211,0.994194
car,car_0024.jpg,10663,3272,3.258863,69.314452,0.174400,0.240800,0.415200,27.608800,33.720328,0.996988
car,car_0025.jpg,12561,3879,3.238206,69.118701,0.183100,0.189200,0.372300,36.128867,32.552260,0.996285
car,car_0026.jpg,11155,3372,3.308126,69.771403,0.193300,0.193100,0.386400,26.500800,33.898214,0.996998
car,car_0027.jpg,11274,3508,3.213797,68.884158,0.189600,0.229800,0.419400,30.916633,33.228882,0.996135
car,car_0028.jpg,12873,4030,3.194293,68.694166,0.197400,0.198300,0.395700,43.839300,31.712167,0.995507
car,car_0029.jpg,13025,4225,3.082840,67.562380,0.191700,0.198200,0.389900,39.173533,32.200876,0.995656
car,car_0030.jpg,12718,3980,3.195477,68.705771,0.175300,0.198000,0.373300,31.980867,33.081901,0.996951
car,car_0031.jpg,12414,3804,3.263407,69.357177,0.190300,0.180900,0.371200,36.921800,32.457975,0.995756
car,car_0032.jpg,11543,3539,3.261656,69.340726,0.186000,0.217800,0.403800,29.487067,33.434488,0.997131
car,car_0033.jpg,15396,4824,3.191542,68.667186,0.204400,0.206100,0.410500,56.644867,30.599198,0.994779
car,car_0034.jpg,13252,4132,3.207164,68.819801,0.189500,0.206100,0.395600,36.969533,32.452364,0.995407
car,car_0035.jpg,12116,3681,3.291497,69.618686,0.177700,0.178100,0.355800,32.369633,33.029426,0.996790
car,car_0036.jpg,11920,3739,3.188018,68.632550,0.184800,0.182200,0.367000,34.553200,32.745921,0.995693
car,car_0037.jpg,10597,3154,3.359860,70.236859,0.183900,0.186700,0.370600,26.927200,33.828892,0.997189
car,car_0038.jpg,11906,3879,3.069348,67.419788,0.441200,0.195400,0.636600,33.118100,32.930149,0.994320
car,car_0039.jpg,12017,3721,3.229508,69.035533,0.207000,0.217600,0.424600,31.700533,33.120138,0.996315
car,car_0040.jpg,13411,4290,3.126107,68.011334,0.222000,0.203300,0.425300,39.971567,32.113292,0.995974
car,car_0041.jpg,11911,3683,3.234048,69.079003,0.186800,0.199900,0.386700,31.874700,33.096343,0.997271
car,car_0042.jpg,13101,4020,3.258955,69.315319,0.195200,0.196800,0.392000,42.310133,31.866360,0.993878
car,car_0043.jpg,10189,3538,2.879876,65.276278,0.195100,0.198100,0.393200,29.246500,33.470065,0.998087
car,car_0044.jpg,12620,3915,3.223499,68.977813,0.185600,0.182000,0.367600,30.938933,33.225750,0.997127
car,car_0045.jpg,11603,3609,3.215018,68.895975,0.168900,0.210800,0.379700,30.663667,33.264563,0.995988
car,car_0046.jpg,10158,3326,3.054119,67.257334,0.182000,0.191500,0.373500,29.658300,33.409341,0.996111
car,car_0047.jpg,11398,3525,3.233475,69.073522,0.233300,0.196800,0.430100,33.020733,32.942936,0.995517
car,car_0048.jpg,9500,3224,2.946650,66.063158,0.195800,0.182800,0.378600,27.221300,33.781715,0.997839
car,car_0049.jpg,10755,3333,3.226823,69.009763,0.184500,0.200400,0.384900,24.212967,34.290324,0.995446
car,car_0050.jpg,11295,3549,3.182587,68.579017,0.193600,0.202800,0.396400,34.848400,32.708975,0.996011
car,car_0051.jpg,12206,3794,3.217185,68.916926,0.194900,0.224700,0.419600,34.201100,32.790403,0.997304
car,car_0052.jpg,10644,3369,3.159394,68.348365,0.189900,0.205300,0.395200,29.682200,33.405843,0.997119
car,car_0053.jpg,13627,4376,3.114031,67.887283,0.199400,0.197800,0.397200,38.252367,32.304221,0.995462
car,car_0054.jpg,11205,3471,3.228176,69.022758,0.196800,0.197200,0.394000,30.080300,33.347982,0.996197
car,car_0055.jpg,12492,3889,3.212137,68.868076,0.200700,0.176300,0.377000,41.359400,31.965061,0.996491
car,car_0056.jpg,11995,3617,3.316284,69.845769,0.205000,0.194000,0.399000,30.655033,33.265786,0.995652
car,car_0057.jpg,10925,3322,3.288682,69.592677,0.201400,0.185900,0.387300,28.050467,33.651403,0.996835
car,car_0058.jpg,11900,3578,3.325880,69.932773,0.193500,0.522900,0.716400,32.076933,33.068875,0.996820
car,car_0059.jpg,12870,4062,3.168390,68.438228,0.194200,5.095500,5.289700,32.358533,33.030915,0.997496
car,car_0060.jpg,12049,3781,3.186723,68.619802,0.292400,1.139600,1.432000,38.091767,32.322492,0.997023
car,car_0061.jpg,12268,3863,3.175770,68.511575,0.182100,0.433400,0.615500,34.251433,32.784016,0.995327
car,car_0062.jpg,12230,3788,3.228617,69.026983,0.195400,0.218500,0.413900,37.808533,32.354905,0.995378
car,car_0063.jpg,11094,3420,3.243860,69.172526,0.183400,0.211900,0.395300,25.929433,33.992873,0.995932
car,car_0064.jpg,12813,3870,3.310853,69.796301,0.199300,0.195400,0.394700,32.518500,33.009499,0.995176
car,car_0065.jpg,10429,3416,3.052986,67.245182,0.412700,0.182700,0.595400,31.158433,33.195047,0.997753
car,car_0066.jpg,12923,3894,3.318695,69.867678,0.217200,0.217900,0.435100,38.608533,32.263971,0.994556
car,car_0067.jpg,10709,3234,3.311379,69.801102,0.200000,0.194100,0.394100,29.159833,33.482953,0.997177
car,car_0068.jpg,11822,3563,3.317990,69.861276,0.195800,0.220300,0.416100,33.886800,32.830498,0.996051
car,car_0069.jpg,11872,3559,3.335768,70.021900,0.189800,0.196000,0.385800,29.150233,33.484383,0.996893
car,car_0070.jpg,11301,3500,3.228857,69.029289,0.188900,0.192400,0.381300,31.747033,33.113772,0.995537
car,car_0071.jpg,9734,3215,3.027683,66.971440,0.169500,0.182300,0.351800,29.992167,33.360725,0.992620
car,car_0072.jpg,12676,4000,3.169000,68.444304,0.218000,0.231800,0.449800,34.221700,32.787788,0.995727
car,car_0073.jpg,9423,3305,2.851135,64.926244,0.172800,0.204800,0.377600,27.385133,33.755655,0.997749
car,car_0074.jpg,11386,3518,3.236498,69.102406,0.189700,0.202500,0.392200,28.147567,33.636395,0.997173
car,car_0075.jpg,13110,3969,3.303099,69.725400,0.185400,0.198300,0.383700,32.707000,32.984396,0.996824
car,car_0076.jpg,13069,4143,3.154477,68.299028,0.184400,0.276000,0.460400,38.542533,32.271401,0.996667
car,car_0077.jpg,12526,3913,3.201124,68.760977,0.187400,0.242000,0.429400,45.931100,31.509735,0.994012
car,car_0078.jpg,12215,3888,3.141718,68.170282,0.305200,0.219100,0.524300,33.034633,32.941109,0.995558
car,car_0079.jpg,12750,4004,3.184316,68.596078,0.334900,0.263800,0.598700,36.676733,32.486897,0.995556
car,car_0080.jpg,10869,3368,3.227138,69.012789,0.198900,0.220500,0.419400,27.116233,33.798510,0.996986
car,car_0081.jpg,9916,3243,3.057663,67.295280,0.207900,0.230600,0.438500,21.622733,34.781698,0.997288
car,car_0082.jpg,11920,3838,3.105784,67.802013,0.202900,0.200800,0.403700,36.510133,32.506669,0.993541
car,car_0083.jpg,11085,3378,3.281528,69.526387,0.209200,0.214200,0.423400,29.480000,33.435529,0.994025
car,car_0084.jpg,13110,4158,3.152958,68.283753,1.196100,0.222600,1.418700,34.561467,32.744882,0.994691
car,car_0085.jpg,12422,3806,3.263794,69.360811,0.198400,0.209900,0.408300,33.564300,32.872028,0.995803
car,car_0086.jpg,14196,4508,3.149068,68.244576,0.228300,0.246100,0.474400,37.328333,32.410418,0.997822
car,car_0087.jpg,13746,4525,3.037790,67.081333,0.196100,0.251500,0.447600,42.608733,31.835817,0.996942
car,car_0088.jpg,10428,3360,3.103571,67.779056,0.297300,0.370700,0.668000,23.088067,34.496928,0.997165
car,car_0089.jpg,10621,3234,3.284168,69.550890,0.204800,0.234200,0.439000,23.200667,34.475799,0.995203
car,car_0090.jpg,10956,3448,3.177494,68.528660,0.193800,0.218100,0.411900,25.996433,33.981666,0.996341
car,car_0091.jpg,12440,3858,3.224469,68.987138,0.211600,0.239900,0.451500,38.122433,32.318997,0.996318
car,car_0092.jpg,11172,3366,3.319073,69.871106,0.195600,0.191700,0.387300,31.674567,33.123697,0.992285
car,car_0093.jpg,11423,3601,3.172174,68.475882,0.169200,0.170500,0.339700,30.289367,33.317902,0.996325
car,car_0094.jpg,10322,3215,3.210575,68.852935,0.172400,0.216200,0.388600,21.659267,34.774366,0.998384
car,car_0095.jpg,10950,3327,3.291253,69.616438,0.196300,0.206300,0.402600,28.324767,33.609140,0.996419
car,car_0096.jpg,12482,4007,3.115049,67.897773,0.193500,0.274600,0.468100,36.009300,32.566657,0.996756
car,car_0097.jpg,13514,4230,3.194799,68.699127,0.200900,0.205100,0.406000,45.550733,31.545850,0.996162
car,car_0098.jpg,12220,3752,3.256930,69.296236,0.220100,0.226200,0.446300,33.522167,32.877483,0.996385
car,car_0099.jpg,11519,3528,3.265023,69.372341,0.197300,0.251500,0.448800,31.667900,33.124611,0.996175
car,car_0100.jpg,12290,3844,3.197190,68.722539,0.170300,0.587400,0.757700,33.026600,32.942165,0.995450
car,car_0101.jpg,11616,3584,3.241071,69.146006,0.191500,0.193800,0.385300,31.980800,33.081910,0.994877
car,car_0102.jpg,12246,4108,2.981013,66.454352,0.188600,0.438400,0.627000,31.651333,33.126884,0.995875
car,car_0103.jpg,12309,3797,3.241770,69.152653,0.189900,0.184200,0.374100,31.816900,33.104225,0.996998
car,car_0104.jpg,12250,3848,3.183472,68.587755,0.178800,0.211000,0.389800,35.297267,32.653393,0.995406
car,car_0105.jpg,10558,3201,3.298344,69.681758,0.181400,0.181700,0.363100,25.271033,34.104574,0.997022
car,car_0106.jpg,10775,3457,3.116864,67.916473,0.214600,0.631400,0.846000,30.622033,33.270463,0.997449
car,car_0107.jpg,11924,3612,3.301218,69.708152,0.179000,0.223600,0.402600,28.851100,33.529180,0.996087
car,car_0108.jpg,12632,3971,3.181063,68.563965,0.215500,0.234300,0.449800,42.172933,31.880466,0.995886
car,car_0109.jpg,14272,4648,3.070568,67.432735,0.211300,0.224100,0.435400,44.984367,31.600188,0.996448
car,car_0110.jpg,11385,3571,3.188183,68.634168,0.178000,0.199000,0.377000,29.017000,33.504279,0.997735
car,car_0111.jpg,10684,3059,3.492645,71.368401,0.198100,0.202100,0.400200,21.557900,34.794739,0.997870
car,car_0112.jpg,11541,3572,3.230963,69.049476,0.310900,0.227600,0.538500,28.503167,33.581872,0.995708
car,car_0113.jpg,11135,3483,3.196957,68.720251,0.195800,0.218500,0.414300,29.917667,33.371526,0.996405
car,car_0114.jpg,11137,3312,3.362621,70.261291,0.183000,0.190900,0.373900,25.843367,34.007313,0.995419
car,car_0115.jpg,11308,3370,3.355490,70.198090,0.494600,0.214200,0.708800,24.867600,34.174465,0.997435
car,car_0116.jpg,11711,3620,3.235083,69.088891,0.312100,0.206800,0.518900,34.182133,32.792812,0.996127
car,car_0117.jpg,11300,3417,3.306994,69.761062,0.189700,0.196000,0.385700,28.866000,33.526938,0.996350
car,car_0118.jpg,12172,3630,3.353168,70.177456,0.199700,0.196900,0.396600,31.553933,33.140269,0.997029
car,car_0119.jpg,12082,3761,3.212443,68.871048,0.268300,0.241600,0.509900,34.187967,32.792071,0.996273
car,car_0120.jpg,13251,4091,3.239061,69.126858,0.205200,0.189400,0.394600,33.661667,32.859447,0.993886
car,car_0121.jpg,12065,3657,3.299152,69.689184,0.187000,0.187100,0.374100,32.653233,32.991542,0.995430
car,car_0122.jpg,12768,4019,3.176910,68.522870,0.230200,0.229700,0.459900,31.736100,33.115268,0.997812
car,car_0123.jpg,11428,3223,3.545765,71.797340,0.192600,0.209100,0.401700,29.039300,33.500942,0.995312
car,car_0124.jpg,11623,3662,3.173949,68.493504,0.201800,0.197200,0.399000,30.518900,33.285115,0.996747
car,car_0125.jpg,12517,3822,3.274987,69.465527,0.190100,0.199000,0.389100,35.718733,32.601843,0.997252
car,car_0126.jpg,13184,4150,3.176867,68.522451,0.196000,0.206100,0.402100,38.149867,32.315873,0.996240
car,car_0127.jpg,10491,3341,3.140078,68.153656,0.192000,0.194600,0.386600,30.944200,33.225011,0.997747
car,car_0128.jpg,15335,5032,3.047496,67.186175,0.199600,0.227300,0.426900,56.131333,30.638750,0.993275
car,car_0129.jpg,10609,3186,3.329881,69.968894,0.178900,0.187000,0.365900,26.007800,33.979767,0.995275
car,car_0130.jpg,13784,4385,3.143444,68.187754,0.197600,0.219400,0.417000,40.059667,32.103730,0.996360
car,car_0131.jpg,11996,4075,2.943804,66.030343,0.192500,0.180400,0.372900,37.642333,32.374038,0.997631
car,car_0132.jpg,11397,3556,3.205006,68.798807,0.313900,0.188600,0.502500,28.638933,33.561235,0.994502
car,car_0133.jpg,9901,3374,2.934499,65.922634,0.200800,0.225100,0.425900,29.913767,33.372093,0.997381
car,car_0134.jpg,13646,4248,3.212335,68.869999,0.190300,0.210700,0.401000,43.831167,31.712973,0.994764
car,car_0135.jpg,11011,3409,3.229979,69.040051,0.198700,0.190900,0.389600,29.136000,33.486504,0.996791
car,car_0136.jpg,13140,4026,3.263785,69.360731,0.183500,0.182200,0.365700,42.889667,31.807277,0.996922
car,car_0137.jpg,13379,4139,3.232423,69.063458,0.185800,0.199100,0.384900,36.152300,32.549444,0.994448
car,car_0138.jpg,12461,3781,3.295689,69.657331,0.480500,0.297900,0.778400,36.575200,32.498937,0.996491
car,car_0139.jpg,10421,3152,3.306155,69.753383,0.186600,0.196800,0.383400,27.506400,33.736466,0.996090
car,car_0140.jpg,11501,3464,3.320150,69.880880,0.177200,0.178300,0.355500,27.842900,33.683659,0.997157
car,car_0141.jpg,12316,3782,3.256478,69.291978,0.200900,0.209700,0.410600,35.151933,32.671311,0.996943
car,car_0142.jpg,12221,3747,3.261543,69.339661,0.192400,0.194000,0.386400,37.909067,32.343373,0.992980
car,car_0143.jpg,12986,4069,3.191448,68.666256,0.200100,0.214200,0.414300,36.719900,32.481789,0.995591
car,car_0144.jpg,11930,3686,3.236571,69.103101,0.191100,0.192600,0.383700,37.937700,32.340094,0.996606
car,car_0145.jpg,13258,4183,3.169496,68.449238,0.210600,0.215900,0.426500,46.847100,31.423976,0.994456
car,car_0146.jpg,10654,3270,3.258104,69.307302,0.179300,0.182600,0.361900,25.181733,34.119947,0.994600
car,car_0147.jpg,12227,3649,3.350781,70.156212,0.194000,0.216300,0.410300,29.652100,33.410249,0.996595
car,car_0148.jpg,10705,3181,3.365294,70.284914,0.181400,0.286200,0.467600,26.077200,33.968194,0.996534
car,car_0149.jpg,10204,3148,3.241423,69.149353,0.200200,0.180700,0.380900,23.837500,34.358197,0.997732
car,car_0150.jpg,12693,3955,3.209355,68.841094,0.174100,3.242900,3.417000,35.455333,32.633988,0.996417
car,car_0151.jpg,10907,3308,3.297158,69.670854,0.182400,0.194000,0.376400,28.460800,33.588333,0.995095
car,car_0152.jpg,14399,4575,3.147322,68.226960,0.194600,0.226000,0.420600,39.333767,32.183148,0.996572
car,car_0153.jpg,11166,3435,3.250655,69.236969,0.209000,0.242300,0.451300,21.727067,34.760793,0.997803
car,car_0154.jpg,12173,3929,3.098244,67.723651,0.213900,0.211900,0.425800,31.640900,33.128315,0.997823
car,car_0155.jpg,12626,3829,3.297467,69.673689,0.180300,0.383800,0.564100,34.405733,32.764495,0.994119
car,car_0156.jpg,11193,3304,3.387712,70.481551,0.195900,0.195200,0.391100,28.606767,33.566116,0.997154
car,car_0157.jpg,11510,3706,3.105774,67.801911,0.209700,0.478700,0.688400,32.415800,33.023236,0.994998
car,car_0158.jpg,12384,3848,3.218295,68.927649,0.225900,0.216600,0.442500,34.631933,32.736036,0.996681
car,car_0159.jpg,11495,3537,3.249929,69.230100,0.193100,0.195100,0.388200,29.627267,33.413888,0.995946
car,car_0160.jpg,10300,3119,3.302340,69.718447,0.193900,0.209900,0.403800,24.338933,34.267788,0.996217
car,car_0161.jpg,11436,3557,3.215069,68.896467,0.219100,0.206000,0.425100,30.413000,33.300211,0.996457
car,car_0162.jpg,11941,3737,3.195344,68.704464,0.193000,0.201800,0.394800,34.012467,32.814422,0.997137
car,car_0163.jpg,12816,4022,3.186474,68.617353,0.207400,0.205000,0.412400,35.806233,32.591217,0.996533
car,car_0164.jpg,12332,3776,3.265890,69.380474,0.199900,0.192700,0.392600,34.680300,32.729975,0.996267
car,car_0165.jpg,13107,4024,3.257207,69.298848,0.195100,0.208700,0.403800,42.859867,31.810295,0.996364
car,car_0166.jpg,12092,3606,3.353300,70.178630,0.214200,0.219600,0.433800,31.951767,33.085855,0.992997
car,car_0167.jpg,11394,3507,3.248931,69.220642,0.197000,0.278000,0.475000,33.550633,32.873796,0.996555
car,car_0168.jpg,11855,3540,3.348870,70.139182,0.186000,0.183000,0.369000,31.221700,33.186238,0.995235
car,car_0169.jpg,12855,3899,3.296999,69.669389,0.204500,0.532000,0.736500,32.547967,33.005565,0.995286
car,car_0170.jpg,11602,3456,3.357060,70.212032,0.208900,0.217800,0.426700,32.453000,33.018255,0.996675
car,car_0171.jpg,10828,3217,3.365869,70.289989,0.199200,0.221000,0.420200,26.381067,33.917880,0.993662
car,car_0172.jpg,11436,3466,3.299481,69.692200,0.209400,0.196500,0.405900,26.885433,33.835633,0.996226
car,car_0173.jpg,10329,3229,3.198823,68.738503,0.169900,0.194300,0.364200,24.328533,34.269644,0.997898
car,car_0174.jpg,11910,3735,3.188755,68.639798,0.227500,0.202800,0.430300,31.538333,33.142416,0.996640
car,car_0175.jpg,11425,3410,3.350440,70.153173,0.207000,0.187800,0.394800,28.901867,33.521545,0.996320
car,car_0176.jpg,12035,3757,3.203354,68.782717,0.187100,0.183000,0.370100,30.480000,33.290654,0.996397
car,car_0177.jpg,13610,4206,3.235854,69.096253,0.217400,0.327500,0.544900,42.090700,31.888942,0.996035
car,car_0178.jpg,12055,3764,3.202710,68.776441,0.214300,0.227400,0.441700,35.761500,32.596646,0.995261
car,car_0179.jpg,11924,3553,3.356037,70.202952,0.177600,0.191100,0.368700,26.921300,33.829843,0.995283
car,car_0180.jpg,11193,3419,3.273764,69.454123,0.182700,1.041000,1.223700,25.566367,34.054113,0.995998
car,car_0181.jpg,12526,3794,3.301529,69.711001,0.195800,0.213900,0.409700,32.324467,33.035490,0.995522
car,car_0182.jpg,12834,4031,3.183825,68.591242,0.186800,0.232400,0.419200,40.822133,32.021847,0.996521
car,car_0183.jpg,12039,3675,3.275918,69.474209,0.194600,0.533900,0.728500,28.805733,33.536014,0.995350
car,car_0184.jpg,13267,4116,3.223275,68.975654,0.194200,0.262800,0.457000,41.934133,31.905127,0.995855
car,car_0185.jpg,12377,3747,3.303176,69.726105,0.209700,0.208500,0.418200,33.187267,32.921089,0.996926
car,car_0186.jpg,11010,3409,3.229686,69.037239,0.193800,0.199000,0.392800,27.835100,33.684876,0.997111
car,car_0187.jpg,12293,3848,3.194647,68.697633,0.183600,0.210000,0.393600,31.954500,33.085483,0.997562
car,car_0188.jpg,12033,3684,3.266287,69.384193,0.214300,0.192400,0.406700,32.552300,33.004987,0.996988
car,car_0189.jpg,12832,3887,3.301261,69.708541,0.198800,0.200800,0.399600,34.452833,32.758554,0.994423
car,car_0190.jpg,13499,4226,3.194274,68.693977,0.200900,0.203300,0.404200,42.948700,31.801303,0.993802
car,car_0191.jpg,13939,4542,3.068912,67.415166,0.217900,0.242900,0.460800,44.007067,31.695579,0.997194
car,car_0192.jpg,11507,3601,3.195501,68.706005,0.194100,0.225800,0.419900,28.799167,33.537004,0.997202
car,car_0193.jpg,14075,4309,3.266419,69.385435,0.190200,0.198300,0.388500,41.451233,31.955429,0.996428
car,car_0194.jpg,12261,3877,3.162497,68.379414,0.197500,0.201800,0.399300,35.703367,32.603712,0.995627
car,car_0195.jpg,13288,4112,3.231518,69.054786,0.181100,0.213500,0.394600,42.345700,31.862710,0.994972
car,car_0196.jpg,11694,3703,3.157980,68.334188,0.195500,0.191500,0.387000,30.681733,33.262005,0.998318
car,car_0197.jpg,11950,3756,3.181576,68.569038,0.195200,0.207600,0.402800,29.966867,33.364390,0.996730
car,car_0198.jpg,13784,4575,3.012896,66.809344,0.212700,0.213100,0.425800,40.488833,32.057451,0.995480
car,car_0199.jpg,12970,3967,3.269473,69.414032,0.184100,0.212800,0.396900,43.433833,31.752522,0.992843
car,car_0200.jpg,12305,3880,3.171392,68.468102,0.198000,0.211900,0.409900,32.245733,33.046081,0.995063
car,car_0201.jpg,11256,3673,3.064525,67.368515,0.186900,0.216800,0.403700,32.402533,33.025014,0.996125
car,car_0202.jpg,12579,4262,2.951431,66.118133,0.265000,0.206500,0.471500,33.534367,32.875903,0.996495
car,car_0203.jpg,11273,3643,3.094428,67.683846,0.181700,0.189700,0.371400,31.964200,33.084165,0.996049
car,car_0204.jpg,11967,3900,3.068462,67.410379,0.169900,0.169800,0.339700,32.642333,32.992992,0.997671
car,car_0205.jpg,12987,4086,3.178414,68.537769,0.192500,0.190300,0.382800,34.915300,32.700646,0.996034
car,car_0206.jpg,11392,3707,3.073105,67.459621,0.192300,0.178300,0.370600,31.242033,33.183411,0.996523
car,car_0207.jpg,12195,3797,3.211746,68.864289,0.195700,0.184900,0.380600,33.480633,32.882867,0.995991
car,car_0208.jpg,10988,3343,3.286868,69.575901,0.200000,0.490600,0.690600,27.581967,33.724551,0.995562
car,car_0209.jpg,12061,4039,2.986135,66.511898,0.191700,0.195300,0.387000,30.725667,33.255790,0.996236
car,car_0210.jpg,12597,3880,3.246649,69.199016,0.212100,0.264700,0.476800,37.061667,32.441554,0.996044
car,car_0211.jpg,13251,4171,3.176936,68.523130,0.197500,0.222900,0.420400,38.540067,32.271679,0.995556
car,car_0212.jpg,12879,4013,3.209320,68.840749,0.191900,0.195900,0.387800,32.470733,33.015883,0.996245
car,car_0213.jpg,12725,3910,3.254476,69.273084,0.207400,0.204100,0.411500,37.662533,32.371708,0.996366
car,car_0214.jpg,12412,3911,3.173613,68.490171,0.308700,0.238700,0.547400,33.539833,32.875195,0.995645
car,car_0215.jpg,11769,3641,3.232354,69.062792,0.192300,0.212300,0.404600,30.469900,33.292093,0.996226
car,car_0216.jpg,10721,3467,3.092299,67.661599,0.186400,0.220400,0.406800,34.308600,32.776774,0.997563
car,car_0217.jpg,12196,3796,3.212856,68.875041,0.203100,0.203900,0.407000,32.295467,33.039388,0.997228
car,car_0218.jpg,11371,3482,3.265652,69.378243,0.175600,0.202300,0.377900,29.247033,33.469985,0.997050
car,car_0219.jpg,10452,3545,2.948378,66.083046,0.196800,1.635200,1.832000,28.682433,33.554644,0.997912
car,car_0220.jpg,10519,3442,3.056072,67.278258,0.202800,0.221400,0.424200,24.914267,34.166323,0.997413
car,car_0221.jpg,12524,4080,3.069608,67.422549,0.682000,0.296800,0.978800,36.471633,32.511251,0.995625
car,car_0222.jpg,11058,3736,2.959850,66.214505,0.201000,0.209400,0.410400,34.637133,32.735384,0.997521
car,car_0223.jpg,11655,3860,3.019430,66.881167,0.197900,0.198100,0.396000,26.569067,33.887041,0.993127
car,car_0224.jpg,11108,3679,3.019299,66.879726,0.176900,0.191400,0.368300,27.767633,33.695415,0.997879
car,car_0225.jpg,12431,4284,2.901727,65.537768,0.204900,0.212200,0.417100,34.048433,32.809832,0.996335
car,car_0226.jpg,12894,4045,3.187639,68.628820,0.196300,0.194500,0.390800,40.842567,32.019673,0.995109
car,car_0227.jpg,10808,3545,3.048801,67.200222,0.192700,0.191500,0.384200,31.303433,33.174884,0.997678
car,car_0228.jpg,12203,3736,3.266328,69.384578,0.210900,0.213100,0.424000,29.551900,33.424950,0.996254
car,car_0229.jpg,11126,3724,2.987648,66.528851,0.328300,0.404700,0.733000,33.595300,32.868018,0.997279
car,car_0230.jpg,12742,3979,3.202312,68.772563,0.200600,0.259700,0.460300,38.363067,32.291670,0.995685
car,car_0231.jpg,9782,3365,2.906984,65.600082,0.194300,0.186400,0.380700,28.329633,33.608394,0.998179
car,car_0232.jpg,11579,3716,3.115985,67.907419,0.206800,0.206900,0.413700,33.774100,32.844966,0.994885
car,car_0233.jpg,8858,3146,2.815639,64.484082,0.195200,0.192000,0.387200,22.267100,34.654167,0.998234
car,car_0234.jpg,12666,3865,3.277102,69.485236,0.265100,0.195400,0.460500,36.930400,32.456963,0.996428
car,car_0235.jpg,13062,4051,3.224389,68.986373,0.185600,0.204700,0.390300,39.098833,32.209166,0.991812
car,car_0236.jpg,9487,3209,2.956373,66.174765,0.181500,0.360400,0.541900,22.888167,34.534694,0.997519
car,car_0237.jpg,10240,3412,3.001172,66.679688,0.184600,0.189400,0.374000,29.399300,33.447434,0.997671
car,car_0238.jpg,12766,4419,2.888889,65.384615,0.372600,0.233700,0.606300,36.094600,32.556381,0.996074
car,car_0239.jpg,10826,3484,3.107348,67.818215,0.202900,0.197900,0.400800,28.880400,33.524772,0.995415
car,car_0240.jpg,10932,3303,3.309718,69.785950,0.177100,0.192000,0.369100,27.620967,33.718415,0.995184
car,car_0241.jpg,11738,3640,3.224725,68.989606,0.218500,0.216100,0.434600,29.652233,33.410230,0.997172
car,car_0242.jpg,12400,3969,3.124213,67.991935,0.203000,0.192700,0.395700,38.571767,32.268108,0.995891
car,car_0243.jpg,12289,3805,3.229698,69.037350,0.193000,0.201900,0.394900,31.328967,33.171343,0.997434
car,car_0244.jpg,12792,4053,3.156181,68.316135,0.187700,0.204800,0.392500,35.340433,32.648085,0.994072
car,car_0245.jpg,13219,4025,3.284224,69.551403,0.200100,0.214000,0.414100,41.213800,31.980377,0.996102
car,car_0246.jpg,11264,3522,3.198183,68.732244,0.191500,0.195300,0.386800,33.054433,32.938506,0.995682
car,car_0247.jpg,11844,3778,3.134992,68.101993,0.201300,0.219900,0.421200,37.953833,32.338247,0.996422
car,car_0248.jpg,11059,3692,2.995395,66.615426,0.171900,0.197500,0.369400,33.744133,32.848821,0.997093
car,car_0249.jpg,12109,3744,3.234241,69.080849,0.192800,0.204800,0.397600,31.558267,33.139672,0.996743
car,car_0250.jpg,12792,3936,3.250000,69.230769,0.145800,0.184200,0.330000,32.219867,33.049566,0.995421
car,car_0251.jpg,13301,4123,3.226049,69.002331,0.172900,0.202100,0.375000,36.204867,32.543134,0.995995
car,car_0252.jpg,12823,4027,3.184256,68.595492,0.188100,0.194800,0.382900,42.460967,31.850905,0.995290
car,car_0253.jpg,11826,3792,3.118671,67.935058,0.190300,0.429800,0.620100,32.755200,32.978001,0.996437
car,car_0254.jpg,12456,3946,3.156614,68.320488,0.167800,0.219600,0.387400,31.875667,33.096211,0.997154
car,car_0255.jpg,11703,3777,3.098491,67.726224,0.214300,0.189000,0.403300,28.264400,33.618406,0.996346
car,car_0256.jpg,12484,3845,3.246814,69.200577,0.174900,0.204600,0.379500,33.179700,32.922079,0.996893
car,car_0257.jpg,11613,3679,3.156564,68.319986,0.172400,0.181000,0.353400,38.353500,32.292754,0.994127
car,car_0258.jpg,12974,4150,3.126265,68.012949,0.179400,0.187400,0.366800,33.439300,32.888232,0.997536
car,car_0259.jpg,11035,3444,3.204123,68.790213,0.175200,0.252900,0.428100,28.758200,33.543187,0.997491
car,car_0260.jpg,13313,4408,3.020191,66.889506,0.248400,0.241000,0.489400,42.696767,31.826854,0.994799
car,car_0261.jpg,12539,4015,3.123039,67.979903,0.184800,0.202800,0.387600,40.710833,32.033704,0.994344
car,car_0262.jpg,11819,3685,3.207327,68.821389,0.196700,0.204800,0.401500,37.227033,32.422219,0.995336
car,car_0263.jpg,12456,3888,3.203704,68.786127,0.199300,0.204500,0.403800,32.037433,33.074226,0.996564
car,car_0264.jpg,13153,4069,3.232490,69.064092,0.197200,0.199400,0.396600,36.280767,32.534039,0.993911
car,car_0265.jpg,11302,3319,3.405243,70.633516,0.173800,0.182300,0.356100,24.765300,34.192368,0.996669
car,car_0266.jpg,12321,3807,3.236407,69.101534,0.191800,0.179200,0.371000,34.996567,32.690549,0.995879
car,car_0267.jpg,13135,4241,3.097147,67.712219,0.188300,0.184900,0.373200,36.943433,32.455431,0.995449
car,car_0268.jpg,11141,3632,3.067456,67.399695,0.180200,0.187700,0.367900,29.222867,33.473575,0.997012
car,car_0269.jpg,12677,3942,3.215880,68.904315,0.177800,0.184900,0.362700,35.102900,32.677374,0.995189
car,car_0270.jpg,11064,3459,3.198612,68.736443,1.307800,0.195900,1.503700,29.501867,33.432309,0.996934
car,car_0271.jpg,13214,4264,3.098968,67.731194,0.183300,0.195400,0.378700,38.809400,32.241434,0.997355
car,car_0272.jpg,12033,4020,2.993284,66.591872,0.192800,0.205800,0.398600,30.035500,33.354455,0.994981
car,car_0273.jpg,11793,3911,3.015341,66.836259,0.181300,0.192000,0.373300,26.762067,33.855607,0.997355
car,car_0274.jpg,11658,3515,3.316643,69.849031,0.204800,0.185800,0.390600,27.072333,33.805547,0.995426
car,car_0275.jpg,11491,3476,3.305811,69.750239,0.174800,0.496500,0.671300,28.751133,33.544254,0.995219
car,car_0276.jpg,12099,3830,3.159008,68.344491,0.194700,0.180500,0.375200,41.219167,31.979812,0.996240
car,car_0277.jpg,14650,4745,3.087460,67.610922,0.169000,0.188600,0.357600,48.706100,31.254970,0.995801
car,car_0278.jpg,12942,4046,3.198715,68.737444,0.207100,0.210500,0.417600,37.039967,32.444098,0.996199
car,car_0279.jpg,14701,4560,3.223904,68.981702,0.217200,0.208100,0.425300,50.953700,31.059046,0.994705
car,car_0280.jpg,12282,3918,3.134763,68.099658,0.181400,0.208700,0.390100,32.724633,32.982056,0.997528
car,car_0281.jpg,11897,3601,3.303804,69.731865,0.189000,0.192500,0.381500,30.874100,33.234861,0.997401
car,car_0282.jpg,12346,3792,3.255802,69.285599,0.268900,0.188300,0.457200,35.256033,32.658469,0.996963
car,car_0283.jpg,13453,4303,3.126423,68.014569,0.173000,0.191200,0.364200,35.553700,32.621956,0.998233
car,car_0284.jpg,13875,4359,3.183070,68.583784,0.194800,0.220800,0.415600,36.774267,32.475363,0.997368
car,car_0285.jpg,13775,4396,3.133530,68.087114,0.294100,0.218100,0.512200,41.436933,31.956928,0.997502
car,car_0286.jpg,10875,3305,3.290469,69.609195,0.164300,0.207300,0.371600,25.726633,34.026974,0.997986
car,car_0287.jpg,14799,4663,3.173708,68.491114,3.172100,0.379500,3.551600,47.286967,31.383389,0.996007
car,car_0288.jpg,13126,4047,3.243390,69.168063,0.190700,0.199600,0.390300,35.839167,32.587225,0.994429
car,car_0289.jpg,12740,3897,3.269181,69.411303,0.185300,0.177300,0.362600,31.918067,33.090438,0.996977
car,car_0290.jpg,13321,4245,3.138045,68.133023,0.195400,0.191500,0.386900,40.076867,32.101866,0.996928
car,car_0291.jpg,10447,3249,3.215451,68.900163,0.177500,0.198300,0.375800,22.412800,34.625842,0.997126
car,car_0292.jpg,12053,3681,3.274382,69.459886,0.182900,0.187800,0.370700,30.078167,33.348290,0.995952
car,car_0293.jpg,13013,4208,3.092443,67.663106,0.190900,0.205300,0.396200,37.133967,32.433090,0.996743
car,car_0294.jpg,12607,3974,3.172370,68.477830,0.175200,0.193500,0.368700,40.395300,32.067495,0.996798
car,car_0295.jpg,15520,5157,3.009502,66.771907,0.189500,0.209800,0.399300,60.079200,30.343562,0.994030
car,car_0296.jpg,12602,3862,3.263076,69.354071,0.171500,0.196400,0.367900,33.021500,32.942836,0.997125
car,car_0297.jpg,12623,4032,3.130704,68.058306,0.163300,0.239100,0.402400,35.609367,32.615161,0.996497
car,car_0298.jpg,14160,4627,3.060298,67.323446,0.181100,0.209100,0.390200,41.729767,31.926344,0.997300
car,car_0299.jpg,14115,4514,3.126938,68.019837,0.201600,0.213800,0.415400,45.003667,31.598325,0.997250
car,car_0300.jpg,12675,3939,3.217822,68.923077,0.191900,0.211900,0.403800,34.113500,32.801541,0.996302
car,car_0301.jpg,11876,3614,3.286110,69.568878,0.169200,0.183600,0.352800,30.887200,33.233018,0.996907
car,car_0302.jpg,12700,3998,3.176588,68.519685,0.196400,0.207500,0.403900,32.720467,32.982609,0.996274
car,car_0303.jpg,11379,3376,3.370557,70.331312,0.165700,0.297300,0.463000,27.042867,33.810276,0.995649
car,car_0304.jpg,12941,4076,3.174926,68.503207,0.195000,0.224900,0.419900,37.632767,32.375142,0.997254
car,car_0305.jpg,12915,4188,3.083811,67.572590,0.296100,0.228800,0.524900,33.400100,32.893326,0.997871
car,car_0306.jpg,12439,3874,3.210893,68.856017,0.198500,0.208000,0.406500,39.503933,32.164400,0.996776
car,car_0307.jpg,13820,4384,3.152372,68.277858,0.182400,0.208400,0.390800,40.625500,32.042816,0.996715
car,car_0308.jpg,13528,4081,3.314874,69.832939,0.194100,0.222400,0.416500,42.767733,31.819641,0.995124
car,car_0309.jpg,12473,3970,3.141814,68.171250,0.191800,0.216200,0.408000,31.201500,33.189049,0.998049
car,car_0310.jpg,12104,3825,3.164444,68.398876,0.203700,0.210600,0.414300,30.333700,33.311550,0.997415
car,car_0311.jpg,11795,3652,3.229737,69.037728,0.204000,0.183800,0.387800,29.955600,33.366023,0.997248
car,car_0312.jpg,12320,3996,3.083083,67.564935,0.190300,0.204900,0.395200,30.543067,33.281677,0.996894
car,car_0313.jpg,13163,4149,3.172572,68.479830,0.195500,0.235400,0.430900,35.353300,32.646504,0.995331
car,car_0314.jpg,13305,4319,3.080574,67.538519,0.204000,0.219300,0.423300,36.198000,32.543958,0.996868
car,car_0315.jpg,13352,4314,3.095039,67.690234,0.198500,0.209400,0.407900,35.344233,32.647618,0.997715
car,car_0316.jpg,13316,4339,3.068910,67.415140,0.211200,0.204200,0.415400,35.500433,32.628467,0.997683
car,car_0317.jpg,13382,4418,3.028972,66.985503,0.192300,0.213400,0.405700,33.915967,32.826762,0.996265
car,car_0318.jpg,11762,3519,3.342427,70.081619,0.204800,0.204100,0.408900,26.316067,33.928594,0.997965
car,car_0319.jpg,13266,4358,3.044057,67.149103,0.703700,0.237700,0.941400,39.031667,32.216633,0.996010
car,car_0320.jpg,13434,4222,3.181904,68.572279,0.246400,0.295000,0.541400,39.498233,32.165027,0.995005
car,car_0321.jpg,13010,4295,3.029104,66.986933,0.400300,0.282300,0.682600,32.953233,32.951823,0.997870
car,car_0322.jpg,12535,3947,3.175830,68.512166,0.201900,0.216600,0.418500,33.128400,32.928799,0.997104
car,car_0323.jpg,11110,3464,3.207275,68.820882,0.193300,0.209700,0.403000,27.063800,33.806916,0.998555
car,car_0324.jpg,12287,3674,3.344311,70.098478,0.179700,0.194500,0.374200,37.307933,32.412792,0.995065
car,car_0325.jpg,10626,3227,3.292842,69.631094,0.189100,0.218100,0.407200,25.954933,33.988604,0.996332
car,car_0326.jpg,12362,4015,3.078954,67.521437,0.213300,0.221400,0.434700,32.902000,32.958581,0.997314
car,car_0327.jpg,12653,4154,3.045980,67.169841,0.209700,0.336200,0.545900,32.424267,33.022102,0.997297
car,car_0328.jpg,13094,3960,3.306566,69.757141,0.165100,0.196700,0.361800,40.162167,32.092632,0.994915
car,car_0329.jpg,11331,3488,3.248567,69.217192,0.233400,0.257200,0.490600,25.448433,34.074193,0.996319
car,car_0330.jpg,12649,3878,3.261733,69.341450,0.198100,0.200100,0.398200,36.220133,32.541303,0.996304
car,car_0331.jpg,12718,4084,3.114104,67.888033,0.213200,0.226200,0.439400,31.484167,33.149882,0.995556
car,car_0332.jpg,12114,3787,3.198838,68.738649,0.344200,0.194500,0.538700,34.538833,32.747727,0.997614
car,car_0333.jpg,11929,3686,3.236300,69.100511,0.185400,0.226600,0.412000,28.192700,33.629437,0.997170
car,car_0334.jpg,12974,3949,3.285389,69.562201,0.191900,0.182900,0.374800,36.322200,32.529082,0.995605
car,car_0335.jpg,13035,4238,3.075743,67.487534,0.194400,0.198800,0.393200,35.869567,32.583542,0.996420
car,car_0336.jpg,11753,3767,3.119989,67.948609,0.201200,0.205500,0.406700,27.322500,33.765599,0.997566
car,car_0337.jpg,11888,3614,3.289430,69.599596,0.178000,0.202100,0.380100,30.813867,33.243342,0.996876
car,car_0338.jpg,14063,4465,3.149608,68.250018,0.180200,3.196600,3.376800,36.688000,32.485563,0.997234
car,car_0339.jpg,13392,4228,3.167455,68.428913,0.207900,0.238600,0.446500,35.597900,32.616560,0.997452
car,car_0340.jpg,11943,3683,3.242737,69.161852,0.197600,0.212100,0.409700,31.545200,33.141471,0.997899
car,car_0341.jpg,12526,3753,3.337597,70.038320,0.207600,0.203600,0.411200,33.157767,32.924951,0.997265
car,car_0342.jpg,13344,4309,3.096774,67.708333,0.226400,0.221800,0.448200,40.226633,32.085667,0.997560
car,car_0343.jpg,10756,3528,3.048753,67.199702,0.213000,0.221200,0.434200,29.797833,33.388957,0.997447
car,car_0344.jpg,14141,4497,3.144541,68.198854,0.245400,0.213600,0.459000,42.018533,31.896395,0.995548
car,car_0345.jpg,12580,4013,3.134812,68.100159,0.259400,0.221200,0.480600,35.869400,32.583562,0.996861
car,car_0346.jpg,13273,4330,3.065358,67.377383,0.275300,0.214900,0.490200,36.880933,32.462785,0.997286
car,car_0347.jpg,11541,3518,3.280557,69.517373,0.195400,0.191300,0.386700,30.981400,33.219793,0.995216
car,car_0348.jpg,12260,3891,3.150861,68.262643,0.199400,0.212700,0.412100,33.036500,32.940863,0.997290
car,car_0349.jpg,12202,3897,3.131127,68.062613,0.222000,0.198400,0.420400,31.648467,33.127277,0.997832
car,car_0350.jpg,13369,4302,3.107624,67.821079,0.202500,0.334900,0.537400,38.130967,32.318025,0.997616
car,car_0351.jpg,10860,3444,3.153310,68.287293,0.184600,0.196000,0.380600,26.366100,33.920345,0.997680
car,car_0352.jpg,13415,4184,3.206262,68.811032,0.189700,0.203900,0.393600,35.628400,32.612840,0.996081
car,car_0353.jpg,12874,4123,3.122484,67.974212,0.201700,0.190100,0.391800,36.427067,32.516562,0.997872
car,car_0354.jpg,11967,3587,3.336214,70.025905,0.190400,0.196300,0.386700,33.961767,32.820901,0.997314
car,car_0355.jpg,13803,4672,2.954409,66.152286,0.199200,0.195300,0.394500,44.363400,31.660555,0.998278
car,car_0356.jpg,11959,3675,3.254150,69.270006,0.207700,0.192700,0.400400,25.169600,34.122040,0.996910
car,car_0357.jpg,13041,4198,3.106479,67.809217,0.195300,0.258600,0.453900,32.685767,32.987217,0.996798
car,car_0358.jpg,12939,4124,3.137488,68.127367,0.200100,0.272700,0.472800,37.003000,32.448434,0.996623
car,car_0359.jpg,12655,4140,3.056763,67.285658,0.183800,0.197400,0.381200,39.562800,32.157933,0.997580
car,car_0360.jpg,12403,3930,3.155980,68.314118,0.204400,0.202700,0.407100,33.295100,32.907000,0.996391
car,car_0361.jpg,14617,4806,3.041407,67.120476,0.217000,0.235400,0.452400,45.965233,31.506509,0.996175
car,car_0362.jpg,12135,3823,3.174209,68.496086,0.196100,0.223300,0.419400,32.980867,32.948183,0.997798
car,car_0363.jpg,11469,3619,3.169107,68.445374,0.198600,0.267400,0.466000,37.164400,32.429532,0.996981
car,car_0364.jpg,12489,3997,3.124593,67.995836,1.244900,0.223600,1.468500,35.073067,32.681066,0.997477
car,car_0365.jpg,12290,3953,3.109031,67.835639,0.196400,0.199900,0.396300,35.317367,32.650920,0.998026
car,car_0366.jpg,11036,3446,3.202554,68.774918,0.217100,0.178800,0.395900,18.448300,35.471240,0.998991
car,car_0367.jpg,10805,3432,3.148310,68.236927,0.216200,0.219500,0.435700,21.444567,34.817631,0.998311
car,car_0368.jpg,13106,4001,3.275681,69.471998,0.199500,0.232700,0.432200,44.682600,31.629419,0.996363
car,car_0369.jpg,14546,4666,3.117445,67.922453,0.219200,0.229600,0.448800,45.643933,31.536973,0.995262
car,car_0370.jpg,8982,2509,3.579912,72.066355,0.171700,0.224100,0.395800,18.717067,35.408426,0.988519
car,car_0371.jpg,12097,3699,3.270343,69.422171,0.209200,0.242300,0.451500,32.974333,32.949043,0.996077
car,car_0372.jpg,12314,3856,3.193465,68.686048,0.202800,0.209100,0.411900,32.809133,32.970856,0.995845
car,car_0373.jpg,11347,3255,3.486022,71.314004,0.195800,0.200000,0.395800,27.469633,33.742275,0.995218
car,car_0374.jpg,12316,3866,3.185722,68.609938,0.211100,0.235600,0.446700,38.735400,32.249723,0.995827
car,car_0375.jpg,14351,4539,3.161710,68.371542,0.200000,0.244800,0.444800,41.132233,31.988981,0.995525
car,car_0376.jpg,11669,3626,3.218147,68.926215,0.183500,0.202000,0.385500,33.690267,32.855759,0.997304
car,car_0377.jpg,8977,3163,2.838128,64.765512,0.180500,0.233400,0.413900,27.340600,33.762723,0.998042
car,car_0378.jpg,12703,3829,3.317576,69.857514,0.189500,0.196000,0.385500,37.706133,32.366684,0.996877
car,car_0379.jpg,10545,3307,3.188691,68.639165,0.176700,0.204100,0.380800,22.561600,34.597105,0.997022
car,car_0380.jpg,12286,3749,3.277141,69.485593,0.224200,0.336100,0.560300,33.721300,32.851761,0.996316
car,car_0381.jpg,11455,3539,3.236790,69.105194,0.352500,0.223000,0.575500,29.451267,33.439764,0.993043
car,car_0382.jpg,9911,2772,3.575397,72.031077,0.178800,0.254300,0.433100,22.578833,34.593789,0.994020
car,car_0383.jpg,11921,3845,3.100390,67.745994,0.277900,0.197400,0.475300,35.272267,32.656470,0.997252
car,car_0384.jpg,11373,3469,3.278466,69.497934,0.189100,0.184900,0.374000,32.255000,33.044833,0.997380
car,car_0385.jpg,13403,4224,3.173059,68.484668,0.191400,0.214700,0.406100,44.281633,31.668567,0.996210
car,car_0386.jpg,12756,3990,3.196992,68.720602,0.205800,0.231400,0.437200,35.269400,32.656823,0.997459
car,car_0387.jpg,10051,3211,3.130178,68.052930,0.193500,0.191100,0.384600,22.755867,34.559870,0.997623
car,car_0388.jpg,11990,3748,3.199039,68.740617,0.412600,0.215000,0.627600,35.088967,32.679098,0.995246
car,car_0389.jpg,9369,3041,3.080894,67.541893,0.185300,0.177800,0.363100,27.481300,33.740431,0.995817
car,car_0390.jpg,12745,3975,3.206289,68.811299,0.192200,0.204300,0.396500,34.400233,32.765190,0.996581
car,car_0391.jpg,14702,4745,3.098419,67.725480,0.200400,0.208600,0.409000,49.002933,31.228583,0.996989
car,car_0392.jpg,12751,3998,3.189345,68.645596,0.202100,0.265700,0.467800,37.463867,32.394678,0.995333
car,car_0393.jpg,11605,3548,3.270857,69.426971,0.183500,0.193400,0.376900,30.415333,33.299878,0.997098
car,car_0394.jpg,13234,4227,3.130826,68.059544,0.194800,0.195800,0.390600,38.509400,32.275136,0.996935
car,car_0395.jpg,11695,3697,3.163376,68.388200,0.191100,0.206500,0.397600,28.714233,33.549831,0.997851
car,car_0396.jpg,12660,3948,3.206687,68.815166,0.196000,0.201300,0.397300,33.684467,32.856507,0.996600
car,car_0397.jpg,11971,3642,3.286930,69.576476,0.186200,0.189200,0.375400,31.517667,33.145263,0.997165
car,car_0398.jpg,12960,4057,3.194479,68.695988,0.184300,0.208800,0.393100,41.282467,31.973147,0.996612
car,car_0399.jpg,13050,4086,3.193833,68.689655,0.183100,0.200300,0.383400,37.186500,32.426951,0.997627
car,car_0400.jpg,13943,4352,3.203814,68.787205,0.216600,0.257200,0.473800,42.301600,31.867236,0.993306
car,car_0401.jpg,10503,3331,3.153107,68.285252,0.209500,0.190000,0.399500,26.353133,33.922481,0.997099
car,car_0402.jpg,11311,3317,3.410009,70.674565,0.195000,0.202300,0.397300,24.854533,34.176747,0.997953
car,car_0403.jpg,11871,3700,3.208378,68.831606,0.194000,0.213300,0.407300,34.630633,32.736199,0.997068
car,car_0404.jpg,10848,3266,3.321494,69.893068,0.189900,0.178800,0.368700,30.909900,33.229828,0.996419
car,car_0405.jpg,14131,4465,3.164838,68.402802,0.210900,0.214600,0.425500,54.727067,30.748782,0.994713
car,car_0406.jpg,11848,3706,3.196978,68.720459,0.185600,0.757200,0.942800,35.637733,32.611703,0.996701
car,car_0407.jpg,11860,3641,3.257347,69.300169,0.185000,0.187500,0.372500,31.926433,33.089300,0.997094
car,car_0408.jpg,13028,3926,3.318390,69.864906,0.180400,0.206100,0.386500,40.093833,32.100028,0.994791
car,car_0409.jpg,14727,4672,3.152183,68.275956,0.210100,0.211400,0.421500,46.959333,31.413584,0.993752
car,car_0410.jpg,12309,3638,3.383452,70.444390,0.183700,0.188400,0.372100,31.712333,33.118522,0.993866
car,car_0411.jpg,10047,3127,3.212984,68.876281,0.233800,0.190600,0.424400,25.768100,34.019980,0.997316
car,car_0412.jpg,12475,3791,3.290688,69.611222,0.180100,0.208000,0.388100,34.245467,32.784773,0.996031
car,car_0413.jpg,13074,4004,3.265235,69.374331,0.207400,0.341200,0.548600,38.071233,32.324834,0.995903
car,car_0414.jpg,10421,3154,3.304058,69.734191,0.210000,0.223700,0.433700,28.783667,33.539342,0.997198
car,car_0415.jpg,10890,3462,3.145581,68.209366,0.179400,0.188600,0.368000,30.611167,33.272005,0.997126
car,car_0416.jpg,12190,3771,3.232564,69.064807,0.200900,0.234700,0.435600,32.349100,33.032182,0.994249
car,car_0417.jpg,12696,3953,3.211738,68.864209,0.195700,0.205100,0.400800,36.373600,32.522941,0.996155
car,car_0418.jpg,12487,3935,3.173316,68.487227,0.206800,0.323900,0.530700,35.711467,32.602727,0.995960
car,car_0419.jpg,10115,3071,3.293715,69.639150,0.197300,0.206000,0.403300,21.712367,34.763732,0.998030
car,car_0420.jpg,12805,4049,3.162509,68.379539,0.209100,0.242200,0.451300,34.067067,32.807456,0.996904
car,car_0421.jpg,10972,3375,3.250963,69.239883,0.181300,0.187000,0.368300,26.728700,33.861025,0.996506
car,car_0422.jpg,11702,3490,3.353009,70.176038,0.190700,0.187800,0.378500,31.463867,33.152683,0.995579
car,car_0423.jpg,15489,5076,3.051418,67.228356,0.227400,0.235200,0.462600,59.017167,30.421020,0.993813
car,car_0424.jpg,11555,3612,3.199059,68.740805,0.191600,0.211500,0.403100,29.649400,33.410645,0.997070
car,car_0425.jpg,9014,3274,2.753207,63.678722,0.191900,0.180900,0.372800,27.046167,33.809746,0.998086
car,car_0426.jpg,10561,3235,3.264606,69.368431,0.194100,0.188300,0.382400,24.020267,34.325025,0.997959
car,car_0427.jpg,12668,3957,3.201415,68.763814,0.198700,0.203500,0.402200,36.542267,32.502849,0.995492
car,car_0428.jpg,9860,2930,3.365188,70.283976,0.235600,0.237400,0.473000,18.210000,35.527704,0.996772
car,car_0429.jpg,12115,3816,3.174790,68.501857,0.198400,0.201400,0.399800,31.215433,33.187110,0.996486
car,car_0430.jpg,9151,3145,2.909698,65.632171,0.173700,0.184300,0.358000,22.955067,34.522018,0.998200
car,car_0431.jpg,12510,3994,3.132198,68.073541,0.178000,0.203500,0.381500,34.379400,32.767821,0.997954
car,car_0432.jpg,11253,3520,3.196875,68.719453,0.198200,0.218500,0.416700,23.656433,34.391311,0.997517
car,car_0433.jpg,10496,3063,3.426706,70.817454,0.185900,0.347500,0.533400,26.357967,33.921685,0.996301
car,car_0434.jpg,13725,4412,3.110834,67.854281,0.231700,0.257000,0.488700,41.609167,31.938913,0.997461
car,car_0435.jpg,10817,3390,3.190855,68.660442,0.195300,0.201100,0.396400,27.176033,33.788943,0.996847
car,car_0436.jpg,10285,3190,3.224138,68.983957,1.531200,0.185900,1.717100,26.979067,33.820534,0.996626
car,car_0437.jpg,12913,4050,3.188395,68.636258,0.203300,0.202100,0.405400,34.007667,32.815035,0.996489
car,car_0438.jpg,11900,3517,3.383566,70.445378,0.177600,0.187700,0.365300,33.083567,32.934680,0.992702
car,car_0439.jpg,10735,3370,3.185460,68.607359,0.177600,0.184600,0.362200,25.201633,34.116517,0.997791
car,car_0440.jpg,11915,3760,3.168883,68.443139,0.192400,0.191500,0.383900,30.389833,33.303520,0.997432
car,car_0441.jpg,12839,3983,3.223450,68.977335,0.205100,0.179800,0.384900,39.841800,32.127414,0.995896
car,car_0442.jpg,12419,3734,3.325924,69.933167,0.201900,0.200100,0.402000,32.974467,32.949026,0.995214
car,car_0443.jpg,13313,4146,3.211047,68.857508,0.234000,0.204700,0.438700,35.997267,32.568108,0.996516
car,car_0444.jpg,10786,3352,3.217780,68.922678,0.210700,0.209700,0.420400,26.191600,33.949183,0.997473
car,car_0445.jpg,12544,3953,3.173286,68.486926,0.197800,0.225300,0.423100,40.346867,32.072705,0.994749
car,car_0446.jpg,12638,3967,3.185783,68.610540,0.185600,0.201100,0.386700,33.296333,32.906840,0.996686
car,car_0447.jpg,12201,3839,3.178171,68.535366,0.179300,0.209800,0.389100,33.854767,32.834605,0.996729
car,car_0448.jpg,9987,3139,3.181586,68.569140,0.178500,0.182500,0.361000,26.270867,33.936060,0.996923
car,car_0449.jpg,10813,3248,3.329126,69.962083,0.174400,0.200100,0.374500,23.868900,34.352480,0.995424
car,car_0450.jpg,11896,3439,3.459145,71.091123,0.177500,0.173900,0.351400,32.572000,33.002359,0.995431
car,car_0451.jpg,13119,4073,3.220967,68.953426,0.192000,0.225800,0.417800,37.795167,32.356441,0.995816
car,car_0452.jpg,11525,3637,3.168820,68.442516,0.203000,0.210500,0.413500,24.907800,34.167450,0.997540
car,car_0453.jpg,11181,3724,3.002417,66.693498,0.199200,0.315500,0.514700,35.710767,32.602812,0.997378
car,car_0454.jpg,11503,3498,3.288451,69.590542,0.172500,0.206400,0.378900,32.363300,33.030276,0.996093
car,car_0455.jpg,12529,4018,3.118218,67.930401,0.179700,0.236700,0.416400,32.584033,33.000755,0.996633
car,car_0456.jpg,12106,3766,3.214551,68.891459,0.180500,0.205500,0.386000,29.532767,33.427762,0.997472
car,car_0457.jpg,12435,3894,3.193374,68.685163,0.173200,0.228400,0.401600,32.912767,32.957160,0.995931
car,car_0458.jpg,11212,3486,3.216294,68.908313,0.202800,0.207300,0.410100,31.108067,33.202073,0.997865
car,car_0459.jpg,11423,3712,3.077317,67.504158,0.179100,0.594800,0.773900,36.466867,32.511819,0.997441
car,car_0460.jpg,12314,3894,3.162301,68.377457,0.208000,0.212000,0.420000,32.473767,33.015477,0.994751
car,car_0461.jpg,10262,3238,3.169240,68.446697,0.189700,0.216900,0.406600,25.633100,34.042792,0.996828
car,car_0462.jpg,11204,3467,3.231612,69.055694,0.192700,0.240800,0.433500,27.990467,33.660702,0.996728
car,car_0463.jpg,11067,3477,3.182916,68.582272,0.188900,0.191200,0.380100,29.798767,33.388821,0.998097
car,car_0464.jpg,12000,3568,3.363229,70.266667,0.178800,0.234800,0.413600,38.182067,32.312209,0.994469
car,car_0465.jpg,11630,3609,3.222499,68.968186,0.208800,0.225400,0.434200,29.216133,33.474576,0.996016
car,car_0466.jpg,11965,3757,3.184722,68.600084,0.195600,0.299000,0.494600,32.364667,33.030092,0.997197
car,car_0467.jpg,11905,3732,3.189979,68.651827,0.187500,0.206800,0.394300,31.553967,33.140264,0.997729
car,car_0468.jpg,13139,4193,3.133556,68.087373,0.190400,0.203600,0.394000,38.305833,32.298154,0.997694
car,car_0469.jpg,10450,3423,3.052878,67.244019,0.223700,0.211500,0.435200,32.213733,33.050393,0.997498
car,car_0470.jpg,11477,3682,3.117056,67.918446,0.194900,0.194300,0.389200,34.033533,32.811733,0.997924
car,car_0471.jpg,13412,4313,3.109668,67.842231,0.196000,0.202000,0.398000,34.044600,32.810321,0.994549
car,car_0472.jpg,13061,4102,3.184057,68.593523,0.196400,0.234700,0.431100,38.053233,32.326888,0.997112
car,car_0473.jpg,14087,4719,2.985166,66.501029,0.239000,0.198200,0.437200,44.768033,31.621123,0.995458
car,car_0474.jpg,12424,3821,3.251505,69.245010,0.199400,0.203900,0.403300,41.061967,31.996406,0.995417
car,car_0475.jpg,11384,3710,3.068464,67.410401,0.245100,0.208600,0.453700,26.126267,33.960030,0.997567
car,car_0476.jpg,12712,4149,3.063871,67.361548,0.166200,0.251500,0.417700,36.308100,32.530768,0.995844
car,car_0477.jpg,12013,3967,3.028233,66.977441,0.188200,0.243300,0.431500,33.942467,32.823370,0.996761
car,car_0478.jpg,12870,4085,3.150551,68.259518,0.185200,0.191100,0.376300,42.376833,31.859519,0.996331
car,car_0479.jpg,12166,3895,3.123492,67.984547,0.195800,1.150100,1.345900,40.392133,32.067836,0.992140
car,car_0480.jpg,12164,3710,3.278706,69.500164,0.214800,0.221300,0.436100,33.312267,32.904762,0.995668
car,car_0481.jpg,11489,3367,3.412236,70.693707,0.190500,0.195000,0.385500,31.034500,33.212356,0.994328
car,car_0482.jpg,11462,3543,3.235111,69.089164,0.183900,0.189300,0.373200,32.984533,32.947700,0.997412
car,car_0483.jpg,12388,3974,3.117262,67.920568,0.224300,0.219400,0.443700,43.338333,31.762082,0.995199
car,car_0484.jpg,13534,4286,3.157723,68.331609,0.173100,0.218200,0.391300,41.607833,31.939053,0.995669
car,car_0485.jpg,12689,3956,3.207533,68.823390,0.212100,0.215400,0.427500,35.960833,32.572506,0.995317
car,car_0486.jpg,13077,4060,3.220936,68.953124,0.178000,0.202300,0.380300,36.862500,32.464956,0.996171
car,car_0487.jpg,10668,3500,3.048000,67.191601,0.190300,0.209200,0.399500,25.872233,34.002464,0.997115
car,car_0488.jpg,11697,3548,3.296787,69.667436,0.200400,0.203400,0.403800,30.284333,33.318623,0.997270
car,car_0489.jpg,12294,3788,3.245512,69.188222,0.185400,0.225500,0.410900,32.729633,32.981392,0.994279
car,car_0490.jpg,13867,4363,3.178318,68.536814,0.208500,0.218400,0.426900,40.611167,32.044349,0.994683
car,car_0491.jpg,11840,3779,3.133104,68.082770,0.183900,0.211800,0.395700,36.695533,32.484672,0.997480
car,car_0492.jpg,11262,3834,2.937402,65.956313,0.168000,0.175600,0.343600,39.445133,32.170869,0.997481
car,car_0493.jpg,13017,3976,3.273893,69.455328,0.203500,0.254700,0.458200,37.194767,32.425985,0.995571
car,car_0494.jpg,11862,3490,3.398854,70.578317,0.207600,0.283700,0.491300,32.739633,32.980065,0.997543
car,car_0495.jpg,12075,3871,3.119349,67.942029,0.226000,0.216000,0.442000,45.051833,31.593679,0.992994
car,car_0496.jpg,11155,3563,3.130789,68.059166,0.203900,0.209500,0.413400,33.295633,32.906931,0.994401
car,car_0497.jpg,10995,3495,3.145923,68.212824,0.175100,0.202600,0.377700,29.110333,33.490332,0.995953
car,car_0498.jpg,13643,4352,3.134881,68.100858,0.210900,0.214700,0.425600,40.032900,32.106633,0.995813
car,car_0499.jpg,11140,3466,3.214080,68.886894,0.179500,0.221700,0.401200,29.870600,33.378364,0.996935
cat,cat_0000.jpg,39582,21402,1.849453,45.929968,0.777500,1.041000,1.818500,11.471427,37.534629,0.998586
cat,cat_0001.jpg,36644,18082,2.026546,50.654950,1.068900,0.887700,1.956600,6.848963,39.774556,0.998897
cat,cat_0002.jpg,21182,10041,2.109551,52.596544,0.665900,0.630300,1.296200,28.423794,33.593983,0.995910
cat,cat_0003.jpg,30319,15027,2.017635,50.437020,1.052500,0.817600,1.870100,9.603438,38.306536,0.998850
cat,cat_0004.jpg,48544,22312,2.175690,54.037574,1.168100,1.267700,2.435800,24.229907,34.287286,0.997637
cat,cat_0005.jpg,24422,12363,1.975410,49.377610,0.589800,0.634100,1.223900,25.245620,34.108943,0.996090
cat,cat_0006.jpg,29875,14049,2.126486,52.974059,1.156300,0.971100,2.127400,6.787283,39.813844,0.999259
cat,cat_0007.jpg,36540,18979,1.925286,48.059661,1.117300,0.952000,2.069300,14.653507,36.471388,0.998807
cat,cat_0008.jpg,43131,20881,2.065562,51.587026,1.039300,0.971100,2.010400,16.052399,36.075404,0.998483
cat,cat_0009.jpg,37587,17655,2.128972,53.028973,1.102600,1.049500,2.152100,12.084042,37.308681,0.996401
cat,cat_0010.jpg,67730,31730,2.134573,53.152222,1.833300,1.608700,3.442000,13.541464,36.814147,0.997337
cat,cat_0011.jpg,7004,3562,1.966311,49.143347,0.234400,0.386300,0.620700,21.736396,34.758928,0.992930
cat,cat_0012.jpg,39117,17700,2.210000,54.751131,1.437300,0.994000,2.431300,9.858651,38.192629,0.997044
cat,cat_0013.jpg,21468,10724,2.001865,50.046581,0.850900,1.081200,1.932100,7.416621,39.428743,0.999642
cat,cat_0014.jpg,45206,21436,2.108882,52.581516,1.335800,1.139200,2.475000,13.396512,36.860886,0.998327
cat,cat_0015.jpg,12101,6437,1.879913,46.806049,0.715900,0.532100,1.248000,9.185283,38.499878,0.997992
cat,cat_0016.jpg,8627,4467,1.931274,48.220702,0.373300,1.173400,1.546700,14.374319,36.554931,0.996068
cat,cat_0017.jpg,52525,24874,2.111643,52.643503,1.802000,2.083700,3.885700,7.951343,39.126399,0.999398
cat,cat_0018.jpg,18217,8907,2.045245,51.106110,0.451700,0.617300,1.069000,42.503461,31.846561,0.993203
cat,cat_0019.jpg,58507,29070,2.012625,50.313638,1.720800,2.319100,4.039900,11.288423,37.604471,0.998891
cat,cat_0020.jpg,40056,19496,2.054575,51.328141,2.391800,2.105400,4.497200,7.380292,39.450068,0.998259
cat,cat_0021.jpg,55443,28985,1.912817,47.721083,1.738200,1.548900,3.287100,7.543463,39.355096,0.998997
cat,cat_0022.jpg,95254,45236,2.105712,52.510131,2.504100,2.882800,5.386900,29.429116,33.443031,0.996200
cat,cat_0023.jpg,25817,13163,1.961331,49.014215,0.834900,0.665200,1.500100,9.799788,38.218637,0.999422
cat,cat_0024.jpg,35820,16965,2.111406,52.638191,1.107900,0.991700,2.099600,13.142280,36.944097,0.997557
cat,cat_0025.jpg,26909,11742,2.291688,56.364042,0.974800,0.811300,1.786100,13.419934,36.853300,0.997510
cat,cat_0026.jpg,21424,10109,2.119300,52.814600,0.626500,0.615200,1.241700,14.144412,36.624955,0.998863
cat,cat_0027.jpg,56658,27574,2.054762,51.332557,1.236300,1.483000,2.719300,15.027721,36.361872,0.996747
cat,cat_0028.jpg,14030,7293,1.923763,48.018532,0.374100,0.406600,0.780700,35.772575,32.595302,0.995415
cat,cat_0029.jpg,66411,31272,2.123657,52.911415,1.873000,1.923600,3.796600,12.862077,37.037693,0.998092
cat,cat_0030.jpg,39946,20566,1.942332,48.515496,1.079100,1.177100,2.256200,11.912431,37.370800,0.998398
cat,cat_0031.jpg,51169,24094,2.123724,52.912896,1.524900,4.554300,6.079200,10.750393,37.816560,0.999480
cat,cat_0032.jpg,14768,7579,1.948542,48.679577,0.876700,0.563400,1.440100,11.342568,37.583690,0.998986
cat,cat_0033.jpg,53966,28133,1.918245,47.869029,1.956900,1.724900,3.681800,13.428648,36.850481,0.998660
cat,cat_0034.jpg,75470,36742,2.054053,51.315755,1.947400,2.134400,4.081800,10.869741,37.768612,0.998959
cat,cat_0035.jpg,66351,31009,2.139734,53.265211,1.744100,1.834800,3.578900,30.294708,33.317136,0.995142
cat,cat_0036.jpg,16306,8440,1.931991,48.239912,0.435600,0.532200,0.967800,13.418968,36.853613,0.999214
cat,cat_0037.jpg,14477,7046,2.054641,51.329695,0.487100,0.467700,0.954800,8.983518,38.596339,0.997767
cat,cat_0038.jpg,23424,11402,2.054376,51.323429,1.108900,0.901100,2.010000,4.799400,41.318934,0.999584
cat,cat_0039.jpg,27792,14110,1.969667,49.229994,0.838000,0.824300,1.662300,10.953224,37.735384,0.999307
cat,cat_0040.jpg,61811,28946,2.135390,53.170148,2.807600,1.478800,4.286400,18.205624,35.528748,0.998123
cat,cat_0041.jpg,29814,13998,2.129876,53.048903,0.891700,0.900600,1.792300,11.821443,37.404099,0.996272
cat,cat_0042.jpg,47003,21714,2.164640,53.802949,1.660600,1.478800,3.139400,7.740408,39.243165,0.998281
cat,cat_0043.jpg,27531,13505,2.038578,50.946206,0.704600,0.706800,1.411400,29.346658,33.455217,0.995865
cat,cat_0044.jpg,56039,26958,2.078752,51.894217,1.680700,1.541400,3.222100,12.530221,37.151216,0.998446
cat,cat_0045.jpg,17992,8459,2.126965,52.984660,0.683200,0.691900,1.375100,7.188221,39.564589,0.999206
cat,cat_0046.jpg,24265,12355,1.963982,49.083041,0.557200,0.747300,1.304500,20.695462,34.972052,0.997897
cat,cat_0047.jpg,13876,7112,1.951069,48.746036,0.529700,0.508200,1.037900,7.250406,39.527180,0.997506
cat,cat_0048.jpg,49547,23151,2.140167,53.274668,2.197800,1.424200,3.622000,8.633930,38.768718,0.999057
cat,cat_0049.jpg,20796,10665,1.949930,48.716099,0.856000,0.825400,1.681400,6.345202,40.106349,0.998833
cat,cat_0050.jpg,37970,17736,2.140843,53.289439,1.461200,1.121200,2.582400,6.999893,39.679889,0.999424
cat,cat_0051.jpg,20188,9542,2.115699,52.734298,1.790900,0.695500,2.486400,5.792056,40.502476,0.999362
cat,cat_0052.jpg,54881,27964,1.962559,49.046118,1.724000,1.797000,3.521000,8.612402,38.779561,0.999466
cat,cat_0053.jpg,22822,11724,1.946605,48.628516,0.766000,0.741700,1.507700,10.081073,38.095736,0.999207
cat,cat_0054.jpg,24528,11714,2.093905,52.242335,0.754000,0.827800,1.581800,19.530332,35.223707,0.998264
cat,cat_0055.jpg,11532,5456,2.113636,52.688172,0.436900,0.497600,0.934500,6.358718,40.097108,0.995227
cat,cat_0056.jpg,36909,17409,2.120110,52.832642,1.024800,1.127200,2.152000,10.664649,37.851338,0.998849
cat,cat_0057.jpg,33117,15509,2.135341,53.169067,0.896300,0.854500,1.750800,16.003663,36.088610,0.996340
cat,cat_0058.jpg,43218,19415,2.226011,55.076588,1.599400,1.586500,3.185900,8.572912,38.799520,0.999013
cat,cat_0059.jpg,87803,44008,1.995160,49.878706,2.288900,1.870000,4.158900,22.275800,34.652470,0.995821
cat,cat_0060.jpg,22969,11300,2.032655,50.803257,0.578300,0.584200,1.162500,24.601740,34.221145,0.996993
cat,cat_0061.jpg,11994,6149,1.950561,48.732700,0.431200,0.407100,0.838300,9.682631,38.270870,0.999417
cat,cat_0062.jpg,17935,9137,1.962898,49.054921,0.921400,0.778300,1.699700,3.350966,42.879104,0.999087
cat,cat_0063.jpg,10770,5706,1.887487,47.019499,0.333400,0.329000,0.662400,9.915747,38.167549,0.996237
cat,cat_0064.jpg,45408,22688,2.001410,50.035236,1.883400,1.075700,2.959100,26.956701,33.824136,0.996094
cat,cat_0065.jpg,46049,23332,1.973641,49.332233,1.586700,1.812200,3.398900,10.420138,37.952069,0.999093
cat,cat_0066.jpg,29890,13983,2.137596,53.218468,0.960300,0.983200,1.943500,10.317225,37.995175,0.999182
cat,cat_0067.jpg,35084,17090,2.052896,51.288337,1.938000,1.295600,3.233600,7.907171,39.150592,0.999164
cat,cat_0068.jpg,52334,25970,2.015171,50.376428,1.002100,1.103300,2.105400,60.287937,30.328499,0.993614
cat,cat_0069.jpg,79159,35547,2.226883,55.094178,2.123200,1.384800,3.508000,15.486458,36.231283,0.995021
cat,cat_0070.jpg,82442,39333,2.096001,52.290095,1.673400,1.669700,3.343100,34.280671,32.780310,0.992287
cat,cat_0071.jpg,14910,7631,1.953872,48.819584,0.499700,0.472300,0.972000,11.148434,37.658665,0.994630
cat,cat_0072.jpg,70222,32907,2.133953,53.138618,1.740400,1.578100,3.318500,19.592202,35.209971,0.996498
cat,cat_0073.jpg,66112,29623,2.231779,55.192703,1.808200,1.390000,3.198200,9.755569,38.238278,0.997654
cat,cat_0074.jpg,16405,7550,2.172848,53.977446,0.523000,0.583300,1.106300,17.059803,35.811064,0.996490
cat,cat_0075.jpg,22976,10944,2.099415,52.367688,0.625200,0.622700,1.247900,22.128965,34.681193,0.994407
cat,cat_0076.jpg,48599,21980,2.211056,54.772732,1.340600,1.265500,2.606100,13.101902,36.957460,0.998371
cat,cat_0077.jpg,39264,18274,2.148626,53.458639,1.432400,1.665200,3.097600,4.506061,41.592833,0.999446
cat,cat_0078.jpg,30159,14906,2.023279,50.575284,0.755100,0.710500,1.465600,28.908171,33.520597,0.996758
cat,cat_0079.jpg,31401,15172,2.069668,51.683067,1.056300,0.980100,2.036400,7.918855,39.144180,0.999400
cat,cat_0080.jpg,27690,14075,1.967318,49.169375,0.886800,0.868700,1.755500,11.564668,37.499472,0.998108
cat,cat_0081.jpg,22619,11228,2.014517,50.360317,0.737100,0.884500,1.621600,12.175575,37.275909,0.998823
cat,cat_0082.jpg,16607,7982,2.080556,51.935931,0.600400,0.635200,1.235600,10.736906,37.822012,0.998880
cat,cat_0083.jpg,34748,16159,2.150381,53.496604,1.208800,2.061600,3.270400,8.196342,38.994603,0.998697
cat,cat_0084.jpg,66680,30825,2.163179,53.771746,1.993000,2.239200,4.232200,8.342970,38.917597,0.999029
cat,cat_0085.jpg,30753,12573,2.445956,59.116184,0.701700,0.746700,1.448400,18.683794,35.416153,0.989327
cat,cat_0086.jpg,48248,22865,2.110125,52.609435,1.185200,1.074600,2.259800,24.297349,34.275215,0.998517
cat,cat_0087.jpg,17582,8509,2.066283,51.603913,0.443600,0.438100,0.881700,25.276448,34.103643,0.991250
cat,cat_0088.jpg,44675,21118,2.115494,52.729715,2.272600,1.195600,3.468200,18.201889,35.529639,0.996523
cat,cat_0089.jpg,58103,26353,2.204796,54.644339,2.683800,1.457900,4.141700,10.042274,38.112483,0.998561
cat,cat_0090.jpg,19812,9983,1.984574,49.611347,0.597500,0.686000,1.283500,12.103821,37.301579,0.998429
cat,cat_0091.jpg,11900,5817,2.045728,51.117647,0.488800,0.432100,0.920900,7.785290,39.218056,0.999214
cat,cat_0092.jpg,40605,19293,2.104649,52.486147,1.054600,0.948300,2.002900,17.777692,35.632050,0.997798
cat,cat_0093.jpg,37482,15241,2.459287,59.337815,0.885100,1.720700,2.605800,25.211424,34.114830,0.992961
cat,cat_0094.jpg,42858,21581,1.985914,49.645340,1.182600,1.688400,2.871000,12.838907,37.045523,0.999409
cat,cat_0095.jpg,52124,24613,2.117743,52.779909,1.738000,1.739200,3.477200,6.968990,39.699105,0.999248
cat,cat_0096.jpg,22553,10953,2.059071,51.434399,0.703800,0.637200,1.341000,15.081189,36.346448,0.998959
cat,cat_0097.jpg,47261,23158,2.040807,50.999767,1.871400,1.479500,3.350900,5.948736,40.386557,0.999064
cat,cat_0098.jpg,41357,19863,2.082112,51.971855,1.185700,1.007000,2.192700,14.351181,36.561927,0.998788
cat,cat_0099.jpg,44124,20743,2.127175,52.989303,1.648300,1.400900,3.049200,4.994945,41.145496,0.999358
cat,cat_0100.jpg,68376,32984,2.073005,51.760852,1.481400,1.225100,2.706500,20.280205,35.060080,0.996564
cat,cat_0101.jpg,30674,15810,1.940164,48.457977,1.362400,1.075300,2.437700,3.082168,43.242240,0.999154
cat,cat_0102.jpg,25440,11835,2.149556,53.478774,0.491500,0.720900,1.212400,22.019513,34.702726,0.998208
cat,cat_0103.jpg,25745,12496,2.060259,51.462420,0.612900,0.632100,1.245000,32.572831,33.002249,0.995594
cat,cat_0104.jpg,38856,19081,2.036371,50.893041,2.278200,1.737500,4.015700,3.910582,42.208390,0.999024
cat,cat_0105.jpg,80241,40738,1.969684,49.230443,2.181600,2.157300,4.338900,8.444719,38.864952,0.999259
cat,cat_0106.jpg,35204,17016,2.068876,51.664584,1.179600,1.045500,2.225100,10.560809,37.893832,0.998522
cat,cat_0107.jpg,33705,15390,2.190058,54.339119,1.525300,1.252900,2.778200,10.186373,38.050608,0.998828
cat,cat_0108.jpg,10425,5367,1.942426,48.517986,0.314900,0.573300,0.888200,24.879467,34.172393,0.996220
cat,cat_0109.jpg,18702,9232,2.025780,50.636296,1.453600,0.695600,2.149200,6.826711,39.788689,0.997266
cat,cat_0110.jpg,70791,36037,1.964398,49.093811,1.563000,2.008000,3.571000,23.576191,34.406067,0.996151
cat,cat_0111.jpg,29959,14646,2.045541,51.113188,1.496100,1.307800,2.803900,9.096424,38.542097,0.999235
cat,cat_0112.jpg,41820,21021,1.989439,49.734577,1.241400,1.115200,2.356600,57.666029,30.521603,0.992732
cat,cat_0113.jpg,58371,28181,2.071289,51.720889,4.915500,1.350200,6.265700,28.343628,33.606249,0.997609
cat,cat_0114.jpg,38470,19261,1.997300,49.932415,1.283200,1.484700,2.767900,14.011678,36.665902,0.998744
cat,cat_0115.jpg,54858,25213,2.175782,54.039520,2.286000,1.548200,3.834200,10.156764,38.063250,0.999362
cat,cat_0116.jpg,38020,17149,2.217039,54.894792,0.872100,0.923400,1.795500,35.023516,32.687206,0.993984
cat,cat_0117.jpg,55969,29023,1.928436,48.144509,6.983900,2.552400,9.536300,7.273970,39.513089,0.997903
cat,cat_0118.jpg,31584,15815,1.997091,49.927178,1.238400,0.936600,2.175000,46.775032,31.430663,0.995567
cat,cat_0119.jpg,28773,14152,2.033140,50.815000,1.032700,1.114800,2.147500,7.386077,39.446665,0.999299
cat,cat_0120.jpg,44261,20505,2.158547,53.672533,59.373300,1.496500,60.869800,6.998766,39.680589,0.999548
cat,cat_0121.jpg,8632,4663,1.851169,45.980074,0.300000,0.292600,0.592600,13.800295,36.731920,0.998535
cat,cat_0122.jpg,20690,10011,2.066727,51.614306,1.018900,0.830800,1.849700,11.180164,37.646322,0.999096
cat,cat_0123.jpg,57077,26824,2.127833,53.003837,2.075000,2.180600,4.255600,28.980441,33.509754,0.996815
cat,cat_0124.jpg,30869,14546,2.122164,52.878292,1.690500,1.172500,2.863000,4.868329,41.257004,0.999184
cat,cat_0125.jpg,39405,18846,2.090895,52.173582,2.180300,17.054500,19.234800,13.846093,36.717531,0.998378
cat,cat_0126.jpg,17144,8494,2.018366,50.454970,0.630300,0.694400,1.324700,17.106930,35.799083,0.998161
cat,cat_0127.jpg,40615,20147,2.015933,50.395174,1.927700,1.421100,3.348800,7.283534,39.507382,0.998920
cat,cat_0128.jpg,46409,23479,1.976617,49.408520,5.328200,4.694800,10.023000,11.870333,37.386174,0.998141
cat,cat_0129.jpg,49655,23176,2.142518,53.325949,3.113100,1.666900,4.780000,6.593245,39.939812,0.999614
cat,cat_0130.jpg,49117,22535,2.179587,54.119755,2.159600,1.886200,4.045800,9.950201,38.152485,0.999185
cat,cat_0131.jpg,30986,14109,2.196187,54.466533,1.190000,1.004300,2.194300,8.723923,38.723685,0.999304
cat,cat_0132.jpg,21667,11189,1.936455,48.359256,0.666300,0.647700,1.314000,12.393498,37.198865,0.999155
cat,cat_0133.jpg,17835,8481,2.102936,52.447435,0.458100,0.470500,0.928600,44.979353,31.600672,0.985372
cat,cat_0134.jpg,41548,19639,2.115586,52.731780,1.713500,1.837000,3.550500,9.550375,38.330599,0.999232
cat,cat_0135.jpg,49950,25903,1.928348,48.142142,1.979300,1.813600,3.792900,8.723938,38.723678,0.998819
cat,cat_0136.jpg,56265,27462,2.048831,51.191682,1.643400,6.545800,8.189200,15.023998,36.362948,0.998966
cat,cat_0137.jpg,11573,5870,1.971550,49.278493,0.930000,0.391500,1.321500,8.267375,38.957127,0.998669
cat,cat_0138.jpg,77189,39938,1.932721,48.259467,2.024500,1.997800,4.022300,22.814159,34.548759,0.996282
cat,cat_0139.jpg,97793,46445,2.105566,52.506826,2.314600,2.409200,4.723800,21.159990,34.875649,0.997933
cat,cat_0140.jpg,41959,20318,2.065115,51.576539,1.687900,1.617000,3.304900,4.867096,41.258105,0.998932
cat,cat_0141.jpg,14783,7056,2.095096,52.269499,0.676000,0.633700,1.309700,8.042814,39.076723,0.998867
cat,cat_0142.jpg,48712,23101,2.108653,52.576367,1.585000,1.526600,3.111600,8.389573,38.893405,0.998700
cat,cat_0143.jpg,43707,20061,2.178705,54.101174,1.334800,1.233200,2.568000,11.040911,37.700754,0.999318
cat,cat_0144.jpg,10413,5397,1.929405,48.170556,0.325100,0.298700,0.623800,30.382673,33.304544,0.997366
cat,cat_0145.jpg,41777,20336,2.054337,51.322498,1.385300,1.444700,2.830000,9.898989,38.174895,0.999318
cat,cat_0146.jpg,15379,7334,2.096946,52.311594,0.344100,0.437200,0.781300,9.365592,38.415451,0.998920
cat,cat_0147.jpg,16145,8115,1.989526,49.736761,0.718200,0.668500,1.386700,4.396406,41.699825,0.999600
cat,cat_0148.jpg,21827,10395,2.099759,52.375498,0.819900,0.776400,1.596300,12.127299,37.293163,0.998553
cat,cat_0149.jpg,12928,6793,1.903136,47.455136,0.475400,0.451800,0.927200,11.650919,37.467202,0.998664
cat,cat_0150.jpg,11870,6238,1.902853,47.447346,0.353000,0.450500,0.803500,19.768028,35.171170,0.998392
cat,cat_0151.jpg,72664,33965,2.139379,53.257459,3.065400,7.031400,10.096800,9.290523,38.450402,0.999445
cat,cat_0152.jpg,60406,31825,1.898068,47.314836,2.032600,1.667500,3.700100,12.121100,37.295383,0.998500
cat,cat_0153.jpg,32256,14902,2.164542,53.800843,0.958300,0.759400,1.717700,10.493513,37.921595,0.999247
cat,cat_0154.jpg,12264,6596,1.859309,46.216569,0.413200,0.520200,0.933400,13.227118,36.916151,0.998509
cat,cat_0155.jpg,58775,27912,2.105725,52.510421,1.605000,1.351600,2.956600,9.313684,38.439588,0.998825
cat,cat_0156.jpg,27645,13837,1.997904,49.947549,0.472900,0.440100,0.913000,55.681131,30.673723,0.992078
cat,cat_0157.jpg,18016,8874,2.030201,50.743783,0.616800,0.577000,1.193800,13.418644,36.853717,0.998748
cat,cat_0158.jpg,15354,7378,2.081052,51.947375,0.469700,0.542300,1.012000,19.817892,35.160229,0.994280
cat,cat_0159.jpg,35461,17589,2.016090,50.399030,1.616700,1.113700,2.730400,7.598436,39.323562,0.999210
cat,cat_0160.jpg,62763,31537,1.990139,49.752243,1.500900,1.602900,3.103800,24.626519,34.216773,0.997861
cat,cat_0161.jpg,18572,9081,2.045149,51.103812,0.587300,0.542300,1.129600,12.019459,37.331955,0.998063
cat,cat_0162.jpg,22270,10612,2.098568,52.348451,0.733800,0.752000,1.485800,6.664409,39.893187,0.999394
cat,cat_0163.jpg,27644,13065,2.115882,52.738388,0.756000,0.740000,1.496000,13.524463,36.819603,0.998432
cat,cat_0164.jpg,45275,22107,2.047994,51.171728,1.332700,1.206300,2.539000,13.978923,36.676067,0.999085
cat,cat_0165.jpg,52470,26398,1.987651,49.689346,1.782300,1.764700,3.547000,6.719299,39.857564,0.999343
cat,cat_0166.jpg,52499,27115,1.936161,48.351397,1.097000,0.908700,2.005700,34.221131,32.787860,0.997038
cat,cat_0167.jpg,75160,36227,2.074696,51.800160,2.051300,1.919200,3.970500,10.925578,37.746359,0.998613
cat,cat_0168.jpg,42801,20705,2.067182,51.624962,1.207200,1.259400,2.466600,6.659003,39.896711,0.998748
cat,cat_0169.jpg,54307,29778,1.823729,45.167290,1.880900,1.100600,2.981500,2.532924,44.094582,0.999928
cat,cat_0170.jpg,51253,23444,2.186188,54.258287,1.801700,1.755700,3.557400,7.581781,39.333092,0.998369
cat,cat_0171.jpg,24490,13258,1.847187,45.863618,0.980100,0.843100,1.823200,6.935199,39.720214,0.999581
cat,cat_0172.jpg,12257,6093,2.011653,50.289630,0.433600,0.488500,0.922100,10.568366,37.890725,0.999340
cat,cat_0173.jpg,28150,13456,2.092004,52.198934,0.996200,0.861700,1.857900,11.480999,37.531007,0.997276
cat,cat_0174.jpg,40535,18684,2.169503,53.906501,1.439400,1.449000,2.888400,11.151550,37.657451,0.998557
cat,cat_0175.jpg,23686,11321,2.092218,52.203833,0.904600,0.729800,1.634400,7.866853,39.172793,0.998743
cat,cat_0176.jpg,40120,20197,1.986434,49.658524,1.371300,3.839500,5.210800,8.407695,38.884034,0.998915
cat,cat_0177.jpg,54775,26980,2.030208,50.743953,1.533600,1.304700,2.838300,19.464176,35.238443,0.998668
cat,cat_0178.jpg,62505,31533,1.982209,49.551236,2.066600,1.964300,4.030900,25.481841,34.068496,0.995546
cat,cat_0179.jpg,47851,23743,2.015373,50.381392,1.331800,1.287600,2.619400,15.824456,36.137516,0.998868
cat,cat_0180.jpg,51699,25071,2.062104,51.505832,1.405800,1.385600,2.791400,12.069038,37.314077,0.999080
cat,cat_0181.jpg,17608,8992,1.958185,48.932303,0.684000,0.756900,1.440900,6.629980,39.915682,0.998319
cat,cat_0182.jpg,7091,3755,1.888415,47.045551,0.308600,0.300000,0.608600,10.627306,37.866572,0.996335
cat,cat_0183.jpg,43107,23172,1.860306,46.245389,1.028400,1.093400,2.121800,30.753130,33.251910,0.996558
cat,cat_0184.jpg,23253,11642,1.997337,49.933342,4.331300,0.754100,5.085400,14.416557,36.542188,0.998856
cat,cat_0185.jpg,45200,21974,2.056976,51.384956,1.306000,1.163500,2.469500,16.090259,36.065173,0.998481
cat,cat_0186.jpg,32523,15148,2.147016,53.423731,0.943800,0.880700,1.824500,11.940107,37.360721,0.998081
cat,cat_0187.jpg,42929,20894,2.054609,51.328938,1.544700,1.486400,3.031100,5.433958,40.779641,0.999483
cat,cat_0188.jpg,34453,16046,2.147139,53.426407,1.541700,1.767900,3.309600,3.535669,42.646088,0.999692
cat,cat_0189.jpg,9419,5373,1.753024,42.955728,0.342600,0.330700,0.673300,15.226598,36.304775,0.996958
cat,cat_0190.jpg,32244,17128,1.882532,46.880040,1.046200,0.994900,2.041100,6.576061,39.951145,0.999355
cat,cat_0191.jpg,44549,22091,2.016613,50.411906,1.324200,0.950800,2.275000,25.404509,34.081695,0.997492
cat,cat_0192.jpg,58770,26666,2.203930,54.626510,1.445500,1.652000,3.097500,20.311669,35.053348,0.996812
cat,cat_0193.jpg,57879,27075,2.137729,53.221376,1.746300,1.414900,3.161200,17.977391,35.583537,0.998639
cat,cat_0194.jpg,55712,26839,2.075785,51.825460,1.808600,3.390300,5.198900,13.925613,36.692660,0.998491
cat,cat_0195.jpg,20967,9811,2.137091,53.207421,0.913000,0.824900,1.737900,7.170912,39.575060,0.996839
cat,cat_0196.jpg,35662,15768,2.261669,55.784869,1.221900,1.072100,2.294000,13.562107,36.807532,0.996342
cat,cat_0197.jpg,6748,3519,1.917590,47.851215,0.262700,0.263900,0.526600,10.416515,37.953579,0.998012
cat,cat_0198.jpg,4959,2804,1.768545,43.456342,0.183300,0.190400,0.373700,23.416644,34.435557,0.996145
cat,cat_0199.jpg,17746,8930,1.987234,49.678801,0.565400,0.545900,1.111300,16.258761,36.019929,0.998785
cat,cat_0200.jpg,25108,11970,2.097577,52.325952,1.274700,1.169900,2.444600,3.448450,42.754565,0.998925
cat,cat_0201.jpg,69826,34169,2.043548,51.065506,1.906500,1.894100,3.800600,19.283118,35.279031,0.998530
cat,cat_0202.jpg,18532,8919,2.077811,51.872437,0.778800,0.734500,1.513300,5.062448,41.087198,0.997950
cat,cat_0203.jpg,46341,21538,2.151593,53.522798,1.391800,1.260900,2.652700,16.906901,35.850164,0.998187
cat,cat_0204.jpg,23227,11179,2.077735,51.870668,0.717100,0.747000,1.464100,5.764525,40.523169,0.999267
cat,cat_0205.jpg,52887,23548,2.245923,55.474880,2.097100,2.030700,4.127800,8.935867,38.619437,0.999111
cat,cat_0206.jpg,24263,12354,1.963979,49.082966,0.608900,0.609800,1.218700,20.322856,35.050956,0.998048
cat,cat_0207.jpg,57446,29042,1.978032,49.444696,1.719900,1.439300,3.159200,12.959366,37.004966,0.998543
cat,cat_0208.jpg,35030,16565,2.114700,52.711961,1.028200,1.024000,2.052200,10.936019,37.742211,0.998652
cat,cat_0209.jpg,35726,16794,2.127307,52.992219,0.610400,0.858900,1.469300,22.245112,34.658458,0.998792
cat,cat_0210.jpg,68275,32454,2.103747,52.465763,1.506600,1.602600,3.109200,20.034490,35.113021,0.996953
cat,cat_0211.jpg,49850,25822,1.930524,48.200602,1.716600,1.644600,3.361200,6.012309,40.340391,0.999547
cat,cat_0212.jpg,66559,30912,2.153177,53.556995,1.751600,1.857200,3.608800,12.345646,37.215665,0.998455
cat,cat_0213.jpg,28459,14085,2.020518,50.507748,1.494500,0.993300,2.487800,5.015552,41.127616,0.999412
cat,cat_0214.jpg,51917,26662,1.947228,48.644953,1.077800,1.526600,2.604400,18.637233,35.426989,0.996774
cat,cat_0215.jpg,24635,13394,1.839256,45.630201,0.602500,0.921600,1.524100,6.476209,40.017595,0.999164
cat,cat_0216.jpg,23476,12170,1.929006,48.159823,0.652300,0.655000,1.307300,17.927909,35.595507,0.998576
cat,cat_0217.jpg,37847,18966,1.995518,49.887706,1.429000,1.116900,2.545900,6.597634,39.936921,0.999508
cat,cat_0218.jpg,21193,11046,1.918613,47.879017,0.751100,0.750600,1.501700,9.007246,38.584883,0.998838
cat,cat_0219.jpg,14910,7507,1.986146,49.651241,0.526000,0.501000,1.027000,9.254446,38.467299,0.999279
cat,cat_0220.jpg,48436,25530,1.897219,47.291271,1.895600,1.567500,3.463100,4.892700,41.235318,0.999716
cat,cat_0221.jpg,10899,5770,1.888908,47.059363,0.485400,0.799700,1.285100,11.996361,37.340308,0.995549
cat,cat_0222.jpg,44791,17634,2.540036,60.630484,1.903400,1.222800,3.126200,18.105202,35.552770,0.991815
cat,cat_0223.jpg,37176,22827,1.628598,38.597482,1.569500,1.435200,3.004700,2.817796,43.631708,0.999964
cat,cat_0224.jpg,64961,33310,1.950195,48.723080,2.103600,2.127100,4.230700,6.645542,39.905500,0.999628
cat,cat_0225.jpg,37642,19287,1.951677,48.762021,1.316100,1.030800,2.346900,6.717416,39.858781,0.998905
cat,cat_0226.jpg,39367,18634,2.112644,52.665938,1.374800,1.481600,2.856400,6.639548,39.909418,0.999667
cat,cat_0227.jpg,35724,17632,2.026089,50.643825,1.120000,1.148100,2.268100,6.215217,40.196241,0.999349
cat,cat_0228.jpg,21973,10493,2.094063,52.245938,0.693400,0.749800,1.443200,16.016191,36.085211,0.998563
cat,cat_0229.jpg,48342,24387,1.982286,49.553184,1.481000,1.417100,2.898100,10.655074,37.855239,0.999122
cat,cat_0230.jpg,73251,34292,2.136096,53.185622,1.810300,1.964100,3.774400,17.405280,35.723994,0.997629
cat,cat_0231.jpg,44507,22025,2.020749,50.513402,2.008400,1.324900,3.333300,8.140948,39.024054,0.999516
cat,cat_0232.jpg,40117,19446,2.062995,51.526784,1.080500,0.908900,1.989400,11.108775,37.674142,0.998323
cat,cat_0233.jpg,30705,14826,2.071024,51.714704,0.514100,0.755700,1.269800,19.342396,35.265701,0.996858
cat,cat_0234.jpg,32695,15137,2.159939,53.702401,0.955500,0.992400,1.947900,10.160900,38.061482,0.998960
cat,cat_0235.jpg,54039,25287,2.137027,53.206018,1.508200,1.436500,2.944700,9.559590,38.326411,0.999118
cat,cat_0236.jpg,44251,22086,2.003577,50.089264,0.948100,0.891300,1.839400,50.298658,31.115240,0.992993
cat,cat_0237.jpg,64911,32772,1.980685,49.512409,1.159400,1.523200,2.682600,46.506954,31.455625,0.994442
cat,cat_0238.jpg,18460,9146,2.018369,50.455038,0.583200,0.638100,1.221300,8.714794,38.728233,0.999183
cat,cat_0239.jpg,10834,5432,1.994477,49.861547,0.382200,0.650900,1.033100,10.809366,37.792802,0.997985
cat,cat_0240.jpg,49827,25315,1.968280,49.194212,1.263200,1.693900,2.957100,15.070359,36.349568,0.997421
cat,cat_0241.jpg,61473,30137,2.039785,50.975225,1.477400,1.543800,3.021200,33.667834,32.858652,0.995477
cat,cat_0242.jpg,49780,22977,2.166514,53.842909,1.538600,1.504000,3.042600,5.545558,40.691351,0.999373
cat,cat_0243.jpg,15902,7662,2.075437,51.817381,0.565900,0.543500,1.109400,15.923641,36.110380,0.998240
cat,cat_0244.jpg,40379,20183,2.000644,50.016097,1.535700,1.243700,2.779400,10.381346,37.968267,0.999307
cat,cat_0245.jpg,24597,11843,2.076923,51.851852,0.548200,0.853400,1.401600,6.324762,40.120362,0.998544
cat,cat_0246.jpg,19233,9227,2.084426,52.025165,0.427100,0.457200,0.884300,36.009977,32.566575,0.994001
cat,cat_0247.jpg,43451,21995,1.975494,49.379761,2.425200,1.221800,3.647000,21.714476,34.763310,0.996642
cat,cat_0248.jpg,33608,15888,2.115307,52.725542,1.227400,1.017600,2.245000,8.413755,38.880905,0.999202
cat,cat_0249.jpg,32350,15476,2.090333,52.160742,0.919000,0.946600,1.865600,9.884663,38.181185,0.998284
cat,cat_0250.jpg,20329,10710,1.898133,47.316641,0.516400,0.712100,1.228500,5.818942,40.482363,0.999220
cat,cat_0251.jpg,47996,22459,2.137050,53.206517,2.776500,1.343000,4.119500,7.885310,39.162616,0.998568
cat,cat_0252.jpg,16148,7850,2.057070,51.387169,0.541800,0.568300,1.110100,9.958205,38.148993,0.999296
cat,cat_0253.jpg,43898,21541,2.037881,50.929427,1.387600,1.544600,2.932200,17.058626,35.811363,0.998197
cat,cat_0254.jpg,62450,30957,2.017314,50.429143,1.607300,1.650300,3.257600,16.914008,35.848338,0.998994
cat,cat_0255.jpg,20284,10655,1.903707,47.470913,0.554300,1.076200,1.630500,21.704130,34.765380,0.998612
cat,cat_0256.jpg,19407,10119,1.917877,47.859020,0.445400,0.525400,0.970800,30.856787,33.237297,0.995702
cat,cat_0257.jpg,69976,31690,2.208141,54.713044,2.397800,1.971300,4.369100,16.480490,35.961102,0.998229
cat,cat_0258.jpg,14449,6879,2.100451,52.391169,0.381800,0.359500,0.741300,22.960526,34.520985,0.997093
cat,cat_0259.jpg,25338,12568,2.016073,50.398611,0.495600,0.536600,1.032200,38.204899,32.309613,0.995729
cat,cat_0260.jpg,38582,20122,1.917404,47.846146,0.758700,0.791800,1.550500,45.066195,31.592295,0.997145
cat,cat_0261.jpg,15110,8049,1.877252,46.730642,0.439900,0.497500,0.937400,13.154235,36.940148,0.998426
cat,cat_0262.jpg,24434,12558,1.945692,48.604404,1.201500,1.129100,2.330600,3.535220,42.646639,0.999567
cat,cat_0263.jpg,30852,14557,2.119393,52.816673,1.034000,1.055900,2.089900,12.432894,37.185081,0.993775
cat,cat_0264.jpg,55152,26684,2.066857,51.617348,1.579000,1.593200,3.172200,12.486447,37.166415,0.998650
cat,cat_0265.jpg,27462,14144,1.941601,48.496104,1.499600,0.696600,2.196200,16.210804,36.032758,0.999151
cat,cat_0266.jpg,55624,33103,1.680331,40.487919,2.083400,1.878600,3.962000,2.960349,43.417375,0.999941
cat,cat_0267.jpg,30876,16559,1.864605,46.369348,0.973500,0.947500,1.921000,11.400442,37.561587,0.998221
cat,cat_0268.jpg,22164,11066,2.002892,50.072189,0.647700,0.613300,1.261000,15.905399,36.115358,0.998602
cat,cat_0269.jpg,27408,14021,1.954782,48.843403,2.020900,0.848400,2.869300,25.044990,34.143595,0.995369
cat,cat_0270.jpg,71622,34789,2.058754,51.426936,1.852000,3.644400,5.496400,17.673038,35.657691,0.997797
cat,cat_0271.jpg,37449,18082,2.071065,51.715667,1.473800,3.598100,5.071900,4.677925,41.430271,0.999307
cat,cat_0272.jpg,28406,14239,1.994943,49.873266,0.881500,0.896800,1.778300,12.505704,37.159722,0.996906
cat,cat_0273.jpg,37771,17527,2.155018,53.596675,1.410700,1.186900,2.597600,8.333008,38.922786,0.999095
cat,cat_0274.jpg,11305,6138,1.841805,45.705440,1.145000,0.522300,1.667300,5.538469,40.696907,0.999092
cat,cat_0275.jpg,47935,23498,2.039961,50.979451,1.252000,1.179000,2.431000,14.646894,36.473348,0.998227
cat,cat_0276.jpg,46113,20869,2.209641,54.743782,7.281100,2.313900,9.595000,10.783506,37.803204,0.997886
cat,cat_0277.jpg,33158,16661,1.990157,49.752699,0.919200,0.889500,1.808700,23.299093,34.457413,0.998146
cat,cat_0278.jpg,33712,16504,2.042656,51.044139,1.714700,0.937700,2.652400,10.159199,38.062209,0.998974
cat,cat_0279.jpg,51232,26822,1.910074,47.646002,2.407500,2.590600,4.998100,5.181547,40.986209,0.999099
cat,cat_0280.jpg,21073,11425,1.844464,45.783704,0.583000,0.588300,1.171300,19.213786,35.294674,0.998546
cat,cat_0281.jpg,18220,9079,2.006829,50.170143,0.631700,1.580500,2.212200,7.175033,39.572565,0.998430
cat,cat_0282.jpg,24353,12738,1.911839,47.694329,1.044900,0.969800,2.014700,6.723020,39.855159,0.999639
cat,cat_0283.jpg,39620,20196,1.961775,49.025745,1.839300,1.714600,3.553900,4.228419,41.869023,0.999667
cat,cat_0284.jpg,35324,21105,1.673727,40.253086,1.796500,1.276900,3.073400,2.752593,43.733383,0.999927
cat,cat_0285.jpg,8224,4369,1.882353,46.875000,0.348700,0.329500,0.678200,7.116755,39.607984,0.999128
cat,cat_0286.jpg,8458,4543,1.861765,46.287538,0.263400,0.286500,0.549900,11.075691,37.687095,0.998961
cat,cat_0287.jpg,47528,27118,1.752637,42.943107,1.560900,1.597700,3.158600,2.751569,43.735000,0.999896
cat,cat_0288.jpg,23132,11484,2.014281,50.354487,0.689700,0.592500,1.282200,12.727923,37.083228,0.997888
cat,cat_0289.jpg,29257,14418,2.029200,50.719486,0.644200,0.779200,1.423400,21.843487,34.737584,0.997862
cat,cat_0290.jpg,27566,13687,2.014028,50.348255,0.661800,1.077400,1.739200,15.499140,36.227728,0.998587
cat,cat_0291.jpg,17059,10037,1.699611,41.163022,0.781100,0.649000,1.430100,2.565439,44.039187,0.999905
cat,cat_0292.jpg,13784,7546,1.826663,45.255369,0.346500,0.373800,0.720300,63.056935,30.133475,0.992480
cat,cat_0293.jpg,15543,9421,1.649825,39.387506,1.286500,0.586100,1.872600,3.158738,43.135668,0.999941
cat,cat_0294.jpg,68351,31499,2.169942,53.915817,2.938600,1.761400,4.700000,15.743294,36.159848,0.996686
cat,cat_0295.jpg,44391,23106,1.921189,47.948909,2.250500,1.922700,4.173200,4.958143,41.177613,0.998534
cat,cat_0296.jpg,7181,3808,1.885767,46.971174,0.243100,0.697300,0.940400,38.364988,32.291453,0.997255
cat,cat_0297.jpg,99433,47717,2.083807,52.010902,3.474700,2.457400,5.932100,16.441316,35.971438,0.994806
cat,cat_0298.jpg,18963,9081,2.088206,52.112008,0.572000,0.528300,1.100300,16.551801,35.942351,0.998667
cat,cat_0299.jpg,44560,20865,2.135634,53.175494,1.955800,1.321500,3.277300,15.580196,36.205075,0.997586
cat,cat_0300.jpg,11493,5636,2.039212,50.961455,0.434600,0.482700,0.917300,10.664520,37.851390,0.997745
cat,cat_0301.jpg,27193,13828,1.966517,49.148678,1.690300,1.019400,2.709700,12.058486,37.317876,0.996049
cat,cat_0302.jpg,40367,18802,2.146952,53.422350,1.776700,1.332200,3.108900,17.253940,35.761921,0.996867
cat,cat_0303.jpg,40087,17938,2.234753,55.252326,1.136800,1.180600,2.317400,13.599211,36.795666,0.995532
cat,cat_0304.jpg,65360,31571,2.070254,51.696756,2.052800,1.986100,4.038900,9.930048,38.161290,0.999414
cat,cat_0305.jpg,40666,19785,2.055396,51.347563,1.606200,1.385200,2.991400,5.647858,40.611966,0.997520
cat,cat_0306.jpg,14075,6818,2.064388,51.559503,0.456800,0.437100,0.893900,17.373604,35.731905,0.997796
cat,cat_0307.jpg,70514,33521,2.103577,52.461922,1.815800,2.731100,4.546900,13.404997,36.858136,0.998380
cat,cat_0308.jpg,9905,5353,1.850364,45.956588,0.366000,0.348200,0.714200,10.147444,38.067237,0.998904
cat,cat_0309.jpg,41518,21225,1.956090,48.877595,1.014700,1.007200,2.021900,21.048555,34.898581,0.997907
cat,cat_0310.jpg,34350,16991,2.021659,50.535662,0.935600,0.846000,1.781600,17.451788,35.712404,0.998056
cat,cat_0311.jpg,32451,15906,2.040174,50.984561,1.011800,0.823100,1.834900,10.509685,37.914907,0.998605
cat,cat_0312.jpg,49340,22563,2.186766,54.270369,1.623200,1.567300,3.190500,10.981174,37.724316,0.998212
cat,cat_0313.jpg,41898,20244,2.069650,51.682658,1.016300,1.139600,2.155900,11.909494,37.371871,0.997481
cat,cat_0314.jpg,27858,13911,2.002588,50.064613,0.866200,0.844900,1.711100,11.330381,37.588358,0.997389
cat,cat_0315.jpg,41917,20705,2.024487,50.604767,1.015400,0.986600,2.002000,22.925472,34.527621,0.998110
cat,cat_0316.jpg,28227,14742,1.914733,47.773408,0.873800,0.876400,1.750200,7.181234,39.568813,0.999298
cat,cat_0317.jpg,39903,19257,2.072130,51.740471,1.709900,1.480000,3.189900,4.745364,41.368109,0.999697
cat,cat_0318.jpg,56611,27107,2.088427,52.117080,2.154200,1.845800,4.000000,12.041376,37.324042,0.997054
cat,cat_0319.jpg,87520,43005,2.035112,50.862660,2.038200,1.647800,3.686000,16.286329,36.012572,0.998596
cat,cat_0320.jpg,45816,24487,1.871034,46.553606,1.720700,1.670800,3.391500,4.662676,41.444452,0.999657
cat,cat_0321.jpg,46842,23038,2.033249,50.817642,1.658100,2.693200,4.351300,7.554133,39.348957,0.999551
cat,cat_0322.jpg,17682,9054,1.952949,48.795385,0.272900,0.398000,0.670900,61.296225,30.256466,0.995515
cat,cat_0323.jpg,29008,13095,2.215197,54.857281,0.463400,0.691700,1.155100,22.839580,34.543922,0.989954
cat,cat_0324.jpg,21553,10145,2.124495,52.929987,0.651700,0.608300,1.260000,15.753203,36.157115,0.999195
cat,cat_0325.jpg,24595,11999,2.049754,51.213661,2.961100,1.809700,4.770800,5.009996,41.132429,0.998451
cat,cat_0326.jpg,41300,19829,2.082808,51.987893,0.982800,0.928000,1.910800,24.199551,34.292730,0.998303
cat,cat_0327.jpg,43392,21719,1.997882,49.946995,1.307600,1.265300,2.572900,7.577411,39.335595,0.999252
cat,cat_0328.jpg,9618,4825,1.993368,49.833645,0.330100,0.273400,0.603500,11.096576,37.678914,0.998940
cat,cat_0329.jpg,10002,4851,2.061843,51.499700,0.294300,1.224000,1.518300,31.457737,33.153529,0.996406
cat,cat_0330.jpg,33855,18193,1.860881,46.262000,1.369100,1.100300,2.469400,7.792681,39.213935,0.998760
cat,cat_0331.jpg,6521,3560,1.831742,45.407146,0.217000,0.219700,0.436700,13.889555,36.703920,0.994839
cat,cat_0332.jpg,33553,16396,2.046414,51.134027,0.930900,0.897600,1.828500,9.733045,38.248316,0.998233
cat,cat_0333.jpg,50489,24532,2.058087,51.411198,0.828200,0.929000,1.757200,24.445992,34.248727,0.996300
cat,cat_0334.jpg,14597,7582,1.925218,48.057820,0.794900,0.403500,1.198400,8.836708,38.667898,0.998389
cat,cat_0335.jpg,46697,21411,2.180982,54.149089,1.332700,1.150800,2.483500,23.298156,34.457588,0.998147
cat,cat_0336.jpg,11327,5974,1.896050,47.258762,0.452100,0.591400,1.043500,9.872159,38.186682,0.998212
cat,cat_0337.jpg,67252,31970,2.103597,52.462380,1.292400,2.331800,3.624200,26.055867,33.971748,0.995706
cat,cat_0338.jpg,43260,20557,2.104393,52.480351,1.220600,1.004200,2.224800,11.032361,37.704119,0.997740
cat,cat_0339.jpg,41896,21081,1.987382,49.682547,1.416500,1.292900,2.709400,7.972551,39.114831,0.999280
cat,cat_0340.jpg,41553,20563,2.020765,50.513802,2.097800,1.170500,3.268300,19.142951,35.310715,0.997208
cat,cat_0341.jpg,76672,35737,2.145451,53.389764,1.818100,1.770300,3.588400,23.623470,34.397367,0.997112
cat,cat_0342.jpg,22118,11007,2.009449,50.235103,0.532100,0.740100,1.272200,12.489048,37.165510,0.998581
cat,cat_0343.jpg,13672,6308,2.167406,53.861908,0.514600,0.462000,0.976600,8.299739,38.940159,0.992698
cat,cat_0344.jpg,75399,33778,2.232193,55.200997,1.895900,2.115800,4.011700,14.531343,36.507746,0.994400
cat,cat_0345.jpg,11729,5783,2.028186,50.694859,0.339400,0.436200,0.775600,14.664763,36.468053,0.989855
cat,cat_0346.jpg,16842,8778,1.918660,47.880299,0.589400,0.574100,1.163500,11.014196,37.711276,0.998925
cat,cat_0347.jpg,55379,26851,2.062456,51.514112,1.287800,1.485900,2.773700,43.605366,31.735404,0.994909
cat,cat_0348.jpg,68175,33871,2.012784,50.317565,1.435500,1.680000,3.115500,16.473159,35.963035,0.998862
cat,cat_0349.jpg,39460,18997,2.077170,51.857577,1.254600,1.067600,2.322200,6.375853,40.085421,0.999511
cat,cat_0350.jpg,60352,28958,2.084122,52.018160,1.547800,1.808300,3.356100,10.263129,38.018006,0.999103
cat,cat_0351.jpg,3657,2136,1.712079,41.591468,0.124300,0.182300,0.306600,27.375111,33.757245,0.997648
cat,cat_0352.jpg,49927,22736,2.195945,54.461514,1.206300,0.912700,2.119000,16.588972,35.932609,0.997795
cat,cat_0353.jpg,41063,19538,2.101699,52.419453,1.088100,1.172300,2.260400,7.665811,39.285223,0.999190
cat,cat_0354.jpg,31795,15839,2.007387,50.183991,1.283300,1.222600,2.505900,4.796013,41.322000,0.999638
cat,cat_0355.jpg,39290,20882,1.881525,46.851616,0.719300,0.959100,1.678400,75.891161,29.328892,0.989603
cat,cat_0356.jpg,37732,19997,1.886883,47.002544,1.834600,1.526600,3.361200,3.620238,42.543432,0.999592
cat,cat_0357.jpg,63533,31077,2.044374,51.085263,1.920000,1.736500,3.656500,18.337422,35.497421,0.996559
cat,cat_0358.jpg,35921,17902,2.006536,50.162857,0.963800,1.064100,2.027900,8.995521,38.590540,0.998297
cat,cat_0359.jpg,39563,19176,2.063152,51.530470,0.921500,0.938300,1.859800,26.593176,33.883101,0.993519
cat,cat_0360.jpg,37380,20319,1.839657,45.642055,2.298200,1.582300,3.880500,4.744592,41.368815,0.999811
cat,cat_0361.jpg,72277,33405,2.163658,53.781978,2.438500,9.653100,12.091600,17.374013,35.731802,0.997515
cat,cat_0362.jpg,17882,9702,1.843125,45.744324,2.079800,0.583600,2.663400,44.090772,31.687327,0.994867
cat,cat_0363.jpg,40217,19162,2.098789,52.353482,1.190900,1.139700,2.330600,14.124594,36.631044,0.999141
cat,cat_0364.jpg,64980,33465,1.941730,48.499538,3.127100,4.313100,7.440200,9.449063,38.376916,0.997903
cat,cat_0365.jpg,26112,12256,2.130548,53.063725,1.842100,0.911300,2.753400,17.980740,35.582728,0.994766
cat,cat_0366.jpg,10803,5032,2.146860,53.420346,0.343400,0.341400,0.684800,31.539295,33.142284,0.993065
cat,cat_0367.jpg,11967,6164,1.941434,48.491685,0.371700,0.390800,0.762500,15.488646,36.230669,0.998724
cat,cat_0368.jpg,45987,22159,2.075319,51.814643,6.900800,1.314500,8.215300,10.093370,38.090442,0.999104
cat,cat_0369.jpg,42170,21366,1.973697,49.333650,5.525700,1.447100,6.972800,10.553239,37.896946,0.999067
cat,cat_0370.jpg,35759,16946,2.110173,52.610532,1.368100,1.567200,2.935300,9.076414,38.551661,0.999562
cat,cat_0371.jpg,61055,29956,2.038156,50.936041,1.459700,1.605900,3.065600,23.836960,34.358295,0.996227
cat,cat_0372.jpg,47975,21794,2.201294,54.572173,1.811800,1.687500,3.499300,7.185320,39.566343,0.998770
cat,cat_0373.jpg,56433,27622,2.043045,51.053462,1.982600,16.186000,18.168600,8.537509,38.817492,0.999030
cat,cat_0374.jpg,47470,24834,1.911492,47.684854,1.358200,1.821100,3.179300,11.796089,37.413423,0.998461
cat,cat_0375.jpg,35008,16649,2.102709,52.442299,6.106200,1.271900,7.378100,10.652917,37.856118,0.999113
cat,cat_0376.jpg,43647,22118,1.973370,49.325269,1.830000,1.054400,2.884400,53.054628,30.883571,0.995358
cat,cat_0377.jpg,71565,35958,1.990239,49.754768,1.520700,1.735300,3.256000,40.180021,32.090702,0.997221
cat,cat_0378.jpg,23868,11313,2.109785,52.601810,1.611400,1.565200,3.176600,32.307895,33.037717,0.983451
cat,cat_0379.jpg,23695,11454,2.068710,51.660688,0.710600,0.728600,1.439200,14.935959,36.388472,0.998551
cat,cat_0380.jpg,76775,36490,2.104001,52.471508,2.160000,2.010200,4.170200,17.015422,35.822376,0.997939
cat,cat_0381.jpg,48086,24281,1.980396,49.505053,17.238200,1.582700,18.820900,6.364440,40.093202,0.999523
cat,cat_0382.jpg,35926,18444,1.947842,48.661137,1.442400,1.872100,3.314500,4.432503,41.664313,0.999724
cat,cat_0383.jpg,36297,17102,2.122383,52.883158,1.166300,1.179200,2.345500,25.033911,34.145517,0.997762
cat,cat_0384.jpg,32687,13943,2.344330,57.343898,0.843500,0.789800,1.633300,26.689632,33.867378,0.994445
cat,cat_0385.jpg,16375,6745,2.427724,58.809160,0.533800,0.455300,0.989100,15.602781,36.198783,0.997837
cat,cat_0386.jpg,37624,17100,2.200234,54.550287,1.439700,1.289400,2.729100,7.306622,39.493638,0.998568
cat,cat_0387.jpg,36222,17229,2.102386,52.434984,1.103100,0.981800,2.084900,14.407065,36.545049,0.998316
cat,cat_0388.jpg,57535,27737,2.074305,51.791084,1.599100,1.526300,3.125400,17.858074,35.612457,0.998728
cat,cat_0389.jpg,55281,26369,2.096439,52.300067,1.696900,1.782600,3.479500,11.366967,37.574357,0.998478
cat,cat_0390.jpg,26192,13006,2.013840,50.343616,0.778100,0.787200,1.565300,11.909504,37.371867,0.997248
cat,cat_0391.jpg,29917,14924,2.004623,50.115319,0.786200,0.866800,1.653000,10.860742,37.772209,0.998649
cat,cat_0392.jpg,37512,18381,2.040803,50.999680,1.319600,1.038400,2.358000,6.724487,39.854212,0.999556
cat,cat_0393.jpg,33262,16091,2.067118,51.623474,1.413000,1.180800,2.593800,5.004105,41.137540,0.999315
cat,cat_0394.jpg,28305,13509,2.095270,52.273450,0.789900,1.135300,1.925200,16.165077,36.045026,0.991917
cat,cat_0395.jpg,39042,18420,2.119544,52.820040,2.621400,1.180300,3.801700,7.955559,39.124096,0.999531
cat,cat_0396.jpg,9226,4935,1.869504,46.509863,0.239100,0.533000,0.772100,7.767143,39.228191,0.996180
cat,cat_0397.jpg,37043,18137,2.042400,51.037983,0.639700,2.352500,2.992200,21.743583,34.757493,0.995331
cat,cat_0398.jpg,40657,20473,1.985884,49.644588,3.122900,1.242100,4.365000,18.620638,35.430858,0.998223
cat,cat_0399.jpg,21351,10183,2.096730,52.306684,0.760300,0.750100,1.510400,7.091383,39.623494,0.999237
cat,cat_0400.jpg,16183,7740,2.090827,52.172032,0.420200,0.461200,0.881400,34.712670,32.725923,0.993337
cat,cat_0401.jpg,34789,16972,2.049788,51.214464,1.035600,1.017000,2.052600,8.721754,38.724765,0.999594
cat,cat_0402.jpg,51104,24260,2.106513,52.528178,1.483400,1.328000,2.811400,20.987365,34.911224,0.991883
cat,cat_0403.jpg,39339,19700,1.996904,49.922469,1.784600,2.270700,4.055300,6.208308,40.201071,0.999426
cat,cat_0404.jpg,60398,28412,2.125792,52.958707,1.877100,1.504600,3.381700,6.514317,39.992115,0.999487
cat,cat_0405.jpg,38448,22393,1.716965,41.757699,1.374600,1.680300,3.054900,2.186075,44.734154,0.999952
cat,cat_0406.jpg,47918,23382,2.049354,51.204140,1.160800,1.223700,2.384500,19.072796,35.326660,0.998589
cat,cat_0407.jpg,25533,13137,1.943594,48.548937,0.872600,0.926100,1.798700,7.523069,39.366853,0.999014
cat,cat_0408.jpg,44901,20766,2.162236,53.751587,1.396800,1.404300,2.801100,7.832403,39.191854,0.997532
cat,cat_0409.jpg,41645,21749,1.914801,47.775243,1.494800,1.399000,2.893800,4.813743,41.305975,0.999604
cat,cat_0410.jpg,51474,26543,1.939268,48.434161,1.636800,1.488700,3.125500,5.660498,40.602257,0.999588
cat,cat_0411.jpg,28989,12780,2.268310,55.914312,0.610400,0.938200,1.548600,32.803063,32.971660,0.996931
cat,cat_0412.jpg,58123,27673,2.100351,52.388899,2.283400,1.882300,4.165700,5.629033,40.626466,0.999689
cat,cat_0413.jpg,8655,4659,1.857695,46.169844,0.274800,0.284000,0.558800,10.725637,37.826573,0.997614
cat,cat_0414.jpg,17862,9514,1.877444,46.736088,0.952300,0.677700,1.630000,4.899803,41.229017,0.999534
cat,cat_0415.jpg,63824,32314,1.975119,49.370143,1.664300,2.242800,3.907100,14.858790,36.410969,0.998403
cat,cat_0416.jpg,55898,28900,1.934187,48.298687,1.427800,1.585100,3.012900,9.023111,38.577241,0.998279
cat,cat_0417.jpg,5530,3116,1.774711,43.652803,0.135900,0.208900,0.344800,20.688298,34.973556,0.995624
cat,cat_0418.jpg,18744,8999,2.082898,51.989970,0.398500,0.481100,0.879600,18.613476,35.432529,0.997658
cat,cat_0419.jpg,40609,19138,2.121904,52.872516,1.607900,1.293800,2.901700,7.211899,39.550308,0.997225
cat,cat_0420.jpg,21621,10741,2.012941,50.321447,0.587900,0.688600,1.276500,7.016537,39.669575,0.999160
cat,cat_0421.jpg,25491,16670,1.529154,34.604370,1.597100,1.376200,2.973300,2.169287,44.767634,0.999946
cat,cat_0422.jpg,36092,17723,2.036450,50.894935,1.353500,1.789200,3.142700,7.033348,39.659183,0.999543
cat,cat_0423.jpg,34733,17384,1.997987,49.949616,1.093800,1.177300,2.271100,15.006419,36.368033,0.997189
cat,cat_0424.jpg,26007,13683,1.900680,47.387242,0.660700,0.740400,1.401100,16.043498,36.077813,0.997309
cat,cat_0425.jpg,23348,12163,1.919592,47.905602,0.487300,0.553300,1.040600,57.610176,30.525812,0.995506
cat,cat_0426.jpg,50794,23838,2.130800,53.069260,1.446200,1.344600,2.790800,11.351210,37.580382,0.998600
cat,cat_0427.jpg,8932,4885,1.828454,45.309001,0.371900,0.346700,0.718600,7.111448,39.611223,0.999497
cat,cat_0428.jpg,26873,12363,2.173663,53.994716,1.138200,0.968900,2.107100,8.141783,39.023609,0.999322
cat,cat_0429.jpg,7481,3888,1.924126,48.028338,0.325100,0.288200,0.613300,9.090390,38.544979,0.998968
cat,cat_0430.jpg,10874,7090,1.533709,34.798602,0.910400,0.668800,1.579200,1.836893,45.489965,0.999927
cat,cat_0431.jpg,67430,31636,2.131433,53.083197,2.628000,2.300000,4.928000,18.196776,35.530859,0.997887
cat,cat_0432.jpg,29668,16032,1.850549,45.961979,1.099900,1.063700,2.163600,4.625515,41.479203,0.999647
cat,cat_0433.jpg,41806,24162,1.730238,42.204468,1.325100,1.308100,2.633200,2.703780,43.811090,0.999919
cat,cat_0434.jpg,35294,17329,2.036701,50.901003,0.940000,2.187000,3.127000,20.213398,35.074410,0.997901
cat,cat_0435.jpg,27458,14328,1.916387,47.818486,1.203900,6.336000,7.539900,4.046507,42.060001,0.999638
cat,cat_0436.jpg,38728,17864,2.167936,53.873167,2.514100,1.927300,4.441400,6.962057,39.703428,0.999613
cat,cat_0437.jpg,40637,20905,1.943889,48.556734,1.081900,1.196300,2.278200,11.403894,37.560272,0.996394
cat,cat_0438.jpg,37009,17201,2.151561,53.522116,1.182700,1.099900,2.282600,7.048741,39.649688,0.998229
cat,cat_0439.jpg,33399,16500,2.024182,50.597323,1.673700,2.204300,3.878000,11.074196,37.687681,0.999287
cat,cat_0440.jpg,26233,12479,2.102172,52.430145,4.090600,1.188700,5.279300,2.734487,43.762045,0.999252
cat,cat_0441.jpg,49320,26415,1.867121,46.441606,3.050300,1.694100,4.744400,6.637403,39.910822,0.999387
cat,cat_0442.jpg,50028,24546,2.038132,50.935476,1.670800,2.010100,3.680900,8.833838,38.669309,0.998438
cat,cat_0443.jpg,64534,30967,2.083960,52.014442,1.508700,1.513600,3.022300,26.430076,33.909819,0.993971
cat,cat_0444.jpg,20352,11056,1.840810,45.676101,0.931600,0.849100,1.780700,3.987913,42.123347,0.999743
cat,cat_0445.jpg,52086,24933,2.089039,52.131091,1.344600,1.364200,2.708800,19.918008,35.138345,0.997152
cat,cat_0446.jpg,24227,11512,2.104500,52.482767,1.135100,1.017100,2.152200,5.469452,40.751366,0.999731
cat,cat_0447.jpg,9178,4630,1.982289,49.553280,0.323100,0.328800,0.651900,15.516999,36.222726,0.997038
cat,cat_0448.jpg,42086,22400,1.878839,46.775650,1.588200,1.616800,3.205000,4.913104,41.217244,0.999489
cat,cat_0449.jpg,28466,14094,2.019725,50.488302,1.148700,1.461300,2.610000,4.694742,41.414686,0.999678
cat,cat_0450.jpg,48592,22619,2.148282,53.451185,1.680600,1.870700,3.551300,7.516858,39.370440,0.999502
cat,cat_0451.jpg,25419,12934,1.965285,49.116802,0.866800,0.902100,1.768900,8.460019,38.857090,0.999433
cat,cat_0452.jpg,17578,8358,2.103135,52.451929,0.709500,0.643500,1.353000,10.231516,38.031404,0.998843
cat,cat_0453.jpg,27751,13919,1.993750,49.843249,0.851300,0.746600,1.597900,11.158427,37.654774,0.999047
cat,cat_0454.jpg,19186,10102,1.899228,47.347024,0.552900,0.516100,1.069000,21.538526,34.798644,0.997772
cat,cat_0455.jpg,46395,20793,2.231280,55.182671,1.474500,1.440300,2.914800,7.928483,39.138903,0.999578
cat,cat_0456.jpg,49139,24366,2.016704,50.414131,1.590800,1.165400,2.756200,7.114529,39.609342,0.999430
cat,cat_0457.jpg,30827,15618,1.973812,49.336620,0.850500,0.799400,1.649900,14.506454,36.515191,0.999205
cat,cat_0458.jpg,30701,15974,1.921936,47.969122,1.215900,1.074800,2.290700,6.277302,40.153073,0.998269
cat,cat_0459.jpg,61015,31540,1.934528,48.307793,1.876000,1.703100,3.579100,11.060646,37.692999,0.998837
cat,cat_0460.jpg,72403,36107,2.005234,50.130519,2.056900,2.023000,4.079900,7.823238,39.196938,0.998347
cat,cat_0461.jpg,74340,35747,2.079615,51.914178,1.366100,1.327500,2.693600,37.698309,32.367585,0.993537
cat,cat_0462.jpg,40439,20025,2.019426,50.480971,1.199000,1.077900,2.276900,8.711388,38.729930,0.998532
cat,cat_0463.jpg,50707,24669,2.055495,51.349912,1.465900,1.406400,2.872300,7.646562,39.296142,0.999180
cat,cat_0464.jpg,39304,17958,2.188662,54.309994,1.594800,1.362800,2.957600,8.105034,39.043255,0.999639
cat,cat_0465.jpg,54861,28042,1.956387,48.885365,2.626800,2.003400,4.630200,3.600078,42.567685,0.999696
cat,cat_0466.jpg,10300,5119,2.012112,50.300971,0.593600,0.320100,0.913700,11.565160,37.499287,0.999039
cat,cat_0467.jpg,36931,18529,1.993146,49.828058,1.151000,3.781000,4.932000,8.179015,39.003794,0.998050
cat,cat_0468.jpg,42875,19825,2.162673,53.760933,1.290200,1.192000,2.482200,10.247447,38.024647,0.998776
cat,cat_0469.jpg,51277,26236,1.954452,48.834760,1.145200,1.349700,2.494900,37.046207,32.443366,0.995867
cat,cat_0470.jpg,44295,22342,1.982589,49.560899,1.886000,1.013800,2.899800,18.581923,35.439897,0.998374
cat,cat_0471.jpg,29877,15402,1.939813,48.448639,0.776400,0.945300,1.721700,7.582433,39.332718,0.999630
cat,cat_0472.jpg,59708,32465,1.839150,45.627052,1.759200,1.567500,3.326700,8.841665,38.665463,0.998960
cat,cat_0473.jpg,30213,15246,1.981700,49.538278,0.875900,0.739100,1.615000,18.214859,35.526546,0.996965
cat,cat_0474.jpg,15118,7749,1.950961,48.743220,0.475400,2.309800,2.785200,17.069256,35.808658,0.998123
cat,cat_0475.jpg,33604,17056,1.970216,49.244138,1.068700,0.946700,2.015400,12.615764,37.121668,0.997544
cat,cat_0476.jpg,73409,35921,2.043624,51.067308,2.027500,1.694200,3.721700,31.300640,33.175271,0.996444
cat,cat_0477.jpg,36783,16491,2.230489,55.166789,0.894000,1.012500,1.906500,29.692582,33.404324,0.997481
cat,cat_0478.jpg,23970,11017,2.175728,54.038381,0.634900,0.718900,1.353800,14.288148,36.581044,0.999392
cat,cat_0479.jpg,52690,26313,2.002432,50.060733,1.762300,1.576300,3.338600,8.036996,39.079866,0.998835
cat,cat_0480.jpg,86870,41104,2.113420,52.683320,2.439300,2.347200,4.786500,14.065506,36.649250,0.998762
cat,cat_0481.jpg,20482,10199,2.008236,50.205058,0.694400,0.632500,1.326900,11.220168,37.630810,0.996001
cat,cat_0482.jpg,26132,14130,1.849398,45.928364,0.525600,0.742400,1.268000,8.397135,38.889492,0.998986
cat,cat_0483.jpg,48437,23113,2.095660,52.282346,1.476300,1.343300,2.819600,12.694029,37.094809,0.997364
cat,cat_0484.jpg,47526,23109,2.056601,51.376089,2.443000,1.572000,4.015000,15.552604,36.212772,0.997338
cat,cat_0485.jpg,39820,19442,2.048143,51.175289,0.989800,0.902300,1.892100,22.301790,34.647406,0.994452
cat,cat_0486.jpg,61587,29756,2.069734,51.684609,1.495400,1.408200,2.903600,16.992560,35.828216,0.998488
cat,cat_0487.jpg,33161,15173,2.185527,54.244444,0.974100,0.876300,1.850400,11.086949,37.682683,0.999028
cat,cat_0488.jpg,18639,10292,1.811018,44.782445,0.339400,0.853200,1.192600,68.930208,29.746708,0.992384
cat,cat_0489.jpg,19015,9562,1.988601,49.713384,0.531100,0.760100,1.291200,12.882658,37.030749,0.997618
cat,cat_0490.jpg,19258,10113,1.904282,47.486759,0.591400,0.549800,1.141200,12.740923,37.078795,0.998633
cat,cat_0491.jpg,22888,11063,2.068878,51.664628,0.931000,0.717900,1.648900,8.146277,39.021212,0.998854
cat,cat_0492.jpg,70103,33212,2.110773,52.623996,1.408800,1.736400,3.145200,24.663155,34.210317,0.997259
cat,cat_0493.jpg,82758,39400,2.100457,52.391310,2.454800,1.836300,4.291100,34.199841,32.790563,0.995511
cat,cat_0494.jpg,50151,25449,1.970647,49.255249,2.190600,1.729100,3.919700,8.402108,38.886921,0.997190
cat,cat_0495.jpg,96021,48099,1.996320,49.907833,2.085000,2.252300,4.337300,37.223916,32.422583,0.995054
cat,cat_0496.jpg,27294,12833,2.126860,52.982340,0.474300,0.562500,1.036800,19.695346,35.187167,0.997502
cat,cat_0497.jpg,9971,5105,1.953183,48.801524,0.283200,0.365200,0.648400,7.294573,39.500805,0.999162
cat,cat_0498.jpg,54207,26613,2.036862,50.904865,1.595900,1.923700,3.519600,6.322702,40.121776,0.998978
cat,cat_0499.jpg,30958,15385,2.012220,50.303637,0.478000,0.518000,0.996000,32.642850,32.992923,0.992904
dog,dog_0000.jpg,8562,4880,1.754508,43.003971,0.229500,0.244700,0.474200,53.336086,30.860592,0.991424
dog,dog_0001.jpg,9981,6126,1.629285,38.623384,0.291900,0.305600,0.597500,4.622333,41.482192,0.999785
dog,dog_0002.jpg,54954,27918,1.968407,49.197511,1.766400,1.744200,3.510600,15.783755,36.148700,0.998811
dog,dog_0003.jpg,47965,22384,2.142825,53.332638,1.493000,1.292500,2.785500,9.205691,38.490240,0.998961
dog,dog_0004.jpg,27897,13300,2.097519,52.324623,0.714700,1.186100,1.900800,12.692614,37.095293,0.998582
dog,dog_0005.jpg,20266,11462,1.768103,43.442218,0.428100,0.540900,0.969000,25.698096,34.031794,0.994246
dog,dog_0006.jpg,65153,31446,2.071901,51.735147,1.584200,1.490000,3.074200,16.050240,36.075988,0.998276
dog,dog_0007.jpg,45674,24166,1.890011,47.090248,1.291600,1.375200,2.666800,9.069100,38.555162,0.999410
dog,dog_0008.jpg,28623,13965,2.049624,51.210565,0.635200,0.849800,1.485000,8.419178,38.878107,0.997983
dog,dog_0009.jpg,58714,28397,2.067613,51.635044,1.561900,1.628100,3.190000,9.791201,38.222444,0.998601
dog,dog_0010.jpg,7145,3825,1.867974,46.466060,0.326100,0.243100,0.569200,21.143859,34.878961,0.989392
dog,dog_0011.jpg,29487,14526,2.029946,50.737613,0.842400,0.822000,1.664400,10.081876,38.095390,0.998952
dog,dog_0012.jpg,14970,8154,1.835909,45.531062,0.315700,0.547900,0.863600,52.605333,30.920506,0.989642
dog,dog_0013.jpg,20001,10052,1.989753,49.742513,0.474800,0.495800,0.970600,29.102786,33.491458,0.997614
dog,dog_0014.jpg,25650,12630,2.030879,50.760234,0.692000,0.702500,1.394500,19.931889,35.135319,0.997287
dog,dog_0015.jpg,39215,18506,2.119042,52.808874,1.227700,1.101400,2.329100,10.050484,38.108934,0.998407
dog,dog_0016.jpg,41086,19641,2.091849,52.195395,0.942100,1.272300,2.214400,12.808242,37.055908,0.999110
dog,dog_0017.jpg,44656,23442,1.904957,47.505374,1.509700,1.390200,2.899900,6.110807,40.269818,0.999027
dog,dog_0018.jpg,23123,11214,2.061976,51.502833,0.954100,1.093300,2.047400,8.550302,38.810989,0.999530
dog,dog_0019.jpg,17851,9341,1.911037,47.672399,0.331900,0.312600,0.644500,44.259739,31.670715,0.993742
dog,dog_0020.jpg,41403,18956,2.184163,54.215878,1.089700,1.651600,2.741300,13.418568,36.853742,0.995079
dog,dog_0021.jpg,47794,22729,2.102776,52.443821,1.284200,1.164600,2.448800,9.263332,38.463131,0.998771
dog,dog_0022.jpg,92101,45556,2.021710,50.536911,1.769000,1.900900,3.669900,34.509733,32.751388,0.997334
dog,dog_0023.jpg,65232,29961,2.177230,54.070088,2.146500,1.872700,4.019200,7.520528,39.368320,0.999547
dog,dog_0024.jpg,3926,2368,1.657939,39.684157,0.138800,0.154700,0.293500,57.020152,30.570520,0.995881
dog,dog_0025.jpg,34533,16931,2.039631,50.971534,0.912300,0.772700,1.685000,26.394179,33.915722,0.996069
dog,dog_0026.jpg,39879,19608,2.033813,50.831265,1.187700,1.185400,2.373100,10.521876,37.909872,0.999095
dog,dog_0027.jpg,12543,6436,1.948881,48.688512,0.329300,0.474300,0.803600,7.018045,39.668642,0.999312
dog,dog_0028.jpg,16172,8507,1.901023,47.396735,0.474500,0.483800,0.958300,14.688074,36.461155,0.997775
dog,dog_0029.jpg,36838,18258,2.017636,50.437049,0.979600,1.504600,2.484200,17.167777,35.783663,0.997410
dog,dog_0030.jpg,28550,15016,1.901305,47.404553,0.956800,0.874400,1.831200,5.700612,40.571589,0.999019
dog,dog_0031.jpg,71924,35751,2.011804,50.293365,2.665400,2.120200,4.785600,6.716345,39.859474,0.999356
dog,dog_0032.jpg,6498,3490,1.861891,46.291167,0.163100,0.233700,0.396800,14.685358,36.461958,0.998045
dog,dog_0033.jpg,26622,13605,1.956781,48.895650,0.708300,0.715800,1.424100,15.285211,36.288089,0.999008
dog,dog_0034.jpg,4983,2819,1.767648,43.427654,0.180500,0.191400,0.371900,23.830558,34.359461,0.996191
dog,dog_0035.jpg,44276,22008,2.011814,50.293613,1.773100,4.057800,5.830900,6.612696,39.927018,0.999347
dog,dog_0036.jpg,25308,12382,2.043935,51.074759,0.765200,0.725400,1.490600,11.140875,37.661611,0.998923
dog,dog_0037.jpg,21301,10364,2.055288,51.345007,0.562300,0.506200,1.068500,27.281490,33.772123,0.991259
dog,dog_0038.jpg,44924,22714,1.977811,49.439053,1.123900,1.035800,2.159700,18.130544,35.546695,0.995785
dog,dog_0039.jpg,51794,24475,2.116200,52.745492,2.514100,3.459500,5.973600,9.792796,38.221736,0.998614
dog,dog_0040.jpg,46094,21696,2.124539,52.930967,1.102400,1.105100,2.207500,24.664888,34.210012,0.994083
dog,dog_0041.jpg,38634,19110,2.021664,50.535797,4.340700,1.428400,5.769100,4.247178,41.849799,0.999828
dog,dog_0042.jpg,33392,16675,2.002519,50.062889,0.934600,0.879900,1.814500,23.810711,34.363080,0.995340
dog,dog_0043.jpg,14724,8069,1.824761,45.198316,0.550000,0.538300,1.088300,6.366553,40.091760,0.999465
dog,dog_0044.jpg,50466,23427,2.154181,53.578647,1.180900,1.595300,2.776200,42.663105,31.830279,0.985822
dog,dog_0045.jpg,51633,27057,1.908305,47.597467,2.452600,1.870900,4.323500,8.174722,39.006073,0.999416
dog,dog_0046.jpg,39230,19041,2.060291,51.463166,0.901500,0.912600,1.814100,16.239886,36.024974,0.998620
dog,dog_0047.jpg,16998,9320,1.823820,45.170020,0.675200,0.648200,1.323400,16.421836,35.976587,0.996314
dog,dog_0048.jpg,35887,16096,2.229560,55.148104,1.242500,1.440900,2.683400,16.586003,35.933386,0.996223
dog,dog_0049.jpg,45694,24586,1.858537,46.194249,1.523500,2.484900,4.008400,10.977462,37.725784,0.999029
dog,dog_0050.jpg,27194,14036,1.937447,48.385673,1.045400,0.900600,1.946000,7.393672,39.442202,0.999373
dog,dog_0051.jpg,33228,18500,1.796108,44.324064,0.832600,0.800300,1.632900,50.442538,31.102834,0.995463
dog,dog_0052.jpg,65386,32165,2.032831,50.807512,1.844600,1.895600,3.740200,18.866284,35.373940,0.997506
dog,dog_0053.jpg,41504,21812,1.902806,47.446029,1.181100,1.117900,2.299000,15.273851,36.291318,0.999139
dog,dog_0054.jpg,2580,1686,1.530249,34.651163,0.180700,0.137400,0.318100,33.821520,32.838872,0.987952
dog,dog_0055.jpg,49691,23072,2.153736,53.569057,2.459900,2.016900,4.476800,5.834555,40.470727,0.999617
dog,dog_0056.jpg,42417,22725,1.866535,46.424783,2.033900,1.346900,3.380800,9.171866,38.506226,0.998890
dog,dog_0057.jpg,56109,28127,1.994845,49.870787,1.862300,1.730100,3.592400,11.596162,37.487661,0.999208
dog,dog_0058.jpg,18112,8882,2.039180,50.960689,0.567300,0.391100,0.958400,27.663938,33.711664,0.995275
dog,dog_0059.jpg,36690,18220,2.013721,50.340692,1.261800,1.560100,2.821900,9.963091,38.146863,0.999032
dog,dog_0060.jpg,22346,10986,2.034043,50.836839,1.453900,0.708300,2.162200,10.896101,37.758092,0.999095
dog,dog_0061.jpg,27070,14260,1.898317,47.321758,0.857500,0.840200,1.697700,9.858529,38.192683,0.998926
dog,dog_0062.jpg,29265,14518,2.015774,50.391252,0.767600,0.881500,1.649100,32.825363,32.968708,0.996270
dog,dog_0063.jpg,55783,26932,2.071254,51.720058,8.674400,1.768400,10.442800,8.045129,39.075473,0.998891
dog,dog_0064.jpg,4897,2694,1.817743,44.986727,0.179300,0.285600,0.464900,21.927451,34.720922,0.995360
dog,dog_0065.jpg,62144,29036,2.140240,53.276262,1.465100,1.701000,3.166100,20.670296,34.977337,0.997287
dog,dog_0066.jpg,46002,22280,2.064722,51.567323,1.167600,1.315400,2.483000,15.030050,36.361199,0.997961
dog,dog_0067.jpg,32970,17412,1.893522,47.188353,0.566400,0.686900,1.253300,31.715099,33.118143,0.995882
dog,dog_0068.jpg,50483,25357,1.990890,49.771210,1.560300,1.585200,3.145500,6.352607,40.101284,0.999391
dog,dog_0069.jpg,47736,21650,2.204896,54.646388,1.500400,1.606600,3.107000,7.663320,39.286634,0.999170
dog,dog_0070.jpg,35383,17053,2.074884,51.804539,1.479800,1.232900,2.712700,5.908793,40.415816,0.999295
dog,dog_0071.jpg,24954,12711,1.963181,49.062275,0.860600,0.886700,1.747300,7.119537,39.606286,0.999587
dog,dog_0072.jpg,12006,6158,1.949659,48.708979,0.507500,0.439800,0.947300,29.512914,33.430683,0.994560
dog,dog_0073.jpg,83757,39798,2.104553,52.483971,3.798600,2.106400,5.905000,18.201688,35.529687,0.997943
dog,dog_0074.jpg,21320,11399,1.870340,46.533771,1.221700,1.963900,3.185600,5.218719,40.955164,0.999527
dog,dog_0075.jpg,71132,33599,2.117087,52.765281,2.216300,2.364200,4.580500,8.014012,39.092304,0.998916
dog,dog_0076.jpg,12879,6619,1.945762,48.606258,0.398700,0.370500,0.769200,10.078174,38.096985,0.999079
dog,dog_0077.jpg,61539,31700,1.941293,48.487951,1.539200,1.672300,3.211500,10.472686,37.930223,0.998016
dog,dog_0078.jpg,3901,2280,1.710965,41.553448,0.140700,0.147600,0.288300,34.424207,32.762164,0.987875
dog,dog_0079.jpg,31701,16775,1.889776,47.083688,0.834400,0.946700,1.781100,13.962946,36.681033,0.998842
dog,dog_0080.jpg,67070,33308,2.013630,50.338452,1.769700,1.526200,3.295900,25.337606,34.093148,0.990580
dog,dog_0081.jpg,51563,24441,2.109693,52.599732,1.069300,0.972400,2.041700,16.576451,35.935888,0.998640
dog,dog_0082.jpg,21215,10961,1.935499,48.333726,0.742500,0.895100,1.637600,4.139548,41.961275,0.999658
dog,dog_0083.jpg,20229,10195,1.984208,49.602056,0.595600,0.589900,1.185500,14.575424,36.494592,0.998479
dog,dog_0084.jpg,63172,31817,1.985479,49.634332,1.583900,1.392500,2.976400,32.146888,33.059414,0.992718
dog,dog_0085.jpg,34319,17643,1.945191,48.591159,1.000800,0.979000,1.979800,6.232428,40.184231,0.999364
dog,dog_0086.jpg,46680,24276,1.922887,47.994859,0.770800,1.085200,1.856000,33.791057,32.842786,0.996651
dog,dog_0087.jpg,32573,15868,2.052748,51.284806,0.938000,0.657800,1.595800,14.593291,36.489271,0.997979
dog,dog_0088.jpg,29073,14837,1.959493,48.966395,0.648200,0.764000,1.412200,21.046449,34.899015,0.996654
dog,dog_0089.jpg,83824,40550,2.067176,51.624833,2.099400,2.068200,4.167600,11.875754,37.384192,0.998797
dog,dog_0090.jpg,58816,28850,2.038683,50.948721,1.115000,1.201800,2.316800,32.580132,33.001275,0.996985
dog,dog_0091.jpg,44528,22213,2.004592,50.114535,1.269900,1.211200,2.481100,13.036458,36.979207,0.999004
dog,dog_0092.jpg,16842,8218,2.049404,51.205320,0.477800,0.518400,0.996200,11.868598,37.386809,0.999033
dog,dog_0093.jpg,27659,13813,2.002389,50.059655,0.922000,0.830800,1.752800,12.748213,37.076311,0.998753
dog,dog_0094.jpg,36956,18089,2.043010,51.052603,0.677200,0.935900,1.613100,11.743734,37.432742,0.999004
dog,dog_0095.jpg,33424,16568,2.017383,50.430828,0.998800,0.961300,1.960100,10.267115,38.016319,0.998686
dog,dog_0096.jpg,36815,17339,2.123248,52.902350,1.566700,1.175700,2.742400,5.433763,40.779796,0.999380
dog,dog_0097.jpg,18791,10107,1.859206,46.213613,0.588600,0.438200,1.026800,33.768486,32.845688,0.996721
dog,dog_0098.jpg,11399,5683,2.005807,50.144750,0.422200,0.276700,0.698900,9.380254,38.408657,0.998549
dog,dog_0099.jpg,37191,18332,2.028748,50.708505,1.346800,1.309500,2.656300,6.955752,39.707363,0.999185
dog,dog_0100.jpg,43519,21735,2.002254,50.056297,0.840000,1.054400,1.894400,24.002594,34.328222,0.998119
dog,dog_0101.jpg,12585,6654,1.891344,47.127533,0.429600,0.519600,0.949200,14.380857,36.552956,0.999139
dog,dog_0102.jpg,29962,14883,2.013169,50.327081,1.230600,1.141100,2.371700,5.698859,40.572925,0.999337
dog,dog_0103.jpg,27314,12837,2.127756,53.002123,0.658300,0.928000,1.586300,9.347595,38.423805,0.999378
dog,dog_0104.jpg,40781,19787,2.061000,51.479856,1.272500,1.127500,2.400000,11.520067,37.516254,0.998859
dog,dog_0105.jpg,39510,20264,1.949763,48.711719,0.937300,1.705300,2.642600,13.553683,36.810230,0.998289
dog,dog_0106.jpg,62505,32578,1.918626,47.879370,1.337900,1.402100,2.740000,12.918163,37.018796,0.998730
dog,dog_0107.jpg,15929,7598,2.096473,52.300835,0.304000,0.559400,0.863400,19.037518,35.334700,0.993496
dog,dog_0108.jpg,27221,13531,2.011751,50.292054,1.074600,0.959400,2.034000,9.009102,38.583988,0.999082
dog,dog_0109.jpg,44042,25270,1.742857,42.622951,1.095400,1.141500,2.236900,4.689943,41.419128,0.999736
dog,dog_0110.jpg,34345,17430,1.970453,49.250255,2.179100,0.947200,3.126300,11.909320,37.371934,0.998814
dog,dog_0111.jpg,28703,14489,1.981020,49.520956,0.886100,0.844000,1.730100,8.081398,39.055938,0.998634
dog,dog_0112.jpg,41804,19996,2.090618,52.167257,1.672300,1.939800,3.612100,4.794447,41.323418,0.999720
dog,dog_0113.jpg,65084,33052,1.969140,49.216397,1.451900,1.510600,2.962500,50.251876,31.119281,0.994332
dog,dog_0114.jpg,43059,21060,2.044587,51.090364,1.311600,1.070400,2.382000,15.670594,36.179949,0.997883
dog,dog_0115.jpg,18419,8857,2.079598,51.913785,0.487000,0.652500,1.139500,10.308353,37.998911,0.998937
dog,dog_0116.jpg,73960,38137,1.939324,48.435641,1.341800,1.219800,2.561600,47.832512,31.333572,0.993862
dog,dog_0117.jpg,16255,8356,1.945309,48.594279,0.329100,0.538800,0.867900,19.440230,35.243790,0.997179
dog,dog_0118.jpg,8164,4251,1.920489,47.929936,0.677900,0.273700,0.951600,30.360854,33.307664,0.997958
dog,dog_0119.jpg,21702,10870,1.996504,49.912450,0.470800,0.509800,0.980600,38.914071,32.229737,0.995392
dog,dog_0120.jpg,37706,18352,2.054599,51.328701,3.352000,4.193700,7.545700,5.794397,40.500721,0.999016
dog,dog_0121.jpg,67689,33086,2.045850,51.120566,1.588200,1.846800,3.435000,21.211227,34.865146,0.995862
dog,dog_0122.jpg,50009,27958,1.788719,44.094063,1.346600,1.386600,2.733200,3.023260,43.326049,0.999912
dog,dog_0123.jpg,32167,16632,1.934043,48.294836,0.907200,0.880200,1.787400,10.847741,37.777410,0.998988
dog,dog_0124.jpg,72390,38174,1.896317,47.266197,3.041300,2.580500,5.621800,8.073186,39.060354,0.999402
dog,dog_0125.jpg,45334,23056,1.966256,49.141924,1.667400,1.904500,3.571900,3.901212,42.218808,0.999425
dog,dog_0126.jpg,47638,22952,2.075549,51.819976,1.859000,1.592800,3.451800,6.720012,39.857103,0.999337
dog,dog_0127.jpg,21730,11455,1.896988,47.284860,1.017100,0.846100,1.863200,6.058814,40.306927,0.999228
dog,dog_0128.jpg,48501,22177,2.186996,54.275170,1.271000,1.849900,3.120900,18.478815,35.464062,0.996969
dog,dog_0129.jpg,78623,38731,2.029976,50.738334,1.596800,2.032500,3.629300,34.271792,32.781436,0.991437
dog,dog_0130.jpg,55785,28255,1.974341,49.350184,1.380700,1.499800,2.880500,11.352457,37.579905,0.998853
dog,dog_0131.jpg,80644,39925,2.019887,50.492287,1.837900,2.070500,3.908400,18.864911,35.374256,0.997784
dog,dog_0132.jpg,34041,17072,1.993967,49.848712,1.270900,1.630300,2.901200,6.832894,39.784757,0.998786
dog,dog_0133.jpg,50441,25829,1.952882,48.793640,1.565400,1.405100,2.970500,17.030868,35.818436,0.997821
dog,dog_0134.jpg,18792,9964,1.885990,46.977437,0.866400,0.791400,1.657800,4.474505,41.623353,0.999564
dog,dog_0135.jpg,46638,23254,2.005590,50.139371,0.747800,0.910100,1.657900,26.465644,33.903979,0.995000
dog,dog_0136.jpg,49271,22436,2.196069,54.464086,1.433900,1.988200,3.422100,12.024557,37.330113,0.998669
dog,dog_0137.jpg,56339,26535,2.123196,52.901187,1.913400,1.688900,3.602300,6.576559,39.950816,0.998971
dog,dog_0138.jpg,13382,6579,2.034048,50.836945,0.300500,0.360400,0.660900,12.423745,37.188278,0.997950
dog,dog_0139.jpg,38326,20331,1.885102,46.952460,1.096000,0.984500,2.080500,13.174235,36.933550,0.998895
dog,dog_0140.jpg,36146,17813,2.029192,50.719305,0.854400,0.885400,1.739800,14.735451,36.447169,0.997563
dog,dog_0141.jpg,41686,20451,2.038336,50.940364,1.187900,2.136700,3.324600,9.005583,38.585685,0.999074
dog,dog_0142.jpg,75275,35994,2.091321,52.183328,1.607300,2.063700,3.671000,34.424479,32.762130,0.996747
dog,dog_0143.jpg,57142,27272,2.095263,52.273284,1.623600,1.409600,3.033200,11.423690,37.552740,0.996372
dog,dog_0144.jpg,32069,16107,1.990998,49.773925,0.593500,0.777700,1.371200,16.927141,35.844968,0.996951
dog,dog_0145.jpg,35654,18011,1.979568,49.483929,1.416100,1.317500,2.733600,9.620413,38.298867,0.998767
dog,dog_0146.jpg,50153,27031,1.855388,46.102925,1.449200,1.457900,2.907100,13.718273,36.757809,0.998707
dog,dog_0147.jpg,9997,5694,1.755708,43.042913,0.300300,0.713200,1.013500,11.258510,37.615994,0.998874
dog,dog_0148.jpg,72560,37381,1.941093,48.482635,1.378200,1.171000,2.549200,38.536692,32.272059,0.996678
dog,dog_0149.jpg,8128,4228,1.922422,47.982283,0.407500,0.249500,0.657000,17.728117,35.644178,0.995748
dog,dog_0150.jpg,50904,24287,2.095936,52.288622,0.770200,1.104700,1.874900,34.804483,32.714452,0.995657
dog,dog_0151.jpg,19850,10131,1.959333,48.962217,0.347400,0.571200,0.918600,39.249990,32.192408,0.992893
dog,dog_0152.jpg,37753,18723,2.016397,50.406590,0.829800,0.887600,1.717400,24.615786,34.218666,0.991934
dog,dog_0153.jpg,52444,24734,2.120320,52.837312,1.460200,1.035100,2.495300,21.935177,34.719392,0.995828
dog,dog_0154.jpg,35008,17881,1.957832,48.923103,1.008100,1.075900,2.084000,9.311303,38.440699,0.999001
dog,dog_0155.jpg,37361,18029,2.072272,51.743797,1.399200,1.201400,2.600600,9.265717,38.462013,0.999368
dog,dog_0156.jpg,67131,31506,2.130737,53.067882,1.663400,1.476000,3.139400,22.678157,34.574726,0.996090
dog,dog_0157.jpg,17944,9530,1.882896,46.890325,0.413500,0.625700,1.039200,22.278646,34.651916,0.995662
dog,dog_0158.jpg,2773,1770,1.566667,36.170213,0.125500,0.119500,0.245000,31.932499,33.088474,0.994116
dog,dog_0159.jpg,51637,26789,1.927545,48.120534,1.783100,2.126200,3.909300,6.458329,40.029602,0.999417
dog,dog_0160.jpg,66261,33033,2.005903,50.147145,2.607300,2.267900,4.875200,9.263783,38.462920,0.999427
dog,dog_0161.jpg,76168,36153,2.106824,52.535185,2.118600,2.088500,4.207100,10.097068,38.088851,0.998465
dog,dog_0162.jpg,36037,18332,1.965798,49.130061,0.822200,0.785200,1.607400,16.074657,36.069386,0.997683
dog,dog_0163.jpg,60398,31528,1.915694,47.799596,1.542800,1.737600,3.280400,8.569060,38.801472,0.999357
dog,dog_0164.jpg,50650,25772,1.965311,49.117473,1.253700,1.358200,2.611900,11.566247,37.498879,0.997680
dog,dog_0165.jpg,47979,23503,2.041399,51.013985,1.141600,1.104300,2.245900,17.193525,35.777154,0.996409
dog,dog_0166.jpg,20956,10558,1.984846,49.618248,0.453000,0.468100,0.921100,8.194849,38.995394,0.999210
dog,dog_0167.jpg,15810,7862,2.010939,50.271980,0.475100,0.443000,0.918100,9.857279,38.193233,0.999332
dog,dog_0168.jpg,35185,17243,2.040538,50.993321,0.772900,0.764000,1.536900,23.133028,34.488479,0.997807
dog,dog_0169.jpg,54049,27577,1.959930,48.977779,1.013500,1.059900,2.073400,33.891391,32.829910,0.996838
dog,dog_0170.jpg,55867,26720,2.090831,52.172123,2.113900,1.188400,3.302300,21.279901,34.851108,0.996134
dog,dog_0171.jpg,36240,19186,1.888877,47.058499,0.940200,0.839200,1.779400,10.098020,38.088441,0.999389
dog,dog_0172.jpg,32873,15943,2.061908,51.501232,0.993800,1.009500,2.003300,9.045318,38.566565,0.999034
dog,dog_0173.jpg,64631,31886,2.026940,50.664542,1.554400,2.275400,3.829800,29.773335,33.392529,0.997223
dog,dog_0174.jpg,19662,9804,2.005508,50.137321,0.423800,0.371200,0.795000,21.943899,34.717666,0.996269
dog,dog_0175.jpg,64614,33830,1.909962,47.642926,1.587600,1.450000,3.037600,20.604353,34.991214,0.997359
dog,dog_0176.jpg,24317,12495,1.946138,48.616194,0.437100,0.520400,0.957500,34.238774,32.785622,0.995569
dog,dog_0177.jpg,11292,5893,1.916172,47.812611,0.386900,0.326900,0.713800,14.135466,36.627702,0.998592
dog,dog_0178.jpg,9931,5133,1.934736,48.313362,0.253900,0.249200,0.503100,36.881983,32.462661,0.992688
dog,dog_0179.jpg,28281,14177,1.994851,49.870938,0.813500,0.881100,1.694600,8.216295,38.984044,0.999234
dog,dog_0180.jpg,69989,32234,2.171279,53.944191,2.280000,1.596400,3.876400,17.455480,35.711486,0.997485
dog,dog_0181.jpg,88399,42839,2.063517,51.539045,2.618200,2.394100,5.012300,18.997083,35.343934,0.996495
dog,dog_0182.jpg,64336,33287,1.932767,48.260694,1.843300,1.775200,3.618500,10.871992,37.767713,0.999050
dog,dog_0183.jpg,80909,40844,1.980927,49.518595,1.824900,1.460000,3.284900,13.274172,36.900729,0.998655
dog,dog_0184.jpg,27364,16542,1.654214,39.548312,0.982200,0.823800,1.806000,4.042620,42.064174,0.999884
dog,dog_0185.jpg,30340,16249,1.867192,46.443639,0.823300,0.850200,1.673500,9.206078,38.490057,0.999470
dog,dog_0186.jpg,91841,45512,2.017951,50.444790,1.947400,2.029400,3.976800,20.821741,34.945633,0.997497
dog,dog_0187.jpg,6651,3507,1.896493,47.271087,0.136300,0.203300,0.339600,20.006404,35.119113,0.997982
dog,dog_0188.jpg,43807,23077,1.898297,47.321204,0.854200,1.053000,1.907200,45.702096,31.531442,0.992710
dog,dog_0189.jpg,24609,12793,1.923630,48.014954,0.782300,0.728400,1.510700,7.299268,39.498011,0.996350
dog,dog_0190.jpg,31781,15429,2.059822,51.452125,0.626000,1.984400,2.610400,40.541054,32.051853,0.994296
dog,dog_0191.jpg,20393,9396,2.170392,53.925367,0.482600,0.508700,0.991300,21.089033,34.890237,0.997521
dog,dog_0192.jpg,45170,21484,2.102495,52.437458,1.114300,1.079500,2.193800,13.672462,36.772336,0.997640
dog,dog_0193.jpg,42481,21347,1.990022,49.749300,2.609300,1.672800,4.282100,7.646766,39.296025,0.998583
dog,dog_0194.jpg,16279,8118,2.005297,50.132072,0.496800,1.066500,1.563300,19.522208,35.225514,0.998592
dog,dog_0195.jpg,38101,18519,2.057401,51.394977,0.801300,1.440800,2.242100,43.323201,31.763598,0.994318
dog,dog_0196.jpg,27616,14087,1.960389,48.989716,11.699100,0.989200,12.688300,10.856092,37.774069,0.999519
dog,dog_0197.jpg,24448,12366,1.977034,49.419175,0.625200,0.585700,1.210900,30.654724,33.265830,0.996162
dog,dog_0198.jpg,67230,33573,2.002502,50.062472,2.125800,1.910000,4.035800,10.107372,38.084421,0.999409
dog,dog_0199.jpg,14856,7402,2.007025,50.175013,0.497400,0.474200,0.971600,12.417522,37.190454,0.997861
dog,dog_0200.jpg,36610,17888,2.046623,51.139033,1.634400,0.998000,2.632400,14.892631,36.401089,0.998276
dog,dog_0201.jpg,15109,8006,1.887210,47.011715,1.339300,0.695400,2.034700,12.897217,37.025844,0.998810
dog,dog_0202.jpg,14318,7373,1.941950,48.505378,0.407900,0.424400,0.832300,21.330677,34.840757,0.996462
dog,dog_0203.jpg,7729,4384,1.763002,43.278561,0.308000,0.266400,0.574400,11.131464,37.665281,0.998948
dog,dog_0204.jpg,44623,23915,1.865900,46.406562,4.881700,8.102700,12.984400,10.338196,37.986356,0.998939
dog,dog_0205.jpg,56852,28076,2.024932,50.615634,1.999500,1.282100,3.281600,16.276015,36.015323,0.998201
dog,dog_0206.jpg,26092,13571,1.922629,47.987889,0.856300,0.830400,1.686700,9.592008,38.311708,0.998977
dog,dog_0207.jpg,10446,5415,1.929086,48.161976,0.538500,0.807000,1.345500,18.165029,35.538443,0.996724
dog,dog_0208.jpg,44937,22290,2.016016,50.397223,14.938400,1.404300,16.342700,8.880547,38.646406,0.999395
dog,dog_0209.jpg,67526,31839,2.120858,52.849273,14.914300,2.498300,17.412600,13.651817,36.778899,0.998659
dog,dog_0210.jpg,41192,20077,2.051701,51.259953,1.286600,1.554500,2.841100,8.423716,38.875767,0.998895
dog,dog_0211.jpg,25152,13491,1.864354,46.362118,0.940800,0.793500,1.734300,6.990460,39.685746,0.999094
dog,dog_0212.jpg,60318,29245,2.062506,51.515302,1.624500,1.507500,3.132000,14.212546,36.604085,0.998478
dog,dog_0213.jpg,45953,22519,2.040632,50.995582,1.065700,1.091800,2.157500,23.655597,34.391465,0.995023
dog,dog_0214.jpg,48263,24727,1.951834,48.766136,1.488800,1.235000,2.723800,16.434963,35.973116,0.998220
dog,dog_0215.jpg,40230,19383,2.075530,51.819538,1.445700,1.996400,3.442100,5.710251,40.564251,0.998557
dog,dog_0216.jpg,44946,23221,1.935576,48.335781,1.000600,1.008400,2.009000,43.378078,31.758101,0.993009
dog,dog_0217.jpg,30727,16325,1.882205,46.870830,1.362700,5.298800,6.661500,4.142452,41.958229,0.999643
dog,dog_0218.jpg,56263,28887,1.947693,48.657199,1.612200,1.655900,3.268100,9.902984,38.173143,0.998802
dog,dog_0219.jpg,57093,27447,2.080118,51.925805,3.300700,1.372200,4.672900,19.038770,35.334415,0.997293
dog,dog_0220.jpg,42493,22252,1.909626,47.633728,1.346500,1.316600,2.663100,8.665553,38.752841,0.998987
dog,dog_0221.jpg,81636,37183,2.195519,54.452692,1.853800,1.844000,3.697800,20.220671,35.072848,0.998207
dog,dog_0222.jpg,52272,26145,1.999312,49.982782,2.545600,1.372400,3.918000,17.912148,35.599327,0.995262
dog,dog_0223.jpg,53507,27117,1.973190,49.320650,1.384800,1.852400,3.237200,21.218839,34.863587,0.997310
dog,dog_0224.jpg,61012,31799,1.918677,47.880745,1.242600,2.029900,3.272500,27.088741,33.802915,0.997104
dog,dog_0225.jpg,35418,16347,2.166636,53.845502,0.895500,0.857000,1.752500,17.144467,35.789564,0.997382
dog,dog_0226.jpg,11331,5672,1.997708,49.942635,0.242600,0.343200,0.585800,25.499421,34.065500,0.997564
dog,dog_0227.jpg,30468,15324,1.988254,49.704608,1.078200,1.869500,2.947700,8.003164,39.098187,0.998936
dog,dog_0228.jpg,41353,20609,2.006551,50.163229,2.015900,1.205800,3.221700,9.359564,38.418248,0.999289
dog,dog_0229.jpg,32166,15694,2.049573,51.209351,0.692100,0.771400,1.463500,41.192269,31.982646,0.991810
dog,dog_0230.jpg,65911,32222,2.045528,51.112864,2.198800,1.569500,3.768300,26.845311,33.842119,0.996848
dog,dog_0231.jpg,19131,9458,2.022732,50.561915,0.628000,0.660100,1.288100,16.500428,35.955851,0.998457
dog,dog_0232.jpg,58595,26754,2.190140,54.340814,1.606600,2.743900,4.350500,14.087286,36.642530,0.998375
dog,dog_0233.jpg,55267,27717,1.993975,49.848915,1.287800,5.729200,7.017000,12.627818,37.117521,0.998168
dog,dog_0234.jpg,27846,13196,2.110185,52.610788,0.683000,0.670700,1.353700,15.161986,36.323243,0.995318
dog,dog_0235.jpg,25889,12335,2.098824,52.354282,0.680700,0.741100,1.421800,18.204411,35.529037,0.994355
dog,dog_0236.jpg,32935,16297,2.020924,50.517686,1.138300,1.154400,2.292700,5.709490,40.564830,0.999727
dog,dog_0237.jpg,80604,39790,2.025735,50.635204,1.554600,1.499600,3.054200,24.602488,34.221013,0.995297
dog,dog_0238.jpg,56131,25216,2.226007,55.076517,1.565200,2.442400,4.007600,11.403439,37.560445,0.998211
dog,dog_0239.jpg,30833,15378,2.005007,50.124866,0.965100,0.870700,1.835800,9.675485,38.274076,0.999130
dog,dog_0240.jpg,22026,10537,2.090348,52.161082,0.394500,0.810200,1.204700,22.173272,34.672506,0.996907
dog,dog_0241.jpg,9881,4973,1.986929,49.671086,0.354500,0.365500,0.720000,10.937426,37.741652,0.997984
dog,dog_0242.jpg,46155,23319,1.979287,49.476763,1.240700,0.947200,2.187900,15.440223,36.244268,0.998987
dog,dog_0243.jpg,30280,15163,1.996966,49.924042,1.202500,1.055000,2.257500,5.291492,40.895022,0.999690
dog,dog_0244.jpg,58339,29286,1.992044,49.800305,1.394000,1.334000,2.728000,20.747675,34.961109,0.995445
dog,dog_0245.jpg,22669,11565,1.960138,48.983193,0.400300,0.490700,0.891000,36.065488,32.559885,0.996826
dog,dog_0246.jpg,52108,26749,1.948035,48.666232,0.960000,1.057300,2.017300,48.216999,31.298802,0.989723
dog,dog_0247.jpg,37376,20014,1.867493,46.452269,0.937800,0.918300,1.856100,27.563139,33.727517,0.998166
dog,dog_0248.jpg,36000,17159,2.098024,52.336111,1.417400,1.044300,2.461700,7.048007,39.650140,0.999554
dog,dog_0249.jpg,34272,18450,1.857561,46.165966,1.099900,1.096300,2.196200,6.447620,40.036809,0.999404
dog,dog_0250.jpg,47739,23726,2.012096,50.300593,0.736000,0.799300,1.535300,23.873021,34.351730,0.996089
dog,dog_0251.jpg,83614,40086,2.085865,52.058268,2.073500,1.929800,4.003300,9.860151,38.191968,0.999208
dog,dog_0252.jpg,18291,8852,2.066313,51.604614,0.514300,0.442800,0.957100,24.442680,34.249315,0.995816
dog,dog_0253.jpg,64207,30938,2.075344,51.815223,1.599300,1.719500,3.318800,15.023088,36.363211,0.999027
dog,dog_0254.jpg,31338,15252,2.054681,51.330653,0.915300,0.806700,1.722000,11.058771,37.693735,0.997862
dog,dog_0255.jpg,11558,5913,1.954676,48.840630,0.389000,0.362100,0.751100,15.377845,36.261849,0.998592
dog,dog_0256.jpg,51525,26648,1.933541,48.281417,1.078300,1.024300,2.102600,38.703541,32.253297,0.995725
dog,dog_0257.jpg,23683,12005,1.972761,49.309631,0.566300,0.808500,1.374800,22.824034,34.546880,0.995391
dog,dog_0258.jpg,20417,10887,1.875356,46.676789,0.626400,0.592800,1.219200,10.141194,38.069913,0.999335
dog,dog_0259.jpg,53043,24503,2.164755,53.805403,1.124000,1.178200,2.302200,35.970745,32.571309,0.992979
dog,dog_0260.jpg,28167,13000,2.166692,53.846700,0.692500,0.648100,1.340600,19.196814,35.298512,0.998327
dog,dog_0261.jpg,43556,22357,1.948204,48.670677,1.290900,3.627200,4.918100,15.595311,36.200863,0.997447
dog,dog_0262.jpg,44226,20479,2.159578,53.694659,1.379500,1.250300,2.629800,10.166345,38.059155,0.999489
dog,dog_0263.jpg,30275,16605,1.823246,45.152766,0.896200,0.809500,1.705700,16.853388,35.863932,0.996696
dog,dog_0264.jpg,35378,16542,2.138677,53.242128,0.888500,0.870000,1.758500,12.725023,37.084218,0.996963
dog,dog_0265.jpg,12425,6617,1.877739,46.744467,0.321400,0.314300,0.635700,34.100306,32.803221,0.993905
dog,dog_0266.jpg,52254,26635,1.961855,49.027826,1.314100,1.480000,2.794100,13.361004,36.872413,0.996544
dog,dog_0267.jpg,82513,38391,2.149280,53.472786,1.874800,1.922800,3.797600,12.486147,37.166519,0.998509
dog,dog_0268.jpg,38410,17801,2.157744,53.655298,1.229400,1.202500,2.431900,13.814613,36.727417,0.998619
dog,dog_0269.jpg,38969,18863,2.065896,51.594857,1.102500,0.890700,1.993200,10.803327,37.795228,0.998478
dog,dog_0270.jpg,30636,14937,2.051014,51.243635,0.627800,1.276200,1.904000,26.577134,33.885722,0.997886
dog,dog_0271.jpg,23882,12577,1.898863,47.336906,0.643000,0.570700,1.213700,13.398096,36.860373,0.998041
dog,dog_0272.jpg,48866,23302,2.097073,52.314493,1.589200,1.301800,2.891000,14.526319,36.509248,0.998448
dog,dog_0273.jpg,25494,12364,2.061954,51.502314,0.729900,0.666900,1.396800,16.968062,35.834481,0.999106
dog,dog_0274.jpg,26953,12929,2.084693,52.031314,0.887800,1.117100,2.004900,8.548927,38.811688,0.998290
dog,dog_0275.jpg,66723,37760,1.767029,43.407820,1.774300,1.754800,3.529100,2.090299,44.928720,0.999908
dog,dog_0276.jpg,21582,10808,1.996854,49.921231,0.451200,0.748400,1.199600,29.257646,33.468410,0.996182
dog,dog_0277.jpg,33825,15710,2.153087,53.555063,2.154000,1.452100,3.606100,3.709180,42.438025,0.999776
dog,dog_0278.jpg,57636,30189,1.909172,47.621278,0.868800,0.844400,1.713200,57.205998,30.556388,0.995492
dog,dog_0279.jpg,17986,9091,1.978440,49.455132,0.346500,0.657400,1.003900,13.201558,36.924552,0.998374
dog,dog_0280.jpg,36373,17747,2.049529,51.208314,0.996400,0.934500,1.930900,14.895478,36.400259,0.995948
dog,dog_0281.jpg,35279,18366,1.920886,47.940701,1.286100,1.120400,2.406500,7.308071,39.492776,0.999655
dog,dog_0282.jpg,6496,3607,1.800943,44.473522,0.266700,0.231100,0.497800,16.386511,35.985939,0.998097
dog,dog_0283.jpg,55489,27808,1.995433,49.885563,1.351100,1.627000,2.978100,26.964209,33.822927,0.998248
dog,dog_0284.jpg,9498,5119,1.855441,46.104443,0.255000,0.248400,0.503400,46.211874,31.483268,0.995350
dog,dog_0285.jpg,55530,26847,2.068388,51.653160,2.207300,3.064500,5.271800,28.225334,33.624413,0.997186
dog,dog_0286.jpg,30464,15728,1.936928,48.371849,1.150000,1.081200,2.231200,7.550357,39.351129,0.999304
dog,dog_0287.jpg,48335,22565,2.142034,53.315403,1.141200,1.270900,2.412100,19.520343,35.225929,0.996965
dog,dog_0288.jpg,55332,24639,2.245708,55.470614,1.468600,1.571400,3.040000,15.163844,36.322710,0.997438
dog,dog_0289.jpg,31006,16011,1.936544,48.361607,0.915300,1.204300,2.119600,9.620693,38.298740,0.998605
dog,dog_0290.jpg,77624,38080,2.038445,50.943007,1.904200,1.948800,3.853000,11.054414,37.695446,0.999234
dog,dog_0291.jpg,55533,26123,2.125828,52.959502,2.781800,1.954900,4.736700,8.180864,39.002812,0.999007
dog,dog_0292.jpg,63802,30322,2.104149,52.474844,2.897900,1.956900,4.854800,16.386840,35.985851,0.998251
dog,dog_0293.jpg,60459,28806,2.098834,52.354488,2.170600,2.137400,4.308000,9.609970,38.303583,0.998107
dog,dog_0294.jpg,56157,29351,1.913291,47.734031,1.892000,1.557200,3.449200,6.546117,39.970966,0.999592
dog,dog_0295.jpg,41126,21916,1.876529,46.710110,2.237400,1.840400,4.077800,3.849764,42.276462,0.999710
dog,dog_0296.jpg,49673,24884,1.996182,49.904375,1.527200,1.411400,2.938600,9.189154,38.498048,0.999021
dog,dog_0297.jpg,31528,15796,1.995948,49.898503,1.132400,0.802200,1.934600,12.112035,37.298632,0.998628
dog,dog_0298.jpg,36758,17248,2.131146,53.076881,1.825200,1.541400,3.366600,5.792403,40.502216,0.999433
dog,dog_0299.jpg,37307,18277,2.041199,51.009194,1.567600,1.344300,2.911900,4.785253,41.331755,0.999692
dog,dog_0300.jpg,24656,12181,2.024136,50.596204,0.805400,0.875700,1.681100,16.791829,35.879824,0.997475
dog,dog_0301.jpg,23085,12276,1.880499,46.822612,0.596200,0.586700,1.182900,38.131044,32.318017,0.993966
dog,dog_0302.jpg,37987,18610,2.041214,51.009556,1.175300,1.193700,2.369000,18.828896,35.382555,0.997174
dog,dog_0303.jpg,24799,12689,1.954370,48.832614,0.805600,0.857600,1.663200,12.057068,37.318386,0.998470
dog,dog_0304.jpg,25569,13286,1.924507,48.038641,0.699700,0.934300,1.634000,54.911239,30.734191,0.990961
dog,dog_0305.jpg,35090,17096,2.052527,51.279567,1.697700,1.123700,2.821400,11.330709,37.588233,0.998405
dog,dog_0306.jpg,56384,27870,2.023107,50.571084,6.175500,2.268900,8.444400,13.732415,36.753334,0.999127
dog,dog_0307.jpg,5737,3268,1.755508,43.036430,0.298300,0.483100,0.781400,17.630418,35.668178,0.998516
dog,dog_0308.jpg,66043,31715,2.082390,51.978257,3.540300,1.833200,5.373500,13.863708,36.712010,0.998300
dog,dog_0309.jpg,12623,6273,2.012275,50.304999,0.379400,0.580500,0.959900,14.402272,36.546494,0.995223
dog,dog_0310.jpg,38213,19052,2.005721,50.142622,1.413400,1.223200,2.636600,5.929627,40.400530,0.999216
dog,dog_0311.jpg,53795,27363,1.965976,49.134678,1.751000,1.717800,3.468800,7.623221,39.309419,0.999256
dog,dog_0312.jpg,38533,19897,1.936624,48.363740,1.118100,1.041700,2.159800,11.928958,37.364778,0.998941
dog,dog_0313.jpg,43250,21039,2.055706,51.354913,1.120100,1.088000,2.208100,14.973597,36.377542,0.997698
dog,dog_0314.jpg,21600,11142,1.938611,48.416667,0.729900,0.572700,1.302600,15.433607,36.246129,0.998038
dog,dog_0315.jpg,29428,14323,2.054598,51.328667,1.385200,0.977100,2.362300,8.438795,38.867999,0.999399
dog,dog_0316.jpg,61239,30748,1.991642,49.790166,1.362100,1.499700,2.861800,27.246319,33.777725,0.996089
dog,dog_0317.jpg,27981,14373,1.946775,48.633001,0.639400,0.657400,1.296800,31.101817,33.202946,0.994577
dog,dog_0318.jpg,67581,35959,1.879390,46.791258,1.979600,2.015400,3.995000,12.570586,37.137248,0.998181
dog,dog_0319.jpg,22066,11965,1.844212,45.776307,0.441000,0.513000,0.954000,49.566281,31.178940,0.994437
dog,dog_0320.jpg,25872,12269,2.108729,52.578077,0.748300,1.668400,2.416700,15.128578,36.332822,0.999280
dog,dog_0321.jpg,41511,20415,2.033358,50.820265,1.363100,1.411800,2.774900,8.446675,38.863946,0.998050
dog,dog_0322.jpg,17016,7854,2.166539,53.843441,0.554400,0.488700,1.043100,7.776896,39.222741,0.999234
dog,dog_0323.jpg,11117,5870,1.893867,47.197985,0.323600,0.340500,0.664100,16.787750,35.880879,0.996887
dog,dog_0324.jpg,51750,24159,2.142059,53.315942,1.547200,1.557300,3.104500,9.556757,38.327698,0.998927
dog,dog_0325.jpg,65023,31171,2.086009,52.061578,1.875900,1.827000,3.702900,10.946666,37.737985,0.999093
dog,dog_0326.jpg,65174,31526,2.067310,51.627950,1.630500,1.579100,3.209600,11.310820,37.595863,0.999179
dog,dog_0327.jpg,70585,34079,2.071217,51.719204,2.165200,2.062200,4.227400,8.604849,38.783371,0.998600
dog,dog_0328.jpg,57625,26252,2.195071,54.443384,1.633500,1.709700,3.343200,9.638340,38.290781,0.999360
dog,dog_0329.jpg,25368,12466,2.034975,50.859350,0.638300,0.733100,1.371400,17.125480,35.794376,0.998802
dog,dog_0330.jpg,16284,8293,1.963584,49.072709,0.486300,0.464200,0.950500,12.019595,37.331905,0.998416
dog,dog_0331.jpg,53866,25260,2.132462,53.105855,1.477900,1.445900,2.923800,13.223720,36.917267,0.998479
dog,dog_0332.jpg,25757,12369,2.082383,51.978103,0.461500,0.648100,1.109600,16.135468,36.052988,0.998059
dog,dog_0333.jpg,18421,9055,2.034346,50.844145,0.494800,0.528100,1.022900,12.964105,37.003378,0.999125
dog,dog_0334.jpg,54548,27503,1.983347,49.580186,1.398400,1.382900,2.781300,19.037090,35.334798,0.997070
dog,dog_0335.jpg,72882,35200,2.070511,51.702752,1.803000,1.148800,2.951800,19.087569,35.323297,0.996682
dog,dog_0336.jpg,81889,38851,2.107771,52.556509,1.455900,1.923400,3.379300,13.916081,36.695634,0.997514
dog,dog_0337.jpg,20224,10952,1.846603,45.846519,0.424700,0.434800,0.859500,45.341136,31.565880,0.993467
dog,dog_0338.jpg,39653,18744,2.115504,52.729932,1.350100,1.125600,2.475700,10.030217,38.117700,0.999452
dog,dog_0339.jpg,36228,17790,2.036425,50.894336,0.925100,0.868100,1.793200,17.934822,35.593833,0.995563
dog,dog_0340.jpg,110991,55121,2.013588,50.337415,1.973000,2.070300,4.043300,52.349497,30.941678,0.991754
dog,dog_0341.jpg,13029,6440,2.023137,50.571801,0.337000,0.323700,0.660700,42.161600,31.881633,0.995465
dog,dog_0342.jpg,37523,18606,2.016715,50.414412,1.140000,1.054000,2.194000,7.821328,39.197998,0.998838
dog,dog_0343.jpg,41473,20826,1.991405,49.784197,1.086200,0.892100,1.978300,48.729095,31.252920,0.985492
dog,dog_0344.jpg,14098,7263,1.941071,48.482054,0.323800,0.342600,0.666400,63.281662,30.118025,0.994487
dog,dog_0345.jpg,54216,26532,2.043419,51.062417,2.022300,1.707600,3.729900,4.809465,41.309836,0.999486
dog,dog_0346.jpg,102341,52365,1.954378,48.832824,2.363600,1.754000,4.117600,26.689698,33.867367,0.995439
dog,dog_0347.jpg,24354,12609,1.931478,48.226164,0.571200,0.585500,1.156700,26.849481,33.841445,0.997974
dog,dog_0348.jpg,36400,19984,1.821457,45.098901,0.616300,1.641100,2.257400,77.018092,29.264876,0.991043
dog,dog_0349.jpg,60202,30471,1.975715,49.385402,4.002300,1.427300,5.429600,26.886998,33.835380,0.997381
dog,dog_0350.jpg,9935,4882,2.035027,50.860594,0.601900,0.360400,0.962300,17.018628,35.821558,0.997256
dog,dog_0351.jpg,26832,13223,2.029192,50.719290,0.660700,0.717900,1.378600,17.003281,35.825476,0.996913
dog,dog_0352.jpg,24847,11322,2.194577,54.433131,0.679600,0.792400,1.472000,13.717273,36.758126,0.997939
dog,dog_0353.jpg,41655,20978,1.985652,49.638699,0.949100,1.037100,1.986200,14.365635,36.557555,0.997837
dog,dog_0354.jpg,8474,4503,1.881857,46.860987,0.387400,0.358400,0.745800,6.223991,40.190114,0.999101
dog,dog_0355.jpg,18729,9972,1.878159,46.756367,0.558200,0.541600,1.099800,12.030921,37.327815,0.998678
dog,dog_0356.jpg,17451,8861,1.969417,49.223540,0.502200,0.493400,0.995600,18.379975,35.487354,0.998021
dog,dog_0357.jpg,28916,13687,2.112662,52.666344,1.145200,1.023200,2.168400,6.158519,40.236041,0.998690
dog,dog_0358.jpg,34172,15919,2.146617,53.415077,1.454600,1.066500,2.521100,4.881743,41.245055,0.999506
dog,dog_0359.jpg,44412,21965,2.021944,50.542646,1.518100,1.231700,2.749800,7.253723,39.525194,0.999157
dog,dog_0360.jpg,90234,44762,2.015862,50.393422,2.137800,4.699300,6.837100,25.879476,34.001249,0.994741
dog,dog_0361.jpg,51681,25389,2.035567,50.873629,1.226000,1.275000,2.501000,13.137748,36.945594,0.998799
dog,dog_0362.jpg,73644,37519,1.962845,49.053555,1.811200,1.452900,3.264100,17.937965,35.593072,0.998535
dog,dog_0363.jpg,28624,14583,1.962833,49.053242,0.562700,0.677100,1.239800,22.216275,34.664091,0.996729
dog,dog_0364.jpg,61993,28920,2.143603,53.349572,2.767400,1.903600,4.671000,9.185628,38.499715,0.998256
dog,dog_0365.jpg,37440,22090,1.694885,40.998932,1.212200,1.035300,2.247500,3.274764,42.979004,0.999931
dog,dog_0366.jpg,15246,7866,1.938215,48.406139,0.341300,0.422600,0.763900,16.611349,35.926754,0.998581
dog,dog_0367.jpg,45760,22708,2.015149,50.375874,0.849500,1.279100,2.128600,22.551191,34.599109,0.998474
dog,dog_0368.jpg,40914,20536,1.992306,49.806912,1.326900,1.269100,2.596000,10.140527,38.070199,0.997930
dog,dog_0369.jpg,31841,15584,2.043185,51.056814,1.170100,1.166300,2.336400,8.408681,38.883525,0.998702
dog,dog_0370.jpg,57654,27058,2.130756,53.068304,1.998900,1.745200,3.744100,9.275821,38.457280,0.999061
dog,dog_0371.jpg,70980,34774,2.041180,51.008735,1.967500,1.900800,3.868300,13.893389,36.702722,0.996499
dog,dog_0372.jpg,37828,18710,2.021807,50.539283,0.641500,0.967000,1.608500,16.714910,35.899763,0.997268
dog,dog_0373.jpg,101252,48937,2.069028,51.668115,2.394800,2.476800,4.871600,22.293414,34.649038,0.998054
dog,dog_0374.jpg,41373,20035,2.065036,51.574698,1.543000,0.944800,2.487800,6.241901,40.177635,0.999289
dog,dog_0375.jpg,65254,29943,2.179274,54.113158,1.468800,1.691300,3.160100,14.835464,36.417792,0.997057
dog,dog_0376.jpg,40185,19711,2.038709,50.949359,1.244200,1.062300,2.306500,19.159000,35.307075,0.997787
dog,dog_0377.jpg,30041,15989,1.878854,46.776073,1.227000,0.802500,2.029500,21.099805,34.888019,0.997051
dog,dog_0378.jpg,51903,23699,2.190092,54.339826,2.026700,1.897300,3.924000,6.410594,40.061821,0.999347
dog,dog_0379.jpg,30874,16431,1.879009,46.780463,0.899800,0.921800,1.821600,12.116258,37.297119,0.998705
dog,dog_0380.jpg,27691,13567,2.041056,51.005742,0.450800,0.635100,1.085900,31.097548,33.203542,0.996755
dog,dog_0381.jpg,40546,19998,2.027503,50.678242,1.316000,1.288700,2.604700,6.404888,40.065688,0.999408
dog,dog_0382.jpg,69550,34918,1.991809,49.794393,1.235800,1.402900,2.638700,46.955917,31.413900,0.994342
dog,dog_0383.jpg,17862,9096,1.963720,49.076251,0.477900,0.478000,0.955900,14.596692,36.488259,0.997793
dog,dog_0384.jpg,13176,7194,1.831526,45.400729,0.563900,0.573200,1.137100,4.814506,41.305286,0.999252
dog,dog_0385.jpg,98442,51061,1.927929,48.130879,2.208200,2.244200,4.452400,21.061407,34.895930,0.992806
dog,dog_0386.jpg,80322,34924,2.299908,56.520007,2.304700,1.519100,3.823800,24.012082,34.326505,0.994120
dog,dog_0387.jpg,68420,35849,1.908561,47.604502,1.434600,2.879100,4.313700,22.224908,34.662404,0.997013
dog,dog_0388.jpg,25842,12562,2.057157,51.389211,0.771400,0.765900,1.537300,15.942888,36.105134,0.997562
dog,dog_0389.jpg,94014,43616,2.155493,53.606910,2.424900,2.360000,4.784900,20.045361,35.110665,0.997760
dog,dog_0390.jpg,42265,20580,2.053693,51.307228,1.048500,1.052700,2.101200,10.071998,38.099647,0.998521
dog,dog_0391.jpg,43300,20654,2.096446,52.300231,1.075000,1.075300,2.150300,15.252213,36.297475,0.998035
dog,dog_0392.jpg,22512,11909,1.890335,47.099325,0.643300,0.630100,1.273400,19.949219,35.131545,0.997499
dog,dog_0393.jpg,30188,13932,2.166810,53.849212,0.712600,0.842900,1.555500,23.308588,34.455644,0.996392
dog,dog_0394.jpg,106401,53872,1.975071,49.368897,2.419700,2.175300,4.595000,34.746374,32.721709,0.995920
dog,dog_0395.jpg,39624,21805,1.817198,44.970220,0.676600,0.761500,1.438100,23.066603,34.500967,0.996787
dog,dog_0396.jpg,43008,21346,2.014804,50.367374,1.070600,1.030800,2.101400,12.328187,37.221812,0.997837
dog,dog_0397.jpg,51155,24922,2.052604,51.281400,1.090100,1.249200,2.339300,16.881079,35.856801,0.997853
dog,dog_0398.jpg,12417,6440,1.928106,48.135621,0.301000,0.282300,0.583300,34.326142,32.774554,0.994780
dog,dog_0399.jpg,25334,13541,1.870911,46.550091,0.702300,0.711600,1.413900,9.479626,38.362891,0.997494
dog,dog_0400.jpg,40642,21373,1.901558,47.411545,1.351800,1.364700,2.716500,6.921013,39.729107,0.998060
dog,dog_0401.jpg,32694,15812,2.067670,51.636386,0.612600,1.095000,1.707600,11.812738,37.407298,0.997392
dog,dog_0402.jpg,55647,26431,2.105369,52.502381,1.221400,1.530600,2.752000,23.858433,34.354385,0.996709
dog,dog_0403.jpg,43589,22709,1.919459,47.901994,1.301900,1.152600,2.454500,6.659115,39.896638,0.999466
dog,dog_0404.jpg,30821,16616,1.854899,46.088706,0.718500,0.691800,1.410300,47.416769,31.371484,0.996058
dog,dog_0405.jpg,35758,17705,2.019655,50.486604,0.887800,0.875500,1.763300,18.811086,35.386665,0.996380
dog,dog_0406.jpg,30087,15325,1.963263,49.064380,0.630800,0.958600,1.589400,28.133268,33.638602,0.997210
dog,dog_0407.jpg,34768,16025,2.169610,53.908767,1.263200,1.148600,2.411800,5.132698,41.027347,0.999206
dog,dog_0408.jpg,43003,20970,2.050691,51.235960,1.246300,1.341200,2.587500,6.877470,39.756517,0.997560
dog,dog_0409.jpg,22535,13457,1.674593,40.284003,0.446900,0.688400,1.135300,2.597611,43.985062,0.999892
dog,dog_0410.jpg,33644,18186,1.849995,45.945785,0.811200,0.861700,1.672900,27.330470,33.764333,0.990725
dog,dog_0411.jpg,62785,31577,1.988314,49.706140,1.219400,2.213300,3.432700,23.051086,34.503890,0.997654
dog,dog_0412.jpg,43100,20859,2.066254,51.603248,0.859000,0.890900,1.749900,31.410712,33.160026,0.996220
dog,dog_0413.jpg,44023,21824,2.017183,50.425914,1.012700,1.050300,2.063000,21.513019,34.803790,0.996624
dog,dog_0414.jpg,29623,14126,2.097055,52.314080,0.876500,0.957500,1.834000,14.648676,36.472820,0.997762
dog,dog_0415.jpg,8945,4861,1.840156,45.656792,0.364200,0.264300,0.628500,5.760295,40.526357,0.999309
dog,dog_0416.jpg,29291,15270,1.918206,47.867946,0.473700,0.681400,1.155100,11.102352,37.676654,0.999169
dog,dog_0417.jpg,12418,6828,1.818688,45.015300,0.362800,0.335400,0.698200,11.748907,37.430829,0.998546
dog,dog_0418.jpg,35275,16530,2.133999,53.139617,0.870500,0.870800,1.741300,17.269181,35.758086,0.998717
dog,dog_0419.jpg,21275,9558,2.225884,55.074031,0.642300,0.554700,1.197000,20.481402,35.017207,0.998811
dog,dog_0420.jpg,52357,26205,1.997977,49.949386,2.817800,3.059800,5.877600,5.954028,40.382695,0.999675
dog,dog_0421.jpg,19540,10028,1.948544,48.679632,0.688500,0.825300,1.513800,7.908186,39.150035,0.998446
dog,dog_0422.jpg,23054,11649,1.979054,49.470808,0.609500,0.709800,1.319300,16.275276,36.015520,0.996124
dog,dog_0423.jpg,49310,23353,2.111506,52.640438,1.542700,1.318200,2.860900,7.984711,39.108211,0.998840
dog,dog_0424.jpg,18407,9353,1.968032,49.187809,0.438600,0.654100,1.092700,23.900211,34.346786,0.997127
dog,dog_0425.jpg,9878,5529,1.786580,44.027131,0.274600,0.288000,0.562600,16.816442,35.873463,0.998060
dog,dog_0426.jpg,84678,40665,2.082331,51.976901,1.824300,1.969200,3.793500,22.278488,34.651946,0.996943
dog,dog_0427.jpg,9157,5194,1.762996,43.278366,0.208300,0.331500,0.539800,68.094405,29.799689,0.991994
dog,dog_0428.jpg,41365,19979,2.070424,51.700713,1.006100,0.932000,1.938100,15.492458,36.229600,0.996331
dog,dog_0429.jpg,20577,10019,2.053798,51.309715,0.547700,0.555300,1.103000,16.878520,35.857460,0.998028
dog,dog_0430.jpg,32333,15580,2.075289,51.813936,0.948500,0.750400,1.698900,25.081537,34.137262,0.997953
dog,dog_0431.jpg,9026,4230,2.133806,53.135387,0.308900,0.310200,0.619100,10.877039,37.765697,0.997160
dog,dog_0432.jpg,50796,23488,2.162636,53.760139,1.934100,1.378300,3.312400,8.792786,38.689539,0.998972
dog,dog_0433.jpg,9464,5074,1.865195,46.386306,0.191400,0.233300,0.424700,26.745733,33.858259,0.997752
dog,dog_0434.jpg,31411,16469,1.907280,47.569323,0.512100,0.684800,1.196900,17.341774,35.739868,0.997446
dog,dog_0435.jpg,32756,16032,2.043164,51.056295,0.771700,0.790700,1.562400,11.312085,37.595377,0.998718
dog,dog_0436.jpg,71558,37372,1.914749,47.773834,2.018600,1.274800,3.293400,62.470093,30.174082,0.991865
dog,dog_0437.jpg,52635,26181,2.010427,50.259333,1.419100,1.353900,2.773000,11.611113,37.482065,0.999062
dog,dog_0438.jpg,20695,10716,1.931224,48.219377,0.728400,0.725500,1.453900,5.803845,40.493645,0.999845
dog,dog_0439.jpg,40715,19583,2.079099,51.902247,0.597000,0.821000,1.418000,32.197332,33.052605,0.995753
dog,dog_0440.jpg,23736,14514,1.635387,38.852376,0.690400,0.731500,1.421900,4.339755,41.756151,0.999904
dog,dog_0441.jpg,4794,2556,1.875587,46.683354,0.161200,0.269400,0.430600,39.651386,32.148220,0.970135
dog,dog_0442.jpg,13483,7139,1.888640,47.051843,0.612000,0.393700,1.005700,15.618990,36.194274,0.998986
dog,dog_0443.jpg,29107,14816,1.964565,49.098155,1.206000,0.886800,2.092800,21.626129,34.781016,0.996861
dog,dog_0444.jpg,4288,2457,1.745218,42.700560,0.162000,0.829500,0.991500,45.278662,31.571868,0.995183
dog,dog_0445.jpg,57822,27210,2.125028,52.941787,5.593200,1.490100,7.083300,15.930755,36.108440,0.998101
dog,dog_0446.jpg,61079,27437,2.226154,55.079487,1.846200,1.462800,3.309000,21.820397,34.742177,0.997993
dog,dog_0447.jpg,45946,23871,1.924762,48.045532,1.570400,1.120200,2.690600,14.166233,36.618260,0.996920
dog,dog_0448.jpg,43914,20486,2.143610,53.349729,1.018700,1.033700,2.052400,24.917249,34.165803,0.996902
dog,dog_0449.jpg,16484,8455,1.949616,48.707838,0.412000,0.398300,0.810300,45.528565,31.547964,0.990639
dog,dog_0450.jpg,34936,18361,1.902729,47.443897,0.784000,0.787000,1.571000,61.459785,30.244893,0.990687
dog,dog_0451.jpg,35005,16969,2.062879,51.524068,1.893700,2.557400,4.451100,5.515288,40.715122,0.999519
dog,dog_0452.jpg,27742,13965,1.986538,49.661164,0.699400,0.759600,1.459000,20.142196,35.089735,0.996759
dog,dog_0453.jpg,46505,21758,2.137375,53.213633,1.581200,1.417900,2.999100,8.648550,38.761371,0.999019
dog,dog_0454.jpg,33154,15134,2.190696,54.352416,0.909600,1.016000,1.925600,22.077069,34.691390,0.995988
dog,dog_0455.jpg,62466,33100,1.887190,47.011174,1.910400,3.903600,5.814000,7.718751,39.255333,0.999496
dog,dog_0456.jpg,45647,23003,1.984393,49.606765,1.053100,1.023700,2.076800,27.337400,33.763231,0.997445
dog,dog_0457.jpg,23246,11258,2.064843,51.570163,0.960200,0.638500,1.598700,20.504047,35.012408,0.996711
dog,dog_0458.jpg,47115,22819,2.064727,51.567441,2.590700,1.388900,3.979600,8.366706,38.905258,0.999473
dog,dog_0459.jpg,16070,8108,1.981993,49.545737,0.491500,0.475700,0.967200,15.506787,36.225585,0.996092
dog,dog_0460.jpg,16391,8080,2.028589,50.704655,0.459300,0.505200,0.964500,16.017282,36.084915,0.996683
dog,dog_0461.jpg,71991,33366,2.157616,53.652540,6.324600,1.805700,8.130300,16.770487,35.885347,0.996817
dog,dog_0462.jpg,23981,12244,1.958592,48.942913,0.726900,0.817800,1.544700,7.809720,39.204449,0.999428
dog,dog_0463.jpg,61613,30271,2.035380,50.869135,1.834700,6.853100,8.687800,27.280738,33.772242,0.995565
dog,dog_0464.jpg,24572,12539,1.959646,48.970373,0.799400,0.742000,1.541400,10.399758,37.960571,0.998437
dog,dog_0465.jpg,39876,19069,2.091143,52.179256,1.153500,1.188100,2.341600,8.669958,38.750633,0.999115
dog,dog_0466.jpg,56121,28439,1.973382,49.325564,3.831300,1.637300,5.468600,9.421092,38.389791,0.999328
dog,dog_0467.jpg,17361,8707,1.993913,49.847359,0.446900,0.460300,0.907200,23.886977,34.349192,0.997982
dog,dog_0468.jpg,20230,11975,1.689353,40.805734,1.408500,1.222800,2.631300,3.470389,42.727022,0.999913
dog,dog_0469.jpg,25922,14554,1.781091,43.854641,0.686400,0.674800,1.361200,30.316442,33.314021,0.996649
dog,dog_0470.jpg,63502,31334,2.026616,50.656672,1.745600,1.378700,3.124300,23.757387,34.372817,0.996005
dog,dog_0471.jpg,38475,18271,2.105796,52.512021,1.243200,1.661800,2.905000,7.827032,39.194833,0.998882
dog,dog_0472.jpg,57431,27861,2.061340,51.487872,5.129700,2.390500,7.520200,8.784150,38.693806,0.998855
dog,dog_0473.jpg,32438,14995,2.163254,53.773352,0.839500,0.978600,1.818100,18.730496,35.405311,0.998367
dog,dog_0474.jpg,41832,20313,2.059371,51.441480,1.268200,1.188900,2.457100,11.149285,37.658334,0.998370
dog,dog_0475.jpg,44522,23064,1.930368,48.196397,8.296100,1.795800,10.091900,5.916323,40.410285,0.999109
dog,dog_0476.jpg,38140,19064,2.000629,50.015732,0.819000,0.965600,1.784600,17.070397,35.808367,0.996561
dog,dog_0477.jpg,39488,19925,1.981832,49.541633,0.787600,0.899200,1.686800,48.165588,31.303435,0.995168
dog,dog_0478.jpg,9493,5561,1.707067,41.419994,0.324500,0.344700,0.669200,3.927965,42.189128,0.999590
dog,dog_0479.jpg,34572,18457,1.873110,46.612866,1.036300,3.228300,4.264600,13.164777,36.936669,0.999013
dog,dog_0480.jpg,37122,19621,1.891952,47.144550,1.132100,1.088500,2.220600,28.881786,33.524563,0.997280
dog,dog_0481.jpg,99748,52685,1.893290,47.181898,2.018900,2.225600,4.244500,30.527570,33.283881,0.996430
dog,dog_0482.jpg,97384,48377,2.013023,50.323462,2.794300,2.287900,5.082200,30.503275,33.287339,0.995228
dog,dog_0483.jpg,69928,36121,1.935938,48.345441,1.517400,1.471500,2.988900,28.852363,33.528990,0.997035
dog,dog_0484.jpg,28118,13799,2.037684,50.924675,1.015000,0.884300,1.899300,7.548790,39.352030,0.999410
dog,dog_0485.jpg,22813,12839,1.776852,43.720686,0.783900,0.860400,1.644300,7.425227,39.423706,0.999296
dog,dog_0486.jpg,50830,24770,2.052079,51.268936,1.271600,1.215800,2.487400,15.217723,36.307307,0.998679
dog,dog_0487.jpg,12073,6414,1.882289,46.873188,0.886900,0.325400,1.212300,14.952992,36.383522,0.996745
dog,dog_0488.jpg,39234,18478,2.123282,52.903094,0.827500,0.817600,1.645100,15.940080,36.105899,0.998860
dog,dog_0489.jpg,16097,8607,1.870222,46.530409,0.419600,0.428700,0.848300,20.467710,35.020111,0.997742
dog,dog_0490.jpg,39339,20067,1.960383,48.989552,0.998900,0.986200,1.985100,11.509133,37.520378,0.998252
dog,dog_0491.jpg,50071,25861,1.936159,48.351341,1.846600,1.604700,3.451300,5.253680,40.926168,0.999490
dog,dog_0492.jpg,48775,24174,2.017664,50.437724,1.925000,1.720400,3.645400,4.547386,41.553186,0.999533
dog,dog_0493.jpg,24148,12059,2.002488,50.062117,0.607800,0.796400,1.404200,14.413404,36.543138,0.998311
dog,dog_0494.jpg,58993,27822,2.120372,52.838472,2.073000,1.658100,3.731100,12.142022,37.287894,0.998950
dog,dog_0495.jpg,37643,20008,1.881397,46.848020,0.707900,0.976100,1.684000,17.597861,35.676205,0.995875
dog,dog_0496.jpg,34902,16996,2.053542,51.303650,0.905400,0.872900,1.778300,13.882645,36.706081,0.997910
dog,dog_0497.jpg,68373,34181,2.000322,50.008044,2.082000,4.333200,6.415200,8.523717,38.824514,0.998799
dog,dog_0498.jpg,73872,37904,1.948924,48.689625,1.666100,2.045900,3.712000,18.091276,35.556112,0.998044
dog,dog_0499.jpg,26182,12735,2.055909,51.359713,0.801700,0.764800,1.566500,11.351703,37.580193,0.998857
flower,flower_0000.jpg,12921,8058,1.603500,37.636406,0.237200,0.378000,0.615200,28.746618,33.544936,0.994477
flower,flower_0001.jpg,28602,16348,1.749572,42.843158,0.723000,0.707800,1.430800,58.587719,30.452738,0.993388
flower,flower_0002.jpg,130172,70633,1.842935,45.738715,2.833000,2.333900,5.166900,60.113088,30.341113,0.996723
flower,flower_0003.jpg,5506,3662,1.503550,33.490737,0.194800,0.298800,0.493600,12.041641,37.323947,0.998778
flower,flower_0004.jpg,97444,58035,1.679056,40.442716,1.729400,2.261700,3.991100,8.853754,38.659529,0.999009
flower,flower_0005.jpg,60104,33507,1.793774,44.251631,2.621400,1.553400,4.174800,8.825400,38.673460,0.999556
flower,flower_0006.jpg,13890,7706,1.802492,44.521238,0.523800,0.983800,1.507600,56.006287,30.648436,0.984984
flower,flower_0007.jpg,37606,19740,1.905066,47.508376,1.455000,0.855400,2.310400,33.286079,32.908177,0.990407
flower,flower_0008.jpg,29795,15117,1.970960,49.263299,0.967400,0.924900,1.892300,11.286861,37.605072,0.995892
flower,flower_0009.jpg,92179,50338,1.831201,45.391033,6.601000,2.173200,8.774200,31.570510,33.137988,0.995372
flower,flower_0010.jpg,57278,30834,1.857625,46.167813,1.539500,1.567000,3.106500,12.115232,37.297486,0.999212
flower,flower_0011.jpg,33960,19238,1.765256,43.351001,0.605800,0.903000,1.508800,21.147361,34.878242,0.997778
flower,flower_0012.jpg,68344,15560,4.392288,77.232822,0.785400,0.971600,1.757000,9.929185,38.161667,0.998464
flower,flower_0013.jpg,165983,79047,2.099801,52.376448,6.053500,7.521900,13.575400,6.218909,40.193662,0.998564
flower,flower_0014.jpg,54543,23311,2.339797,57.261243,1.769300,1.459800,3.229100,21.324494,34.842016,0.992323
flower,flower_0015.jpg,8852,4556,1.942932,48.531405,0.286800,0.408600,0.695400,6.847842,39.775266,0.996904
flower,flower_0016.jpg,58122,31935,1.820009,45.055229,1.801700,1.749700,3.551400,8.839356,38.666597,0.999348
flower,flower_0017.jpg,57363,27590,2.079123,51.902794,1.620000,1.603100,3.223100,12.183976,37.272913,0.998962
flower,flower_0018.jpg,67301,27486,2.448556,59.159596,1.351600,1.105200,2.456800,25.293850,34.100654,0.996762
flower,flower_0019.jpg,11303,5951,1.899345,47.350261,0.232100,0.327800,0.559900,17.358115,35.735778,0.997511
flower,flower_0020.jpg,74258,38192,1.944334,48.568504,1.275800,3.150400,4.426200,34.499291,32.752702,0.995896
flower,flower_0021.jpg,15007,7672,1.956074,48.877191,0.408400,0.494900,0.903300,13.925967,36.692550,0.996593
flower,flower_0022.jpg,151009,83964,1.798497,44.398016,2.007600,2.427100,4.434700,86.384933,28.766424,0.992868
flower,flower_0023.jpg,83766,44949,1.863579,46.339804,1.822200,2.028600,3.850800,19.256606,35.285006,0.997944
flower,flower_0024.jpg,47953,25933,1.849111,45.919963,0.578200,0.904000,1.482200,52.596489,30.921236,0.996076
flower,flower_0025.jpg,10227,5564,1.838066,45.594994,0.408000,0.423900,0.831900,9.103100,38.538911,0.998948
flower,flower_0026.jpg,5238,2989,1.752426,42.936235,0.215400,0.216000,0.431400,19.458153,35.239787,0.997147
flower,flower_0027.jpg,39801,21103,1.886035,46.978719,1.261100,1.203200,2.464300,12.891861,37.027648,0.998994
flower,flower_0028.jpg,152939,86811,1.761747,43.238154,2.376000,2.816400,5.192400,92.508382,28.468993,0.979591
flower,flower_0029.jpg,10212,5483,1.862484,46.308265,0.320000,0.451200,0.771200,6.435711,40.044838,0.999091
flower,flower_0030.jpg,37013,19915,1.858549,46.194580,0.768500,0.576000,1.344500,44.333464,31.663487,0.996818
flower,flower_0031.jpg,14273,4604,3.100130,67.743292,0.170000,0.232400,0.402400,34.611498,32.738600,0.994970
flower,flower_0032.jpg,31727,16882,1.879339,46.789800,0.618800,0.664700,1.283500,39.121239,32.206678,0.994979
flower,flower_0033.jpg,40573,22747,1.783664,43.935622,1.495500,1.826000,3.321500,9.455389,38.374009,0.997542
flower,flower_0034.jpg,150368,78586,1.913420,47.737551,2.445100,2.479800,4.924900,49.691483,31.167984,0.995517
flower,flower_0035.jpg,69282,16688,4.151606,75.912936,1.255500,2.174100,3.429600,6.732233,39.849212,0.999720
flower,flower_0036.jpg,87244,42239,2.065485,51.585209,2.495100,2.230200,4.725300,19.042726,35.333513,0.997397
flower,flower_0037.jpg,54382,30405,1.788587,44.089956,2.384300,1.964200,4.348500,8.319894,38.929625,0.998806
flower,flower_0038.jpg,37442,19979,1.874068,46.640137,1.965700,1.392800,3.358500,10.889028,37.760912,0.999422
flower,flower_0039.jpg,20931,10322,2.027805,50.685586,0.528600,0.527100,1.055700,35.741540,32.599071,0.993679
flower,flower_0040.jpg,29744,16335,1.820875,45.081361,0.401000,0.681900,1.082900,48.035907,31.315144,0.996802
flower,flower_0041.jpg,33504,17452,1.919780,47.910697,1.012300,0.933900,1.946200,11.866261,37.387665,0.999113
flower,flower_0042.jpg,265644,69036,3.847905,74.011835,4.328100,3.209500,7.537600,13.949133,36.685331,0.998642
flower,flower_0043.jpg,21424,11749,1.823474,45.159634,0.928900,0.565600,1.494500,18.960099,35.352398,0.997713
flower,flower_0044.jpg,80149,23603,3.395712,70.551099,0.808600,0.921800,1.730400,57.670579,30.521260,0.994044
flower,flower_0045.jpg,81543,36851,2.212776,54.807893,1.827500,1.832300,3.659800,22.447673,34.619090,0.997948
flower,flower_0046.jpg,35284,19549,1.804901,44.595284,0.937700,1.287400,2.225100,17.290481,35.752733,0.998597
flower,flower_0047.jpg,22514,7560,2.978042,66.420894,0.299900,0.260900,0.560800,81.531321,29.017559,0.992310
flower,flower_0048.jpg,299544,162922,1.838573,45.609994,4.635900,6.617900,11.253800,34.354150,32.771012,0.996410
flower,flower_0049.jpg,69128,35052,1.972156,49.294063,2.057600,1.901100,3.958700,27.912222,33.672860,0.995455
flower,flower_0050.jpg,18404,8781,2.095889,52.287546,0.468100,0.689000,1.157100,28.241262,33.621963,0.997133
flower,flower_0051.jpg,53804,28138,1.912147,47.702773,2.028800,2.516200,4.545000,15.414823,36.251418,0.998612
flower,flower_0052.jpg,49775,26517,1.877098,46.726268,0.836800,0.935000,1.771800,30.720038,33.256586,0.996567
flower,flower_0053.jpg,47049,26225,1.794051,44.260239,1.966300,1.220900,3.187200,8.111278,39.039911,0.998266
flower,flower_0054.jpg,34647,18946,1.828724,45.317055,0.895300,1.070700,1.966000,10.550378,37.898123,0.999084
flower,flower_0055.jpg,20728,12003,1.726902,42.092821,0.440500,0.443300,0.883800,57.809169,30.510836,0.993478
flower,flower_0056.jpg,46998,24324,1.932166,48.244606,0.877900,0.789800,1.667700,44.258881,31.670799,0.991319
flower,flower_0057.jpg,22997,12204,1.884382,46.932209,0.523400,0.540000,1.063400,32.709031,32.984127,0.994653
flower,flower_0058.jpg,17687,9099,1.943840,48.555436,0.477600,0.467500,0.945100,23.086282,34.497264,0.996738
flower,flower_0059.jpg,73499,38544,1.906886,47.558470,1.669400,1.650200,3.319600,26.272925,33.935719,0.994625
flower,flower_0060.jpg,97216,50441,1.927321,48.114508,2.511500,2.088400,4.599900,8.823148,38.674568,0.999067
flower,flower_0061.jpg,21346,6683,3.194075,68.692027,0.272700,0.286900,0.559600,36.226905,32.540491,0.992207
flower,flower_0062.jpg,72331,23195,3.118388,67.932145,0.688400,0.774300,1.462700,50.525427,31.095704,0.997035
flower,flower_0063.jpg,121881,61252,1.989829,49.744423,3.246100,3.677700,6.923800,11.323132,37.591138,0.998427
flower,flower_0064.jpg,28985,8732,3.319400,69.874073,0.388200,0.646500,1.034700,31.309961,33.173978,0.997494
flower,flower_0065.jpg,280824,143889,1.951671,48.761858,5.631200,6.740600,12.371800,14.056412,36.652059,0.998034
flower,flower_0066.jpg,12575,6557,1.917798,47.856859,0.232000,0.336500,0.568500,27.497467,33.737877,0.995223
flower,flower_0067.jpg,28823,15503,1.859189,46.213094,0.391900,0.556200,0.948100,29.142487,33.485537,0.997393
flower,flower_0068.jpg,49194,23978,2.051631,51.258284,0.735300,0.980700,1.716000,45.862846,31.516194,0.990442
flower,flower_0069.jpg,21856,11355,1.924791,48.046303,0.625100,0.594000,1.219100,21.420626,34.822482,0.997893
flower,flower_0070.jpg,115396,57971,1.990581,49.763423,2.525100,2.786000,5.311100,35.744887,32.598664,0.994362
flower,flower_0071.jpg,74243,36454,2.036621,50.899075,1.413300,1.176900,2.590200,23.992540,34.330041,0.998036
flower,flower_0072.jpg,42444,22509,1.885646,46.967769,1.006700,1.036800,2.043500,20.836882,34.942476,0.997922
flower,flower_0073.jpg,8942,4949,1.806830,44.654440,0.214400,0.230600,0.445000,67.444029,29.841369,0.992789
flower,flower_0074.jpg,86203,41093,2.097754,52.329965,2.987800,3.331000,6.318800,6.180613,40.220488,0.999573
flower,flower_0075.jpg,56338,27948,2.015815,50.392275,1.297100,1.319600,2.616700,13.714154,36.759113,0.997542
flower,flower_0076.jpg,518842,296182,1.751767,42.914799,7.125800,9.781100,16.906900,70.816931,29.629433,0.990445
flower,flower_0077.jpg,161750,45951,3.520054,71.591345,2.194100,2.222400,4.416500,20.448745,35.024137,0.997329
flower,flower_0078.jpg,46411,28234,1.643798,39.165284,0.711100,0.636400,1.347500,79.819175,29.109731,0.993655
flower,flower_0079.jpg,13937,7538,1.848899,45.913755,0.284500,0.305500,0.590000,66.627835,29.894247,0.986464
flower,flower_0080.jpg,41236,20630,1.998837,49.970899,2.668000,2.562600,5.230600,6.542541,39.973339,0.998739
flower,flower_0081.jpg,70215,28264,2.484256,59.746493,1.871900,1.126900,2.998800,20.900820,34.929170,0.997305
flower,flower_0082.jpg,25833,14515,1.779745,43.812178,0.307900,0.507700,0.815600,89.775427,28.599229,0.989991
flower,flower_0083.jpg,23284,12424,1.874115,46.641471,0.640500,0.654100,1.294600,10.168863,38.058080,0.997728
flower,flower_0084.jpg,23699,11000,2.154455,53.584539,0.735600,0.678900,1.414500,12.289067,37.235614,0.998441
flower,flower_0085.jpg,174446,85797,2.033241,50.817445,5.323700,5.111900,10.435600,4.833707,41.288000,0.999689
flower,flower_0086.jpg,19750,11355,1.739322,42.506329,0.430500,0.504800,0.935300,37.729360,32.364009,0.995850
flower,flower_0087.jpg,15615,8591,1.817600,44.982389,0.404300,0.545700,0.950000,7.431210,39.420208,0.999651
flower,flower_0088.jpg,17133,9832,1.742575,42.613670,0.495500,0.498900,0.994400,21.195036,34.868462,0.998553
flower,flower_0089.jpg,94968,47873,1.983749,49.590388,2.310900,2.389900,4.700800,19.012375,35.340440,0.996543
flower,flower_0090.jpg,17468,9960,1.753815,42.981452,0.309000,0.322100,0.631100,33.609273,32.866212,0.994221
flower,flower_0091.jpg,7678,4428,1.733966,42.328731,0.286200,0.260900,0.547100,18.432032,35.475071,0.996660
flower,flower_0092.jpg,7478,4424,1.690325,40.839797,0.225500,0.293200,0.518700,26.432553,33.909413,0.994472
flower,flower_0093.jpg,15548,7559,2.056886,51.382815,0.381400,0.407300,0.788700,33.237037,32.914581,0.977668
flower,flower_0094.jpg,38851,21133,1.838404,45.605004,0.874700,0.919800,1.794500,30.554276,33.280084,0.997451
flower,flower_0095.jpg,277606,138694,2.001572,50.039264,8.308700,7.735700,16.044400,13.135128,36.946460,0.998478
flower,flower_0096.jpg,105359,52357,2.012319,50.306096,4.231900,4.392200,8.624100,4.189521,41.909160,0.999754
flower,flower_0097.jpg,56370,15603,3.612767,72.320383,0.618800,0.787100,1.405900,38.040437,32.328349,0.997147
flower,flower_0098.jpg,70629,23259,3.036631,67.068768,0.634400,1.098800,1.733200,85.679363,28.802041,0.990585
flower,flower_0099.jpg,45536,21335,2.134333,53.146961,1.277700,1.322600,2.600300,17.345442,35.738950,0.997034
flower,flower_0100.jpg,83186,43358,1.918585,47.878249,1.830200,1.837900,3.668100,17.663619,35.660007,0.995371
flower,flower_0101.jpg,120110,55980,2.145588,53.392723,4.093100,5.080600,9.173700,4.066158,42.038961,0.999675
flower,flower_0102.jpg,71257,34862,2.043973,51.075684,1.566300,1.660400,3.226700,14.702725,36.456825,0.996630
flower,flower_0103.jpg,31772,9378,3.387929,70.483445,0.443400,0.398600,0.842000,18.388878,35.485251,0.998071
flower,flower_0104.jpg,119264,32956,3.618886,72.367185,1.881400,1.582000,3.463400,13.703838,36.762381,0.999233
flower,flower_0105.jpg,69597,37904,1.836139,45.537882,1.459600,1.610500,3.070100,32.889810,32.960190,0.996601
flower,flower_0106.jpg,5274,2046,2.577713,61.205916,0.136100,0.147100,0.283200,27.009524,33.815634,0.997993
flower,flower_0107.jpg,133530,64711,2.063482,51.538231,2.075500,2.258100,4.333600,39.680260,32.145059,0.996412
flower,flower_0108.jpg,111877,57700,1.938943,48.425503,1.695400,1.959100,3.654500,31.250631,33.182216,0.995245
flower,flower_0109.jpg,20159,11347,1.776593,43.712486,0.333200,0.623400,0.956600,13.279779,36.898895,0.997665
flower,flower_0110.jpg,7292,4350,1.676322,40.345584,0.183300,0.271400,0.454700,10.234022,38.030340,0.998246
flower,flower_0111.jpg,32074,17038,1.882498,46.879092,0.899800,0.800800,1.700600,16.065890,36.071756,0.995099
flower,flower_0112.jpg,73047,20556,3.553561,71.859214,1.111600,1.237900,2.349500,7.246205,39.529698,0.999362
flower,flower_0113.jpg,101776,31854,3.195078,68.701855,1.811000,3.248100,5.059100,25.216961,34.113876,0.997368
flower,flower_0114.jpg,15530,8471,1.833314,45.453960,0.788900,0.457700,1.246600,16.279201,36.014473,0.996484
flower,flower_0115.jpg,39437,19996,1.972244,49.296346,1.444600,1.353900,2.798500,6.377972,40.083978,0.999690
flower,flower_0116.jpg,65252,32419,2.012770,50.317232,1.451600,1.654300,3.105900,22.607439,34.588290,0.995439
flower,flower_0117.jpg,113034,56656,1.995093,49.877028,2.155900,2.196300,4.352200,31.348572,33.168626,0.996672
flower,flower_0118.jpg,11339,6242,1.816565,44.951054,0.203400,0.297800,0.501200,45.025136,31.596253,0.994235
flower,flower_0119.jpg,95097,45842,2.074451,51.794484,3.913000,4.636300,8.549300,3.912831,42.205893,0.998494
flower,flower_0120.jpg,38117,20284,1.879166,46.784899,0.563200,0.866900,1.430100,20.827264,34.944481,0.997637
flower,flower_0121.jpg,61788,32238,1.916620,47.824820,1.376000,1.517200,2.893200,15.724441,36.165052,0.997986
flower,flower_0122.jpg,44933,24131,1.862045,46.295596,1.163700,0.792800,1.956500,9.735113,38.247394,0.998348
flower,flower_0123.jpg,16342,8983,1.819214,45.031208,0.252300,0.369900,0.622200,25.453846,34.073269,0.999129
flower,flower_0124.jpg,19210,6747,2.847191,64.877668,0.189200,0.251400,0.440600,48.028073,31.315852,0.996641
flower,flower_0125.jpg,238414,125370,1.901683,47.415001,5.436400,5.439100,10.875500,12.923600,37.016969,0.997419
flower,flower_0126.jpg,68999,38251,1.803848,44.562965,1.474200,1.493800,2.968000,13.155031,36.939885,0.999055
flower,flower_0127.jpg,80798,44218,1.827265,45.273398,1.538700,1.361000,2.899700,27.419638,33.750186,0.994875
flower,flower_0128.jpg,89260,16166,5.521465,81.888864,1.091200,0.909400,2.000600,19.521170,35.225745,0.995609
flower,flower_0129.jpg,64608,33816,1.910575,47.659733,1.648200,1.697000,3.345200,16.042938,36.077964,0.998668
flower,flower_0130.jpg,16176,8670,1.865744,46.402077,0.250600,0.386300,0.636900,37.371684,32.405377,0.993083
flower,flower_0131.jpg,11357,6383,1.779257,43.796777,0.423600,0.478100,0.901700,6.971633,39.697459,0.999623
flower,flower_0132.jpg,24838,13274,1.871177,46.557694,0.900800,0.826500,1.727300,10.575306,37.887874,0.997818
flower,flower_0133.jpg,68833,35407,1.944051,48.561010,1.957800,2.091300,4.049100,15.258954,36.295556,0.998417
flower,flower_0134.jpg,18948,6331,2.992892,66.587503,0.177100,0.306600,0.483700,60.445417,30.317170,0.992267
flower,flower_0135.jpg,18380,10385,1.769860,43.498368,0.598300,0.583100,1.181400,9.598082,38.308959,0.998892
flower,flower_0136.jpg,26562,12179,2.180967,54.148784,1.319500,1.256300,2.575800,10.694489,37.839203,0.998607
flower,flower_0137.jpg,115893,61141,1.895504,47.243578,4.190100,3.182600,7.372700,9.403975,38.397689,0.999251
flower,flower_0138.jpg,22265,11993,1.856500,46.135190,0.453900,0.563200,1.017100,20.744307,34.961814,0.995168
flower,flower_0139.jpg,276274,77229,3.577335,72.046229,2.799500,2.857300,5.656800,23.757490,34.372798,0.997915
flower,flower_0140.jpg,100192,25020,4.004476,75.027946,1.255700,1.599200,2.854900,30.279227,33.319356,0.995866
flower,flower_0141.jpg,34143,14506,2.353716,57.513985,0.820200,0.765900,1.586100,21.389840,34.828728,0.991617
flower,flower_0142.jpg,30788,16672,1.846689,45.849032,0.529800,0.606300,1.136100,51.294944,31.030058,0.984271
flower,flower_0143.jpg,27891,7925,3.519369,71.585816,0.438400,0.417700,0.856100,15.402166,36.254986,0.999094
flower,flower_0144.jpg,121151,59408,2.039304,50.963673,4.653300,4.370000,9.023300,6.059675,40.306310,0.999104
flower,flower_0145.jpg,7158,4243,1.687014,40.723666,0.163300,0.214100,0.377400,37.605457,32.378295,0.995114
flower,flower_0146.jpg,47406,22326,2.123354,52.904696,1.133500,1.254100,2.387600,12.761604,37.071751,0.998719
flower,flower_0147.jpg,663063,150101,4.417446,77.362483,7.481600,7.497700,14.979300,8.946533,38.614256,0.999567
flower,flower_0148.jpg,121494,22658,5.362080,81.350519,1.862400,1.471500,3.333900,15.535165,36.217645,0.995203
flower,flower_0149.jpg,133689,71638,1.866174,46.414439,2.870700,2.268300,5.139000,31.724225,33.116893,0.995280
flower,flower_0150.jpg,164196,86571,1.896663,47.275817,2.257800,2.795300,5.053100,55.330243,30.701178,0.993043
flower,flower_0151.jpg,115609,40204,2.875560,65.224161,0.793500,0.989000,1.782500,84.678778,28.853058,0.993860
flower,flower_0152.jpg,61825,30643,2.017590,50.435908,1.471100,1.447600,2.918700,16.710861,35.900815,0.998858
flower,flower_0153.jpg,90213,43250,2.085850,52.057907,1.608900,1.844800,3.453700,27.847563,33.682932,0.995880
flower,flower_0154.jpg,13446,6764,1.987877,49.695077,0.285100,0.342400,0.627500,21.646614,34.776904,0.999005
flower,flower_0155.jpg,22396,12410,1.804674,44.588319,0.393900,0.412000,0.805900,58.369613,30.468935,0.991242
flower,flower_0156.jpg,59872,31349,1.909854,47.639965,1.591900,1.542200,3.134100,12.757367,37.073193,0.999070
flower,flower_0157.jpg,45349,24657,1.839194,45.628349,1.591200,1.743100,3.334300,5.111824,41.045045,0.999687
flower,flower_0158.jpg,80797,46392,1.741615,42.582027,2.337600,7.416600,9.754200,10.017382,38.123261,0.997540
flower,flower_0159.jpg,39365,15598,2.523721,60.375968,1.113900,1.556300,2.670200,12.353681,37.212840,0.994209
flower,flower_0160.jpg,8386,5038,1.664549,39.923682,0.291100,0.264000,0.555100,11.768636,37.423542,0.997699
flower,flower_0161.jpg,33488,17399,1.924708,48.044075,0.743200,1.181700,1.924900,19.299330,35.275381,0.997889
flower,flower_0162.jpg,5330,2980,1.788591,44.090056,0.241000,0.231900,0.472900,15.817153,36.139520,0.996364
flower,flower_0163.jpg,29750,15765,1.887092,47.008403,0.535300,0.947200,1.482500,28.044952,33.652257,0.991357
flower,flower_0164.jpg,315884,175016,1.804886,44.594851,52.314100,11.031400,63.345500,17.733743,35.642799,0.997599
flower,flower_0165.jpg,9590,5312,1.805346,44.608968,0.967000,0.300700,1.267700,41.196944,31.982154,0.995547
flower,flower_0166.jpg,41186,20641,1.995349,49.883456,3.435900,1.482400,4.918300,6.475817,40.017858,0.999437
flower,flower_0167.jpg,110174,52653,2.092454,52.209233,2.220800,1.513400,3.734200,46.347894,31.470504,0.993533
flower,flower_0168.jpg,106996,25750,4.155184,75.933680,4.247900,1.302000,5.549900,24.426612,34.252171,0.997663
flower,flower_0169.jpg,39346,22496,1.749022,42.825192,0.708000,0.781700,1.489700,66.998494,29.870153,0.989355
flower,flower_0170.jpg,18764,10060,1.865209,46.386698,0.318900,0.325600,0.644500,66.557044,29.898863,0.993299
flower,flower_0171.jpg,83189,46800,1.777543,43.742562,1.662600,1.682800,3.345400,18.972060,35.349659,0.994985
flower,flower_0172.jpg,18971,9029,2.101119,52.406304,0.666800,0.582000,1.248800,7.909421,39.149357,0.999367
flower,flower_0173.jpg,24378,12638,1.928944,48.158175,0.534900,0.761700,1.296600,26.565805,33.887574,0.995416
flower,flower_0174.jpg,26540,14110,1.880936,46.834966,0.512800,0.651600,1.164400,34.914460,32.700750,0.994035
flower,flower_0175.jpg,70546,36292,1.943844,48.555552,2.889900,2.201300,5.091200,7.067587,39.638092,0.999328
flower,flower_0176.jpg,84165,35585,2.365182,57.719955,1.519800,1.470200,2.990000,35.173637,32.668631,0.992750
flower,flower_0177.jpg,78194,24810,3.151713,68.271223,1.132300,0.877000,2.009300,11.249428,37.619499,0.999522
flower,flower_0178.jpg,48530,25266,1.920763,47.937358,0.808900,0.918400,1.727300,38.713020,32.252233,0.994335
flower,flower_0179.jpg,44272,20103,2.202258,54.592067,1.494600,1.291300,2.785900,13.350479,36.875835,0.998847
flower,flower_0180.jpg,21356,11732,1.820320,45.064619,1.162500,0.496800,1.659300,33.080204,32.935122,0.997863
flower,flower_0181.jpg,160278,87136,1.839400,45.634460,6.115300,7.216800,13.332100,74.412232,29.414360,0.988321
flower,flower_0182.jpg,49504,20793,2.380801,57.997334,1.220000,1.811300,3.031300,12.296551,37.232971,0.998859
flower,flower_0183.jpg,55782,28360,1.966925,49.159227,1.675500,2.088600,3.764100,11.458259,37.539617,0.999148
flower,flower_0184.jpg,350259,42746,8.193960,87.795888,2.957800,4.464800,7.422600,15.747317,36.158738,0.999031
flower,flower_0185.jpg,37487,19484,1.923989,48.024649,1.217000,1.962300,3.179300,20.053497,35.108902,0.994709
flower,flower_0186.jpg,40169,19620,2.047350,51.156364,3.472500,1.809600,5.282100,5.329804,40.863691,0.998940
flower,flower_0187.jpg,86834,45043,1.927802,48.127462,2.210200,1.796200,4.006400,20.228253,35.071220,0.997183
flower,flower_0188.jpg,60605,14393,4.210727,76.251134,0.759100,0.637000,1.396100,18.434459,35.474500,0.998080
flower,flower_0189.jpg,20059,10861,1.846883,45.854729,0.277700,0.902700,1.180400,22.968241,34.519526,0.997526
flower,flower_0190.jpg,84614,44107,1.918380,47.872692,2.396700,1.647300,4.044000,34.013195,32.814329,0.995566
flower,flower_0191.jpg,232857,60655,3.839040,73.951825,2.231600,1.972900,4.204500,54.640706,30.755641,0.995114
flower,flower_0192.jpg,148146,77764,1.905072,47.508539,9.882900,14.451100,24.334000,3.995329,42.115278,0.999499
flower,flower_0193.jpg,59565,31241,1.906629,47.551414,1.018300,2.117700,3.136000,23.299263,34.457382,0.997761
flower,flower_0194.jpg,57191,12822,4.460381,77.580389,0.451500,0.416400,0.867900,9.916566,38.167191,0.999386
flower,flower_0195.jpg,139172,76686,1.814829,44.898399,2.359200,2.203200,4.562400,66.230816,29.920203,0.991265
flower,flower_0196.jpg,29133,15998,1.821040,45.086328,1.174000,1.299700,2.473700,36.451307,32.513673,0.991969
flower,flower_0197.jpg,39311,12320,3.190828,68.660171,0.789700,0.980900,1.770600,68.454617,29.776776,0.990102
flower,flower_0198.jpg,64751,31586,2.049991,51.219286,2.647600,3.090800,5.738400,19.687047,35.188998,0.997480
flower,flower_0199.jpg,93839,50487,1.858676,46.198276,0.981300,1.014400,1.995700,82.001792,28.992570,0.988214
flower,flower_0200.jpg,18014,11069,1.627428,38.553347,0.435300,2.277900,2.713200,26.866158,33.838748,0.998057
flower,flower_0201.jpg,142819,75687,1.886969,47.004950,1.988100,2.907400,4.895500,41.640122,31.935684,0.996617
flower,flower_0202.jpg,70093,36191,1.936752,48.367169,1.152800,2.556800,3.709600,15.913601,36.113119,0.997396
flower,flower_0203.jpg,42975,20868,2.059373,51.441536,1.576400,2.201900,3.778300,16.341613,35.997855,0.991709
flower,flower_0204.jpg,117879,31135,3.786061,73.587323,2.237300,1.469800,3.707100,14.616770,36.482290,0.998595
flower,flower_0205.jpg,111527,30620,3.642293,72.544765,1.341200,1.888700,3.229900,26.607098,33.880828,0.998640
flower,flower_0206.jpg,26116,14087,1.853908,46.059887,0.748500,0.988200,1.736700,74.758098,29.394221,0.987066
flower,flower_0207.jpg,62852,30496,2.060992,51.479667,2.585000,1.262500,3.847500,9.774390,38.229907,0.998114
flower,flower_0208.jpg,42599,21123,2.016712,50.414329,2.030700,2.371300,4.402000,7.859696,39.176746,0.999135
flower,flower_0209.jpg,39076,11762,3.322224,69.899683,1.050100,0.598900,1.649000,16.153831,36.048048,0.998330
flower,flower_0210.jpg,44061,22211,1.983747,49.590341,0.800800,0.652600,1.453400,40.917851,32.011675,0.992924
flower,flower_0211.jpg,2619816,799328,3.277523,69.489155,65.608100,59.563900,125.172000,7.488981,39.386576,0.999345
flower,flower_0212.jpg,50265,22190,2.265210,55.853974,2.348200,1.295300,3.643500,13.104607,36.956563,0.998183
flower,flower_0213.jpg,78992,36378,2.171422,53.947235,1.369400,1.360800,2.730200,20.942076,34.920606,0.998197
flower,flower_0214.jpg,95630,21586,4.430186,77.427585,2.177500,0.894800,3.072300,15.082269,36.346137,0.997658
flower,flower_0215.jpg,79727,40585,1.964445,49.095037,2.572700,1.722300,4.295000,20.455611,35.022679,0.996382
flower,flower_0216.jpg,120869,62390,1.937314,48.382133,1.715800,3.734400,5.450200,66.465539,29.904838,0.986793
flower,flower_0217.jpg,117476,61154,1.920986,47.943410,5.418900,1.967000,7.385900,11.748574,37.430952,0.999054
flower,flower_0218.jpg,55159,14491,3.806432,73.728675,0.393100,0.426000,0.819100,37.514651,32.388795,0.996177
flower,flower_0219.jpg,84598,39711,2.130342,53.059174,3.056300,1.390300,4.446600,28.913125,33.519853,0.996980
flower,flower_0220.jpg,48958,26470,1.849566,45.933249,0.765400,0.761800,1.527200,30.111203,33.343523,0.995289
flower,flower_0221.jpg,15385,8245,1.865979,46.408840,0.704600,0.809500,1.514100,15.954719,36.101912,0.996965
flower,flower_0222.jpg,30381,13364,2.273346,56.011981,0.824100,0.770800,1.594900,18.781318,35.393543,0.994812
flower,flower_0223.jpg,52868,13367,3.955113,74.716274,1.362900,0.924200,2.287100,23.740434,34.375917,0.997509
flower,flower_0224.jpg,93752,49996,1.875190,46.672071,3.301200,1.881900,5.183100,32.033944,33.074699,0.995952
flower,flower_0225.jpg,33107,17293,1.914474,47.766333,0.623500,0.701900,1.325400,9.678705,38.272631,0.996276
flower,flower_0226.jpg,96586,47201,2.046270,51.130599,2.362400,1.611400,3.973800,17.643493,35.664958,0.996160
flower,flower_0227.jpg,14314,4511,3.173132,68.485399,0.243600,0.296300,0.539900,34.792096,32.715998,0.994259
flower,flower_0228.jpg,39251,23897,1.642507,39.117475,0.425700,0.507200,0.932900,91.849117,28.500054,0.992826
flower,flower_0229.jpg,288352,156028,1.848079,45.889746,10.555400,7.760700,18.316100,13.401030,36.859422,0.995844
flower,flower_0230.jpg,12947,7236,1.789248,44.110605,0.219700,0.491800,0.711500,71.121974,29.610766,0.992389
flower,flower_0231.jpg,14675,5492,2.672068,62.575809,0.195600,0.258700,0.454300,50.113389,31.131266,0.993326
flower,flower_0232.jpg,79266,40509,1.956750,48.894860,2.234000,3.517900,5.751900,52.940291,30.892940,0.994325
flower,flower_0233.jpg,4958,2885,1.718544,41.811214,0.190900,0.121100,0.312000,63.401132,30.109833,0.989092
flower,flower_0234.jpg,45956,26001,1.767470,43.421969,2.016400,0.877300,2.893700,7.380219,39.450111,0.999365
flower,flower_0235.jpg,67390,34703,1.941907,48.504229,1.420100,1.259700,2.679800,20.514465,35.010202,0.996465
flower,flower_0236.jpg,24605,12234,2.011198,50.278399,0.294000,0.604500,0.898500,56.835731,30.584589,0.988497
flower,flower_0237.jpg,86407,20715,4.171229,76.026248,2.130000,1.696400,3.826400,5.955427,40.381675,0.999666
flower,flower_0238.jpg,30207,16009,1.886876,47.002350,0.564100,1.573300,2.137400,36.159865,32.548536,0.992369
flower,flower_0239.jpg,61259,17786,3.444226,70.965899,1.746100,1.866000,3.612100,47.668698,31.348471,0.990695
flower,flower_0240.jpg,104053,53593,1.941541,48.494517,3.145000,3.774500,6.919500,53.903532,30.814631,0.994602
flower,flower_0241.jpg,18528,9435,1.963752,49.077073,0.618500,0.908000,1.526500,38.856249,32.236195,0.992639
flower,flower_0242.jpg,9746,3081,3.163259,68.387031,0.139200,0.169600,0.308800,31.925142,33.089475,0.989507
flower,flower_0243.jpg,9929,5293,1.875874,46.691510,0.172300,0.208000,0.380300,55.984976,30.650089,0.993140
flower,flower_0244.jpg,22846,11390,2.005795,50.144445,1.236900,0.726400,1.963300,13.942728,36.687326,0.998623
flower,flower_0245.jpg,17091,4906,3.483693,71.294834,0.157500,0.482200,0.639700,39.785364,32.133570,0.996595
flower,flower_0246.jpg,63991,32628,1.961230,49.011580,2.370900,3.317500,5.688400,23.627977,34.396538,0.997888
flower,flower_0247.jpg,36160,18509,1.953644,48.813606,0.495500,1.270600,1.766100,49.895372,31.150201,0.991796
flower,flower_0248.jpg,108235,25862,4.185098,76.105696,3.515600,1.754400,5.270000,5.956695,40.380750,0.999574
flower,flower_0249.jpg,62930,33538,1.876379,46.705864,1.258400,0.904500,2.162900,14.220274,36.601724,0.999033
flower,flower_0250.jpg,22308,11235,1.985581,49.636902,0.385600,0.517700,0.903300,23.527513,34.415043,0.996443
flower,flower_0251.jpg,10948,3690,2.966938,66.295214,0.226400,0.292800,0.519200,31.230869,33.184963,0.994453
flower,flower_0252.jpg,80417,35446,2.268719,55.922255,2.583200,2.935500,5.518700,13.271926,36.901464,0.998721
flower,flower_0253.jpg,32980,17734,1.859705,46.228017,0.659500,1.106300,1.765800,9.492301,38.357089,0.998732
flower,flower_0254.jpg,92911,45208,2.055189,51.342683,1.800800,1.968300,3.769100,29.872247,33.378125,0.994564
flower,flower_0255.jpg,31963,16468,1.940916,48.477928,0.826700,0.829400,1.656100,24.946496,34.160708,0.996872
flower,flower_0256.jpg,124607,64939,1.918832,47.884950,2.461600,2.638900,5.100500,22.141568,34.678720,0.997803
flower,flower_0257.jpg,61001,31787,1.919055,47.891018,1.155400,1.258800,2.414200,43.848923,31.711214,0.995596
flower,flower_0258.jpg,197565,104609,1.888604,47.050844,6.885300,6.723000,13.608300,8.420850,38.877244,0.998774
flower,flower_0259.jpg,7107,4115,1.727096,42.099339,0.155100,0.243300,0.398400,33.153957,32.925450,0.983846
flower,flower_0260.jpg,79068,19074,4.145329,75.876461,1.101500,1.199500,2.301000,13.974893,36.677319,0.998799
flower,flower_0261.jpg,60489,30707,1.969877,49.235398,1.372100,1.327900,2.700000,24.061882,34.317508,0.997531
flower,flower_0262.jpg,54635,31528,1.732904,42.293402,1.143400,1.136200,2.279600,19.090434,35.322645,0.995887
flower,flower_0263.jpg,23115,12605,1.833796,45.468311,0.455400,0.482800,0.938200,21.290121,34.849022,0.996988
flower,flower_0264.jpg,46735,24038,1.944213,48.565315,1.905900,1.750200,3.656100,5.639995,40.618016,0.999569
flower,flower_0265.jpg,214095,114930,1.862830,46.318223,6.857200,6.842100,13.699300,9.954102,38.150783,0.998933
flower,flower_0266.jpg,145772,38714,3.765356,73.442088,1.881100,1.863000,3.744100,12.637559,37.114172,0.999076
flower,flower_0267.jpg,151318,74929,2.019485,50.482428,4.016100,4.641600,8.657700,13.272255,36.901357,0.998334
flower,flower_0268.jpg,28512,15687,1.817556,44.981061,1.427800,0.663200,2.091000,14.569155,36.496460,0.999260
flower,flower_0269.jpg,72420,37274,1.942909,48.530793,2.111700,2.117900,4.229600,11.382587,37.568394,0.998915
flower,flower_0270.jpg,122715,58166,2.109738,52.600742,3.291200,3.549100,6.840300,6.882664,39.753238,0.998548
flower,flower_0271.jpg,40795,20059,2.033750,50.829759,1.125000,1.024500,2.149500,18.431426,35.475214,0.993993
flower,flower_0272.jpg,91634,43343,2.114159,52.699871,1.832300,1.931000,3.763300,25.686433,34.033766,0.995653
flower,flower_0273.jpg,83220,42517,1.957335,48.910118,1.600300,1.691700,3.292000,35.765082,32.596211,0.996279
flower,flower_0274.jpg,81894,37903,2.160621,53.717000,2.655800,2.756000,5.411800,12.283339,37.237639,0.998441
flower,flower_0275.jpg,36564,17692,2.066697,51.613609,0.998700,1.015700,2.014400,26.254326,33.938795,0.997043
flower,flower_0276.jpg,151203,78465,1.927012,48.106188,2.470800,2.855200,5.326000,66.984662,29.871050,0.991515
flower,flower_0277.jpg,46298,23000,2.012957,50.321828,1.566600,1.255200,2.821800,9.194980,38.495296,0.999250
flower,flower_0278.jpg,96470,51139,1.886427,46.989738,5.705800,3.347100,9.052900,29.793002,33.389661,0.994269
flower,flower_0279.jpg,82167,23621,3.478557,71.252449,0.840400,1.586000,2.426400,50.342153,31.111486,0.992675
flower,flower_0280.jpg,64177,17248,3.720837,73.124328,0.941400,0.848000,1.789400,19.058820,35.329844,0.999091
flower,flower_0281.jpg,36478,21990,1.658845,39.717090,0.813700,1.222600,2.036300,32.471631,33.015763,0.997453
flower,flower_0282.jpg,134986,31739,4.253001,76.487191,4.214400,1.588200,5.802600,17.611252,35.672901,0.998265
flower,flower_0283.jpg,17368,9869,1.759854,43.177107,0.450300,0.475500,0.925800,14.122041,36.631829,0.999093
flower,flower_0284.jpg,196478,93850,2.093532,52.233838,8.854800,6.299900,15.154700,11.623980,37.477255,0.998225
flower,flower_0285.jpg,47876,22821,2.097892,52.333111,0.889700,1.229100,2.118800,27.558297,33.728280,0.995778
flower,flower_0286.jpg,54086,28868,1.873562,46.625744,1.911600,2.586700,4.498300,5.164055,41.000895,0.999787
flower,flower_0287.jpg,42485,23596,1.800517,44.460398,0.684100,1.245800,1.929900,27.465280,33.742963,0.997663
flower,flower_0288.jpg,159050,88527,1.796627,44.340145,3.229600,2.575400,5.805000,73.167903,29.487598,0.995058
flower,flower_0289.jpg,125076,60951,2.052075,51.268829,5.829500,5.730000,11.559500,3.825690,42.303706,0.999733
flower,flower_0290.jpg,21925,12003,1.826627,45.254276,0.694400,0.695300,1.389700,8.388167,38.894133,0.998778
flower,flower_0291.jpg,56151,28860,1.945634,48.602874,2.057600,2.329600,4.387200,12.507350,37.159151,0.999500
flower,flower_0292.jpg,18041,9774,1.845815,45.823402,0.415600,0.406300,0.821900,40.051632,32.104601,0.994823
flower,flower_0293.jpg,80842,32625,2.477916,59.643502,2.006100,1.319500,3.325600,24.717508,34.200757,0.997920
flower,flower_0294.jpg,119600,29922,3.997059,74.981605,1.278300,1.263000,2.541300,26.643315,33.874921,0.997510
flower,flower_0295.jpg,90619,48869,1.854325,46.072016,1.954700,1.868800,3.823500,26.586350,33.884216,0.997481
flower,flower_0296.jpg,146783,79473,1.846954,45.856809,3.596100,3.272900,6.869000,21.839561,34.738365,0.996407
flower,flower_0297.jpg,80786,18914,4.271228,76.587528,1.473100,1.187900,2.661000,7.356635,39.464012,0.998088
flower,flower_0298.jpg,50748,25692,1.975245,49.373374,1.920600,1.070800,2.991400,9.876080,38.184958,0.997215
flower,flower_0299.jpg,189388,97615,1.940153,48.457664,5.262700,7.790700,13.053400,7.324359,39.483107,0.999412
flower,flower_0300.jpg,15860,8327,1.904648,47.496847,0.620500,0.584300,1.204800,8.294705,38.942794,0.996097
flower,flower_0301.jpg,88958,42501,2.093080,52.223521,2.159900,1.709500,3.869400,36.479387,32.510328,0.983113
flower,flower_0302.jpg,46361,22777,2.035430,50.870344,1.182200,1.157100,2.339300,15.247303,36.298873,0.998608
flower,flower_0303.jpg,59341,30188,1.965715,49.127922,1.591400,1.489500,3.080900,15.077021,36.347648,0.997250
flower,flower_0304.jpg,14842,4099,3.620883,72.382428,0.171800,0.256200,0.428000,20.841978,34.941414,0.997073
flower,flower_0305.jpg,156020,48956,3.186943,68.621972,1.464800,1.452700,2.917500,81.112329,29.039935,0.990464
flower,flower_0306.jpg,33275,15631,2.128783,53.024793,0.944800,0.952800,1.897600,10.413334,37.954906,0.999297
flower,flower_0307.jpg,299184,156706,1.909206,47.622199,6.899700,7.721800,14.621500,17.684799,35.654802,0.996105
flower,flower_0308.jpg,10854,6248,1.737196,42.435968,0.218000,0.256300,0.474300,14.725095,36.450223,0.998490
flower,flower_0309.jpg,117240,59787,1.960961,49.004606,2.882100,2.136200,5.018300,36.554655,32.501377,0.994682
flower,flower_0310.jpg,105532,22464,4.697828,78.713566,1.573700,1.326300,2.900000,9.024292,38.576672,0.999069
flower,flower_0311.jpg,149268,75298,1.982363,49.555163,4.950500,4.804000,9.754500,6.107036,40.272499,0.999503
flower,flower_0312.jpg,22868,13158,1.737954,42.461081,0.389400,0.556800,0.946200,13.190012,36.928352,0.999240
flower,flower_0313.jpg,77525,42455,1.826051,45.237020,3.114700,2.631800,5.746500,8.611971,38.779778,0.999478
flower,flower_0314.jpg,29233,15721,1.859487,46.221736,0.667900,0.667500,1.335400,21.966136,34.713267,0.999159
flower,flower_0315.jpg,125052,29640,4.219028,76.297860,1.785400,1.680700,3.466100,9.320447,38.436436,0.999009
flower,flower_0316.jpg,188791,105799,1.784431,43.959723,5.913600,7.440000,13.353600,7.853995,39.179898,0.999102
flower,flower_0317.jpg,9739,5177,1.881205,46.842592,0.350800,0.340700,0.691500,9.067241,38.556052,0.996619
flower,flower_0318.jpg,27888,14740,1.891995,47.145726,0.622900,0.666400,1.289300,37.835474,32.351812,0.991556
flower,flower_0319.jpg,80227,40555,1.978227,49.449687,2.383800,2.082300,4.466100,19.052319,35.331325,0.998107
flower,flower_0320.jpg,53177,24058,2.210367,54.758636,1.450300,1.658800,3.109100,8.990817,38.592812,0.999613
flower,flower_0321.jpg,50434,27507,1.833497,45.459412,1.353300,1.102400,2.455700,11.299904,37.600056,0.997813
flower,flower_0322.jpg,6099,2569,2.374076,57.878341,0.286000,0.253700,0.539700,9.577878,38.318110,0.996793
flower,flower_0323.jpg,11422,6337,1.802430,44.519349,0.428300,0.423900,0.852200,11.060556,37.693034,0.996965
flower,flower_0324.jpg,69013,38884,1.774843,43.656992,2.112800,2.039300,4.152100,18.444499,35.472135,0.998691
flower,flower_0325.jpg,194542,125082,1.555316,35.704372,4.859700,5.508800,10.368500,6.619970,39.922243,0.999470
flower,flower_0326.jpg,170639,83303,2.048414,51.181735,5.927600,6.689300,12.616900,8.311284,38.934122,0.997660
flower,flower_0327.jpg,30833,15851,1.945177,48.590796,0.578200,0.717700,1.295900,15.008876,36.367322,0.997796
flower,flower_0328.jpg,65270,34909,1.869718,46.516010,1.029300,1.144200,2.173500,60.561898,30.308809,0.992297
flower,flower_0329.jpg,114299,57754,1.979066,49.471124,2.205600,2.157600,4.363200,27.861294,33.680791,0.996704
flower,flower_0330.jpg,69448,32854,2.113837,52.692662,1.527500,1.475500,3.003000,14.519611,36.511254,0.998937
flower,flower_0331.jpg,85066,45838,1.855797,46.114781,1.619300,1.741400,3.360700,22.533256,34.602564,0.997612
flower,flower_0332.jpg,22783,11554,1.971871,49.286749,0.450600,0.617000,1.067600,19.170702,35.304423,0.998831
flower,flower_0333.jpg,122316,61856,1.977431,49.429347,4.636800,5.544300,10.181100,5.059538,41.089695,0.999315
flower,flower_0334.jpg,69167,33900,2.040324,50.988188,1.674800,1.668200,3.343000,16.669271,35.911638,0.998393
flower,flower_0335.jpg,246441,124032,1.986915,49.670712,9.015500,8.119400,17.134900,12.083147,37.309003,0.998958
flower,flower_0336.jpg,8039,4497,1.787636,44.060206,0.360600,0.398900,0.759500,8.243934,38.969459,0.998536
flower,flower_0337.jpg,89279,57084,1.563993,36.061112,2.526300,2.504200,5.030500,5.495732,40.730548,0.999442
flower,flower_0338.jpg,21443,6282,3.413403,70.703726,0.209400,0.290100,0.499500,28.697892,33.552304,0.989667
flower,flower_0339.jpg,1418975,618498,2.294227,56.412340,49.904200,49.184800,99.089000,5.413218,40.796248,0.999539
flower,flower_0340.jpg,155432,73949,2.101881,52.423568,3.819900,4.262600,8.082500,10.533007,37.905280,0.995689
flower,flower_0341.jpg,70517,31245,2.256905,55.691535,1.253800,1.386200,2.640000,30.405403,33.301296,0.996735
flower,flower_0342.jpg,42644,21201,2.011415,50.283744,1.376900,1.317600,2.694500,6.671366,39.888656,0.999481
flower,flower_0343.jpg,45575,22875,1.992350,49.808009,1.201300,1.215000,2.416300,12.698013,37.093446,0.997225
flower,flower_0344.jpg,68591,37439,1.832074,45.417037,2.062000,1.334400,3.396400,23.891295,34.348407,0.998436
flower,flower_0345.jpg,116524,62845,1.854149,46.066905,1.876300,1.805400,3.681700,67.736324,29.822587,0.986115
flower,flower_0346.jpg,43376,21920,1.978832,49.465142,0.660700,1.046400,1.707100,55.381279,30.697174,0.991037
flower,flower_0347.jpg,7187,3949,1.819954,45.053569,0.182800,0.183700,0.366500,53.678303,30.832816,0.994032
flower,flower_0348.jpg,46034,21751,2.116408,52.750141,0.896600,0.819900,1.716500,29.370470,33.451695,0.994462
flower,flower_0349.jpg,165081,86963,1.898290,47.321012,3.521300,5.298300,8.819600,32.020335,33.076545,0.994456
flower,flower_0350.jpg,57949,27775,2.086373,52.069924,24.803700,1.353000,26.156700,17.168766,35.783413,0.998829
flower,flower_0351.jpg,30862,15902,1.940762,48.473851,0.663500,0.707900,1.371400,20.649661,34.981674,0.998194
flower,flower_0352.jpg,119974,64909,1.848342,45.897444,1.913300,2.091400,4.004700,41.498385,31.950492,0.993968
flower,flower_0353.jpg,26144,13050,2.003372,50.084149,0.609000,0.756800,1.365800,30.336226,33.311188,0.996817
flower,flower_0354.jpg,260004,139305,1.866437,46.421978,6.874700,7.725000,14.599700,14.383312,36.552215,0.997205
flower,flower_0355.jpg,31714,16647,1.905088,47.508987,0.800200,2.777000,3.577200,20.451844,35.023479,0.993199
flower,flower_0356.jpg,5106,2989,1.708264,41.461026,0.183200,0.182400,0.365600,40.023216,32.107684,0.992962
flower,flower_0357.jpg,82507,38724,2.130642,53.065800,1.773900,1.597800,3.371700,22.590127,34.591617,0.997040
flower,flower_0358.jpg,415198,225240,1.843358,45.751184,5.207200,7.470600,12.677800,68.603338,29.767351,0.983811
flower,flower_0359.jpg,135659,63854,2.124518,52.930510,5.215700,6.199500,11.415200,4.662636,41.444488,0.999659
flower,flower_0360.jpg,54600,28324,1.927694,48.124542,1.142700,1.253100,2.395800,17.856660,35.612801,0.999088
flower,flower_0361.jpg,56204,30075,1.868795,46.489574,1.458300,1.814300,3.272600,12.919730,37.018269,0.998383
flower,flower_0362.jpg,239717,128954,1.858934,46.205734,6.000000,5.807900,11.807900,15.761378,36.154862,0.996073
flower,flower_0363.jpg,36267,12850,2.822335,64.568340,1.074700,0.910300,1.985000,52.081319,30.963984,0.992312
flower,flower_0364.jpg,86933,32421,2.681379,62.705762,1.834300,1.277600,3.111900,6.383808,40.080005,0.998853
flower,flower_0365.jpg,18210,10268,1.773471,43.613399,0.370100,0.369200,0.739300,38.194567,32.310788,0.991916
flower,flower_0366.jpg,36211,20055,1.805585,44.616277,2.649900,1.242000,3.891900,14.761433,36.439518,0.997479
flower,flower_0367.jpg,15395,7210,2.135229,53.166613,0.543900,1.039500,1.583400,15.396077,36.256703,0.998899
flower,flower_0368.jpg,63746,32266,1.975640,49.383491,1.471100,1.990700,3.461800,17.620015,35.670741,0.998886
flower,flower_0369.jpg,79551,41443,1.919528,47.903860,3.888900,4.482100,8.371000,19.670504,35.192649,0.994187
flower,flower_0370.jpg,72318,36698,1.970625,49.254681,1.648500,3.778900,5.427400,28.285026,33.615238,0.993745
flower,flower_0371.jpg,54583,27033,2.019125,50.473591,2.667700,3.354500,6.022200,8.180536,39.002986,0.999079
flower,flower_0372.jpg,105564,54472,1.937950,48.399075,1.572400,1.439000,3.011400,46.090384,31.494700,0.995209
flower,flower_0373.jpg,144943,76738,1.888803,47.056429,2.322300,2.200000,4.522300,59.816672,30.362581,0.990781
flower,flower_0374.jpg,62718,34351,1.825798,45.229440,1.750200,1.148700,2.898900,35.940242,32.574994,0.989504
flower,flower_0375.jpg,257874,150186,1.717031,41.759929,9.850500,12.385300,22.235800,11.365760,37.574819,0.997120
flower,flower_0376.jpg,5201,2915,1.784220,43.953086,0.116700,0.196100,0.312800,21.946548,34.717141,0.997820
flower,flower_0377.jpg,22533,7061,3.191191,68.663738,0.509100,0.728200,1.237300,39.497781,32.165077,0.995703
flower,flower_0378.jpg,205341,103568,1.982668,49.562922,9.825700,8.221600,18.047300,6.585235,39.945091,0.999398
flower,flower_0379.jpg,7502,3958,1.895402,47.240736,0.105200,0.121100,0.226300,47.461211,31.367415,0.994004
flower,flower_0380.jpg,36152,18723,1.930887,48.210334,1.019200,0.866500,1.885700,40.136456,32.095413,0.987929
flower,flower_0381.jpg,69182,35480,1.949887,48.714984,1.791400,2.995700,4.787100,14.207908,36.605502,0.998021
flower,flower_0382.jpg,28081,14444,1.944129,48.563085,0.369500,0.378700,0.748200,26.896027,33.833922,0.997808
flower,flower_0383.jpg,40605,17821,2.278492,56.111316,2.389100,1.278700,3.667800,9.060454,38.559304,0.998898
flower,flower_0384.jpg,47557,23595,2.015554,50.385853,3.102200,2.710200,5.812400,9.208111,38.489098,0.999016
flower,flower_0385.jpg,419724,240562,1.744764,42.685670,7.801200,10.865100,18.666300,72.023991,29.556032,0.990419
flower,flower_0386.jpg,13167,4689,2.808061,64.388243,0.383400,0.423300,0.806700,90.730472,28.553272,0.989567
flower,flower_0387.jpg,129036,62380,2.068548,51.656902,3.038900,4.699400,7.738300,47.269783,31.384968,0.990170
flower,flower_0388.jpg,23386,11627,2.011353,50.282220,0.756900,0.874500,1.631400,26.560371,33.888462,0.991885
flower,flower_0389.jpg,107785,56113,1.920856,47.939880,2.429400,2.162100,4.591500,43.687169,31.727265,0.995987
flower,flower_0390.jpg,58137,30665,1.895875,47.253900,1.496600,3.047100,4.543700,12.128100,37.292876,0.999324
flower,flower_0391.jpg,5495,3246,1.692853,40.928116,0.308400,0.204100,0.512500,67.660788,29.827433,0.992887
flower,flower_0392.jpg,107388,55225,1.944554,48.574329,1.491200,1.563900,3.055100,59.499391,30.385678,0.992500
flower,flower_0393.jpg,17046,9399,1.813597,44.860964,0.789700,0.876500,1.666200,22.945164,34.523892,0.994701
flower,flower_0394.jpg,168463,84209,2.000534,50.013356,5.386100,7.427800,12.813900,13.156111,36.939528,0.998574
flower,flower_0395.jpg,232159,123291,1.883017,46.893724,5.058700,6.035000,11.093700,16.838970,35.867648,0.998229
flower,flower_0396.jpg,147883,79393,1.862671,46.313640,1.538500,1.717900,3.256400,71.147022,29.609236,0.994119
flower,flower_0397.jpg,6408,3862,1.659244,39.731586,0.365500,0.340200,0.705700,11.807085,37.409377,0.997864
flower,flower_0398.jpg,13571,6620,2.050000,51.219512,0.665600,0.630200,1.295800,18.068488,35.561586,0.996003
flower,flower_0399.jpg,46267,11750,3.937617,74.603929,1.015800,0.999600,2.015400,15.377094,36.262061,0.997824
flower,flower_0400.jpg,21496,10951,1.962926,49.055638,0.808500,0.840300,1.648800,26.693889,33.866685,0.995570
flower,flower_0401.jpg,33295,18231,1.826285,45.244031,1.437400,2.341800,3.779200,6.224373,40.189848,0.998909
flower,flower_0402.jpg,78991,34127,2.314619,56.796344,1.221700,2.319900,3.541600,24.492070,34.240549,0.994481
flower,flower_0403.jpg,32345,11084,2.918170,65.731952,0.908100,0.931700,1.839800,22.508942,34.607253,0.995920
flower,flower_0404.jpg,270444,139133,1.943780,48.553860,10.335900,13.387000,23.722900,24.737454,34.197254,0.996485
flower,flower_0405.jpg,70683,40152,1.760386,43.194262,2.504500,1.092700,3.597200,24.148734,34.301860,0.997826
flower,flower_0406.jpg,68530,35463,1.932437,48.251860,3.045400,3.277500,6.322900,11.740178,37.434057,0.999052
flower,flower_0407.jpg,55749,26310,2.118928,52.806328,2.175400,2.397600,4.573000,11.953959,37.355686,0.998876
flower,flower_0408.jpg,23962,12765,1.877164,46.728153,1.062000,1.070600,2.132600,21.051978,34.897874,0.996863
flower,flower_0409.jpg,81558,42624,1.913429,47.737806,1.022400,1.065800,2.088200,47.509530,31.362996,0.994518
flower,flower_0410.jpg,4790,2679,1.787981,44.070981,0.206100,0.540200,0.746300,5.301356,40.886934,0.998215
flower,flower_0411.jpg,8350,2999,2.784261,64.083832,0.149400,0.174700,0.324100,41.361556,31.964835,0.994200
flower,flower_0412.jpg,5028,3029,1.659954,39.757359,0.130300,0.200500,0.330800,36.581159,32.498229,0.994812
flower,flower_0413.jpg,16064,4679,3.433212,70.872759,0.199200,0.188900,0.388100,20.541125,35.004561,0.998457
flower,flower_0414.jpg,69875,34995,1.996714,49.917710,1.313400,1.444200,2.757600,16.112645,36.059135,0.997829
flower,flower_0415.jpg,95305,21606,4.411043,77.329626,1.439900,0.888400,2.328300,19.939093,35.133750,0.997182
flower,flower_0416.jpg,68330,36501,1.872004,46.581297,3.380800,1.784500,5.165300,8.831214,38.670600,0.999066
flower,flower_0417.jpg,15152,7081,2.139811,53.266895,1.525600,0.366900,1.892500,15.143722,36.328477,0.996754
flower,flower_0418.jpg,458763,240628,1.906524,47.548516,9.909800,10.044200,19.954000,29.159408,33.483017,0.993453
flower,flower_0419.jpg,12950,7306,1.772516,43.583012,0.516700,0.240100,0.756800,55.690531,30.672990,0.990876
flower,flower_0420.jpg,36608,19050,1.921680,47.962194,0.596200,0.523400,1.119600,47.404055,31.372649,0.991512
flower,flower_0421.jpg,25709,13811,1.861487,46.279513,0.236600,0.352000,0.588600,72.866344,29.505534,0.984547
flower,flower_0422.jpg,56190,24265,2.315681,56.816159,1.294600,1.170300,2.464900,15.667333,36.180853,0.993530
flower,flower_0423.jpg,60383,28554,2.114695,52.711856,1.568600,0.797100,2.365700,16.822011,35.872025,0.997858
flower,flower_0424.jpg,73982,33495,2.208748,54.725474,1.217500,1.553800,2.771300,18.430349,35.475468,0.996732
flower,flower_0425.jpg,208891,61491,3.397099,70.563117,1.525000,1.958600,3.483600,41.630362,31.936702,0.993953
flower,flower_0426.jpg,79698,41079,1.940115,48.456674,1.104700,1.766200,2.870900,21.575727,34.791149,0.998014
flower,flower_0427.jpg,14775,7981,1.851272,45.983080,0.619500,0.254300,0.873800,16.354291,35.994486,0.998525
flower,flower_0428.jpg,221491,113589,1.949934,48.716201,5.602700,6.447200,12.049900,9.117915,38.531848,0.998731
flower,flower_0429.jpg,15979,8452,1.890558,47.105576,0.419400,0.389500,0.808900,21.952219,34.716019,0.995952
flower,flower_0430.jpg,22510,11467,1.963024,49.058196,0.714400,0.723500,1.437900,8.943234,38.615858,0.997128
flower,flower_0431.jpg,45871,26440,1.734909,42.360097,1.622700,1.804900,3.427600,9.993356,38.133690,0.999380
flower,flower_0432.jpg,7690,4107,1.872413,46.592978,0.591800,0.538900,1.130700,25.899478,33.997893,0.993309
flower,flower_0433.jpg,39302,20120,1.953380,48.806677,2.209500,2.541300,4.750800,8.746915,38.712254,0.998121
flower,flower_0434.jpg,9931,6153,1.614009,38.042493,0.168000,0.291400,0.459400,48.871371,31.240258,0.991624
flower,flower_0435.jpg,54264,28833,1.882010,46.865325,3.035000,1.295400,4.330400,15.852583,36.129803,0.996916
flower,flower_0436.jpg,63578,31302,2.031116,50.765988,2.289100,2.048100,4.337200,21.523195,34.801736,0.997054
flower,flower_0437.jpg,43725,22602,1.934563,48.308748,2.871000,2.010200,4.881200,9.244620,38.471913,0.999504
flower,flower_0438.jpg,126044,61686,2.043316,51.059947,4.241600,6.159800,10.401400,30.297964,33.316669,0.997867
flower,flower_0439.jpg,15009,8230,1.823694,45.166234,0.542000,0.212600,0.754600,49.918791,31.148163,0.996678
flower,flower_0440.jpg,37537,19904,1.885902,46.974985,0.570800,0.663000,1.233800,53.275164,30.865556,0.992320
flower,flower_0441.jpg,79270,44472,1.782470,43.898070,2.321700,2.242100,4.563800,10.865408,37.770343,0.998085
flower,flower_0442.jpg,4795,2768,1.732298,42.273201,0.492800,0.544500,1.037300,6.198658,40.207827,0.999306
flower,flower_0443.jpg,115077,55223,2.083860,52.012131,4.114100,3.088900,7.203000,42.416476,31.855458,0.992163
flower,flower_0444.jpg,24882,12941,1.922726,47.990515,1.241100,0.425200,1.666300,29.529732,33.428209,0.996159
flower,flower_0445.jpg,167620,51909,3.229112,69.031738,2.999100,3.345700,6.344800,50.757660,31.075788,0.993792
flower,flower_0446.jpg,65802,36216,1.816932,44.962159,0.987200,1.227100,2.214300,32.946126,32.952760,0.997068
flower,flower_0447.jpg,95061,48885,1.944584,48.575125,1.826200,1.371100,3.197300,34.188125,32.792051,0.996245
flower,flower_0448.jpg,22297,11664,1.911608,47.688030,0.278100,0.334700,0.612800,53.659538,30.834334,0.993756
flower,flower_0449.jpg,12782,7279,1.756010,43.052730,0.590900,0.679300,1.270200,79.918810,29.104314,0.991716
flower,flower_0450.jpg,26172,13924,1.879632,46.798105,1.268500,1.304400,2.572900,32.907546,32.957849,0.996358
flower,flower_0451.jpg,57475,31240,1.839789,45.645933,2.334600,2.503000,4.837600,43.244539,31.771491,0.995468
flower,flower_0452.jpg,100377,52474,1.912890,47.723084,2.060700,3.982200,6.042900,49.817600,31.156976,0.995043
flower,flower_0453.jpg,68288,32059,2.130073,53.053245,1.175100,3.175600,4.350700,16.060180,36.073300,0.998517
flower,flower_0454.jpg,101263,49949,2.027328,50.673988,2.782300,3.738900,6.521200,34.080787,32.805707,0.996133
flower,flower_0455.jpg,18501,9601,1.926987,48.105508,0.665400,0.646000,1.311400,24.508690,34.237603,0.997261
flower,flower_0456.jpg,88540,44431,1.992753,49.818161,3.317100,3.009500,6.326600,22.256056,34.656321,0.997963
flower,flower_0457.jpg,35564,11701,3.039398,67.098752,0.440100,0.505900,0.946000,18.666176,35.420250,0.998953
flower,flower_0458.jpg,49782,12914,3.854886,74.058897,1.341500,1.211500,2.553000,13.150528,36.941372,0.997809
flower,flower_0459.jpg,32574,10668,3.053431,67.249954,0.185600,0.681500,0.867100,88.660071,28.653523,0.984263
flower,flower_0460.jpg,28381,16381,1.732556,42.281808,0.376900,0.578200,0.955100,67.990380,29.806329,0.993857
flower,flower_0461.jpg,83169,42886,1.939304,48.435114,2.307000,2.931200,5.238200,36.663563,32.488457,0.996432
flower,flower_0462.jpg,11281,6139,1.837596,45.581066,0.464900,0.619700,1.084600,13.517839,36.821731,0.999226
flower,flower_0463.jpg,19861,9624,2.063695,51.543225,1.038500,0.781600,1.820100,20.644098,34.982845,0.996669
flower,flower_0464.jpg,79441,34243,2.319919,56.895054,1.080300,2.795800,3.876100,18.876542,35.371579,0.995869
flower,flower_0465.jpg,17713,8570,2.066861,51.617456,0.847300,0.487300,1.334600,26.625374,33.877846,0.998289
flower,flower_0466.jpg,59529,26135,2.277750,56.097028,2.473500,1.010600,3.484100,20.386815,35.037310,0.996650
flower,flower_0467.jpg,120765,63597,1.898910,47.338219,2.320900,1.780500,4.101400,40.050886,32.104682,0.994635
flower,flower_0468.jpg,46442,23329,1.990741,49.767452,1.724700,0.961500,2.686200,15.740370,36.160654,0.998486
flower,flower_0469.jpg,42294,19589,2.159069,53.683738,1.385700,0.685100,2.070800,8.943836,38.615565,0.998739
flower,flower_0470.jpg,175625,47625,3.687664,72.882562,1.752600,1.515900,3.268500,29.929124,33.369863,0.994316
flower,flower_0471.jpg,58808,25949,2.266292,55.875051,1.044300,2.420100,3.464400,21.492130,34.808009,0.996956
flower,flower_0472.jpg,123198,41134,2.995041,66.611471,0.750100,0.917600,1.667700,47.543620,31.359881,0.993957
flower,flower_0473.jpg,49271,18049,2.729847,63.367904,1.110900,0.817700,1.928600,16.957739,35.837124,0.998682
flower,flower_0474.jpg,14118,7724,1.827809,45.289701,0.228100,0.425500,0.653600,55.517462,30.686508,0.989481
flower,flower_0475.jpg,276049,150137,1.838647,45.612192,12.031100,15.284700,27.315800,16.100165,36.062500,0.998533
flower,flower_0476.jpg,159342,82423,1.933223,48.272897,5.182000,5.511100,10.693100,32.885665,32.960737,0.997715
flower,flower_0477.jpg,29903,15720,1.902226,47.430024,0.973800,0.917200,1.891000,30.965375,33.222040,0.997761
flower,flower_0478.jpg,76012,40104,1.895372,47.239909,3.504400,3.646500,7.150900,23.689843,34.385182,0.998235
flower,flower_0479.jpg,195359,46630,4.189556,76.131123,1.787200,1.619400,3.406600,27.086736,33.803237,0.996425
flower,flower_0480.jpg,7313,4056,1.803008,44.537126,0.389800,0.457500,0.847300,11.364865,37.575161,0.998457
flower,flower_0481.jpg,161382,44992,3.586904,72.120807,1.947500,3.052200,4.999700,19.228539,35.291341,0.998203
flower,flower_0482.jpg,46853,19234,2.435947,58.948200,0.875600,1.206300,2.081900,14.728019,36.449360,0.997737
flower,flower_0483.jpg,233395,94550,2.468482,59.489278,6.253800,9.948900,16.202700,26.082289,33.967347,0.997237
flower,flower_0484.jpg,11260,6219,1.810580,44.769094,0.158100,0.191500,0.349600,42.893494,31.806889,0.994051
flower,flower_0485.jpg,58459,24157,2.419961,58.677022,2.618500,1.669200,4.287700,20.606131,34.990839,0.995748
flower,flower_0486.jpg,48816,23518,2.075687,51.823173,1.715700,2.082400,3.798100,5.666201,40.597884,0.999600
flower,flower_0487.jpg,314375,168870,1.861639,46.283897,8.240200,12.040700,20.280900,20.091852,35.100604,0.997448
flower,flower_0488.jpg,21604,11170,1.934109,48.296612,1.717800,1.083500,2.801300,4.053929,42.052043,0.999617
flower,flower_0489.jpg,243354,73816,3.296765,69.667234,3.652600,4.863900,8.516500,38.695557,32.254193,0.996000
flower,flower_0490.jpg,526448,154660,3.403905,70.621980,7.119500,11.128900,18.248400,69.167112,29.731807,0.973044
flower,flower_0491.jpg,174251,45804,3.804275,73.713781,4.722200,4.537800,9.260000,10.846035,37.778094,0.999377
flower,flower_0492.jpg,48772,23829,2.046750,51.142049,2.865400,3.178300,6.043700,8.486583,38.843475,0.999383
flower,flower_0493.jpg,40927,23623,1.732506,42.280157,1.248800,1.778300,3.027100,28.780505,33.539819,0.997700
flower,flower_0494.jpg,67942,38487,1.765323,43.353154,3.056900,3.690800,6.747700,10.665274,37.851083,0.998856
flower,flower_0495.jpg,134673,39882,3.376787,70.386046,1.560900,3.635800,5.196700,16.973848,35.833001,0.999022
flower,flower_0496.jpg,83722,22830,3.667192,72.731182,1.577100,2.199900,3.777000,32.524070,33.008755,0.992556
flower,flower_0497.jpg,36775,19513,1.884641,46.939497,3.125000,2.136800,5.261800,7.210858,39.550934,0.999591
flower,flower_0498.jpg,42810,21082,2.030642,50.754497,2.370700,0.573200,2.943900,29.784298,33.390930,0.994292
flower,flower_0499.jpg,170232,95583,1.780986,43.851332,5.930400,10.156000,16.086400,14.963457,36.380484,0.995049
fruit,fruit_0000.jpg,4001,2347,1.704729,41.339665,0.104900,0.133700,0.238600,11.028833,37.705508,0.998456
fruit,fruit_0001.jpg,4973,2885,1.723744,41.986728,0.348800,0.379500,0.728300,16.903533,35.851029,0.999259
fruit,fruit_0002.jpg,4398,2664,1.650901,39.427012,0.134600,0.142500,0.277100,14.618333,36.481825,0.997798
fruit,fruit_0003.jpg,4493,2739,1.640380,39.038504,0.152200,0.226700,0.378900,13.199300,36.925295,0.999010
fruit,fruit_0004.jpg,5226,3016,1.732759,42.288557,0.147900,0.226400,0.374300,16.051833,36.075557,0.999000
fruit,fruit_0005.jpg,6098,3403,1.791948,44.194818,0.148900,0.150100,0.299000,24.787533,34.188470,0.997661
fruit,fruit_0006.jpg,4716,2765,1.705606,41.369805,0.132600,0.127600,0.260200,14.311600,36.573922,0.998533
fruit,fruit_0007.jpg,3793,2244,1.690285,40.838387,0.139000,0.137700,0.276700,7.364800,39.459194,0.999039
fruit,fruit_0008.jpg,4342,2624,1.654726,39.567020,0.151800,0.172900,0.324700,13.687867,36.767446,0.998656
fruit,fruit_0009.jpg,4954,2978,1.663533,39.886960,0.171300,0.157100,0.328400,20.073567,35.104558,0.999140
fruit,fruit_0010.jpg,4207,2401,1.752187,42.928453,0.153500,0.165800,0.319300,18.481900,35.463337,0.999285
fruit,fruit_0011.jpg,6017,3422,1.758328,43.127805,0.315500,0.149100,0.464600,29.126533,33.487916,0.998314
fruit,fruit_0012.jpg,3695,2239,1.650290,39.404601,0.152900,0.142600,0.295500,11.271367,37.611038,0.998863
fruit,fruit_0013.jpg,7224,4100,1.761951,43.244740,0.162600,0.172700,0.335300,31.262900,33.180511,0.998065
fruit,fruit_0014.jpg,4693,2794,1.679671,40.464522,0.153400,0.146100,0.299500,14.303800,36.576289,0.999124
fruit,fruit_0015.jpg,4787,2770,1.728159,42.134949,0.157400,0.163900,0.321300,15.212500,36.308798,0.998429
fruit,fruit_0016.jpg,3875,2425,1.597938,37.419355,0.192400,0.152400,0.344800,13.254033,36.907323,0.998698
fruit,fruit_0017.jpg,5386,3130,1.720767,41.886372,0.155200,0.181100,0.336300,15.701333,36.171438,0.998221
fruit,fruit_0018.jpg,4413,2526,1.747031,42.760027,0.176200,0.195500,0.371700,13.200300,36.924966,0.999441
fruit,fruit_0019.jpg,3634,2275,1.597363,37.396808,0.251800,0.141300,0.393100,10.993867,37.719299,0.999268
fruit,fruit_0020.jpg,5141,3018,1.703446,41.295468,0.161000,0.161200,0.322200,15.430600,36.246975,0.999053
fruit,fruit_0021.jpg,4353,2619,1.662085,39.834597,0.139800,0.163600,0.303400,19.796800,35.164854,0.999121
fruit,fruit_0022.jpg,4535,2514,1.803898,44.564498,0.171400,0.157900,0.329300,17.955033,35.588941,0.999270
fruit,fruit_0023.jpg,4232,2557,1.655065,39.579395,0.159700,0.283300,0.443000,12.467900,37.172871,0.998710
fruit,fruit_0024.jpg,4542,2632,1.725684,42.051959,0.163100,0.155000,0.318100,18.033433,35.570019,0.997397
fruit,fruit_0025.jpg,4081,2283,1.787560,44.057829,0.163500,0.132500,0.296000,11.897067,37.376405,0.999331
fruit,fruit_0026.jpg,3484,2156,1.615955,38.117107,0.128500,0.147600,0.276100,8.978400,38.598814,0.999462
fruit,fruit_0027.jpg,3641,2167,1.680203,40.483384,0.261800,0.151200,0.413000,8.039133,39.078711,0.998974
fruit,fruit_0028.jpg,5523,3150,1.753333,42.965779,0.167900,0.234400,0.402300,19.368100,35.259933,0.998890
fruit,fruit_0029.jpg,5258,2970,1.770370,43.514644,0.165100,0.212200,0.377300,19.771400,35.170429,0.998233
fruit,fruit_0030.jpg,4373,2677,1.633545,38.783444,0.453100,0.173800,0.626900,18.269967,35.513426,0.998749
fruit,fruit_0031.jpg,3877,2333,1.661809,39.824607,0.161600,0.180600,0.342200,14.375633,36.554534,0.997927
fruit,fruit_0032.jpg,5173,2981,1.735324,42.373864,0.199100,0.174000,0.373100,16.139567,36.051885,0.998979
fruit,fruit_0033.jpg,4225,2620,1.612595,37.988166,0.177200,0.293700,0.470900,11.513133,37.518868,0.999311
fruit,fruit_0034.jpg,6336,3553,1.783282,43.923611,0.159400,0.178200,0.337600,27.400467,33.753224,0.998147
fruit,fruit_0035.jpg,5313,2966,1.791301,44.174666,0.216900,0.169800,0.386700,19.315200,35.271812,0.998386
fruit,fruit_0036.jpg,4795,2725,1.759633,43.169969,0.217900,0.170200,0.388100,16.806900,35.875927,0.999264
fruit,fruit_0037.jpg,4399,2620,1.679008,40.441009,0.179800,0.189800,0.369600,13.393733,36.861787,0.999135
fruit,fruit_0038.jpg,5176,2936,1.762943,43.276662,0.170700,0.163400,0.334100,20.504033,35.012411,0.998914
fruit,fruit_0039.jpg,4842,2818,1.718240,41.800909,0.229400,0.171300,0.400700,15.482400,36.232421,0.998459
fruit,fruit_0040.jpg,5033,2871,1.753048,42.956487,0.186900,6.442900,6.629800,14.289367,36.580674,0.998593
fruit,fruit_0041.jpg,5224,3075,1.698862,41.137060,0.186500,0.177400,0.363900,15.071600,36.349210,0.999344
fruit,fruit_0042.jpg,4518,2690,1.679554,40.460381,0.164600,0.167800,0.332400,11.560933,37.500875,0.999308
fruit,fruit_0043.jpg,5258,3032,1.734169,42.335489,0.178000,0.170300,0.348300,19.202333,35.297264,0.999063
fruit,fruit_0044.jpg,7312,4135,1.768319,43.449125,0.256700,0.386800,0.643500,32.325967,33.035288,0.997863
fruit,fruit_0045.jpg,5050,3036,1.663373,39.881188,0.171600,0.184600,0.356200,20.958767,34.917146,0.999011
fruit,fruit_0046.jpg,4472,2734,1.635699,38.864043,0.168500,1.353300,1.521800,11.878900,37.383041,0.998672
fruit,fruit_0047.jpg,4782,2743,1.743347,42.639063,0.163200,0.162300,0.325500,16.348233,35.996095,0.998248
fruit,fruit_0048.jpg,4485,2615,1.715105,41.694537,0.155600,0.138000,0.293600,16.230233,36.027556,0.999197
fruit,fruit_0049.jpg,5357,3022,1.772667,43.587829,0.327700,0.417900,0.745600,19.408833,35.250809,0.998588
fruit,fruit_0050.jpg,4648,2774,1.675559,40.318417,3.292200,0.226900,3.519100,13.226533,36.916343,0.999511
fruit,fruit_0051.jpg,5091,2967,1.715875,41.720684,0.177500,0.186700,0.364200,15.402533,36.254882,0.998121
fruit,fruit_0052.jpg,4892,2956,1.654939,39.574816,0.198400,0.216600,0.415000,19.917200,35.138521,0.999143
fruit,fruit_0053.jpg,5044,3026,1.666887,40.007930,0.177500,0.174800,0.352300,21.036067,34.901158,0.998164
fruit,fruit_0054.jpg,3942,2403,1.640449,39.041096,0.173200,0.165400,0.338600,12.252300,37.248627,0.998665
fruit,fruit_0055.jpg,4023,2430,1.655556,39.597315,0.178700,0.178000,0.356700,13.941700,36.687646,0.997970
fruit,fruit_0056.jpg,4594,2682,1.712901,41.619504,0.246900,0.270200,0.517100,13.956633,36.682997,0.998647
fruit,fruit_0057.jpg,4869,2806,1.735210,42.370097,0.339900,0.164400,0.504300,18.113000,35.550900,0.998737
fruit,fruit_0058.jpg,4441,2625,1.691810,40.891691,0.168600,0.175800,0.344400,12.017367,37.332710,0.999486
fruit,fruit_0059.jpg,5213,3071,1.697493,41.089584,0.211400,0.275500,0.486900,19.915300,35.138935,0.998707
fruit,fruit_0060.jpg,4855,2832,1.714336,41.668383,0.294100,0.480000,0.774100,14.689200,36.460822,0.999024
fruit,fruit_0061.jpg,2837,1932,1.468427,31.899894,0.233200,0.296700,0.529900,5.596400,40.651716,0.999518
fruit,fruit_0062.jpg,5108,2980,1.714094,41.660141,0.176700,0.219500,0.396200,14.958267,36.381991,0.999057
fruit,fruit_0063.jpg,4991,3033,1.645565,39.230615,0.195800,0.197100,0.392900,10.729467,37.825022,0.999298
fruit,fruit_0064.jpg,4417,2623,1.683950,40.615803,0.202200,0.210900,0.413100,11.170067,37.650246,0.998960
fruit,fruit_0065.jpg,4782,2815,1.698757,41.133417,0.193600,0.174000,0.367600,13.572467,36.804216,0.999314
fruit,fruit_0066.jpg,3376,2077,1.625421,38.477488,0.212100,0.181800,0.393900,5.730100,40.549182,0.999040
fruit,fruit_0067.jpg,6433,3580,1.796927,44.349448,0.195900,0.228300,0.424200,24.654367,34.211865,0.997530
fruit,fruit_0068.jpg,5196,2939,1.767948,43.437259,0.179200,0.177900,0.357100,17.244133,35.764390,0.997652
fruit,fruit_0069.jpg,4893,2802,1.746253,42.734519,0.180100,0.163500,0.343600,16.452000,35.968617,0.998671
fruit,fruit_0070.jpg,5059,2749,1.840306,45.661198,0.177400,0.203200,0.380600,21.406733,34.825300,0.998308
fruit,fruit_0071.jpg,5886,3206,1.835933,45.531770,0.265300,0.214900,0.480200,21.229933,34.861317,0.998508
fruit,fruit_0072.jpg,3398,2091,1.625060,38.463802,0.171700,0.168800,0.340500,5.661733,40.601310,0.999098
fruit,fruit_0073.jpg,3960,2316,1.709845,41.515152,0.344400,0.252600,0.597000,13.025067,36.983004,0.999090
fruit,fruit_0074.jpg,4757,2834,1.678546,40.424637,0.200400,0.183300,0.383700,13.650600,36.779286,0.999150
fruit,fruit_0075.jpg,5491,3020,1.818212,45.000911,0.195400,0.177400,0.372800,24.161933,34.299487,0.998130
fruit,fruit_0076.jpg,4940,2806,1.760513,43.198381,0.178300,0.185000,0.363300,17.659267,35.661077,0.998781
fruit,fruit_0077.jpg,3609,2301,1.568449,36.242727,0.178200,0.156200,0.334400,12.966000,37.002743,0.999268
fruit,fruit_0078.jpg,4730,2720,1.738971,42.494715,0.193900,0.168100,0.362000,15.380700,36.261043,0.998486
fruit,fruit_0079.jpg,4296,2477,1.734356,42.341713,0.189600,0.188600,0.378200,12.944200,37.010051,0.999000
fruit,fruit_0080.jpg,5244,2984,1.757373,43.096873,0.338200,0.208300,0.546500,18.944200,35.356041,0.999107
fruit,fruit_0081.jpg,4627,2749,1.683158,40.587854,0.178800,0.195800,0.374600,13.883467,36.705824,0.999517
fruit,fruit_0082.jpg,4531,2642,1.714989,41.690576,0.205100,0.228200,0.433300,12.457100,37.176634,0.998841
fruit,fruit_0083.jpg,4752,2744,1.731778,42.255892,0.197000,0.280700,0.477700,14.884367,36.403500,0.998502
fruit,fruit_0084.jpg,4596,2646,1.736961,42.428198,0.521000,0.225000,0.746000,16.621033,35.924223,0.999124
fruit,fruit_0085.jpg,4785,2818,1.698013,41.107628,0.334400,0.257900,0.592300,15.709100,36.169291,0.998376
fruit,fruit_0086.jpg,4957,2875,1.724174,42.001210,0.263600,0.207200,0.470800,15.519967,36.221896,0.999139
fruit,fruit_0087.jpg,7160,4052,1.767029,43.407821,0.192700,0.209200,0.401900,31.819300,33.103897,0.998233
fruit,fruit_0088.jpg,4986,3004,1.659787,39.751304,0.181200,0.186100,0.367300,16.775867,35.883954,0.999029
fruit,fruit_0089.jpg,4324,2573,1.680529,40.494912,0.245600,0.175900,0.421500,13.663000,36.775343,0.999089
fruit,fruit_0090.jpg,4550,2762,1.647357,39.296703,0.277100,0.191300,0.468400,20.478800,35.017759,0.998473
fruit,fruit_0091.jpg,5367,3116,1.722401,41.941494,0.187300,0.462300,0.649600,17.950733,35.589982,0.998901
fruit,fruit_0092.jpg,2382,1726,1.380070,27.539882,0.192300,0.213300,0.405600,5.108667,41.047728,0.999375
fruit,fruit_0093.jpg,4774,2602,1.834743,45.496439,0.184800,0.181900,0.366700,19.083500,35.324223,0.998883
fruit,fruit_0094.jpg,5488,3070,1.787622,44.059767,0.187700,0.188800,0.376500,20.531900,35.006512,0.998367
fruit,fruit_0095.jpg,5842,3334,1.752250,42.930503,0.186000,0.205800,0.391800,21.902467,34.725873,0.998621
fruit,fruit_0096.jpg,7264,4077,1.781702,43.873899,0.197000,0.205600,0.402600,32.052433,33.072194,0.998022
fruit,fruit_0097.jpg,4525,2647,1.709482,41.502762,0.211700,0.177100,0.388800,17.185000,35.779308,0.997387
fruit,fruit_0098.jpg,5151,2909,1.770712,43.525529,0.186700,0.231300,0.418000,18.783700,35.392992,0.998499
fruit,fruit_0099.jpg,5151,3054,1.686640,40.710542,0.187500,0.237000,0.424500,14.789800,36.431181,0.999339
fruit,fruit_0100.jpg,3278,2192,1.495438,33.129957,0.186400,0.185200,0.371600,6.355433,40.099352,0.999667
fruit,fruit_0101.jpg,4885,2825,1.729204,42.169908,0.214100,0.178300,0.392400,14.404100,36.545942,0.999230
fruit,fruit_0102.jpg,4771,2795,1.706977,41.416894,0.191600,0.244100,0.435700,15.946167,36.104241,0.999289
fruit,fruit_0103.jpg,3562,2126,1.675447,40.314430,0.150200,0.175100,0.325300,9.884867,38.181095,0.998999
fruit,fruit_0104.jpg,4514,2528,1.785601,43.996455,0.197200,0.193300,0.390500,13.490367,36.830566,0.999096
fruit,fruit_0105.jpg,4185,2520,1.660714,39.784946,0.174500,0.295000,0.469500,14.000200,36.669461,0.999108
fruit,fruit_0106.jpg,5030,2848,1.766152,43.379722,0.192300,0.373000,0.565300,16.964467,35.835402,0.999215
fruit,fruit_0107.jpg,5390,3010,1.790698,44.155844,0.407600,0.492800,0.900400,19.719833,35.181771,0.998603
fruit,fruit_0108.jpg,4344,2456,1.768730,43.462247,0.182100,0.187400,0.369500,20.281533,35.059796,0.999123
fruit,fruit_0109.jpg,6486,3618,1.792703,44.218316,0.240600,0.196600,0.437200,31.392233,33.162581,0.998036
fruit,fruit_0110.jpg,5115,2893,1.768061,43.440860,0.193100,0.178000,0.371100,18.543933,35.448785,0.998988
fruit,fruit_0111.jpg,6298,3520,1.789205,44.109241,0.188500,0.185700,0.374200,22.721133,34.566504,0.997415
fruit,fruit_0112.jpg,4268,2643,1.614832,38.074039,0.190300,0.202600,0.392900,10.085733,38.093729,0.999400
fruit,fruit_0113.jpg,4227,2605,1.622649,38.372368,0.188200,0.194600,0.382800,11.474300,37.533542,0.998775
fruit,fruit_0114.jpg,4460,2661,1.676062,40.336323,0.189500,0.191600,0.381100,20.074433,35.104371,0.999099
fruit,fruit_0115.jpg,5004,3035,1.648764,39.348521,0.191500,0.195100,0.386600,20.774200,34.955561,0.999020
fruit,fruit_0116.jpg,4366,2662,1.640120,39.028859,0.203500,0.295800,0.499300,12.940233,37.011383,0.999218
fruit,fruit_0117.jpg,4665,2840,1.642606,39.121115,0.178100,0.181800,0.359900,13.344400,36.877813,0.999126
fruit,fruit_0118.jpg,3974,2458,1.616762,38.147962,0.186800,0.257100,0.443900,10.420400,37.951960,0.999196
fruit,fruit_0119.jpg,4433,2627,1.687476,40.739905,0.168700,0.201700,0.370400,12.759433,37.072490,0.998802
fruit,fruit_0120.jpg,5097,2942,1.732495,42.279772,0.181200,0.208400,0.389600,16.177600,36.041663,0.999059
fruit,fruit_0121.jpg,3881,2359,1.645189,39.216697,0.176400,0.175100,0.351500,17.184700,35.779384,0.999080
fruit,fruit_0122.jpg,4412,2712,1.626844,38.531278,0.199800,0.321900,0.521700,10.183233,38.051947,0.999615
fruit,fruit_0123.jpg,5785,3436,1.683644,40.605013,0.191600,0.341400,0.533000,18.467933,35.466621,0.999087
fruit,fruit_0124.jpg,4366,2649,1.648169,39.326615,0.198300,0.203300,0.401600,12.657200,37.107427,0.999154
fruit,fruit_0125.jpg,6698,3759,1.781857,43.878770,0.204100,0.207700,0.411800,33.716600,32.852366,0.997850
fruit,fruit_0126.jpg,3709,2200,1.685909,40.684821,2.240100,0.178400,2.418500,17.097433,35.801494,0.999031
fruit,fruit_0127.jpg,5355,2933,1.825776,45.228758,0.331900,0.228300,0.560200,19.354133,35.263066,0.998130
fruit,fruit_0128.jpg,4694,2746,1.709395,41.499787,0.188600,0.193700,0.382300,13.998767,36.669906,0.998623
fruit,fruit_0129.jpg,4431,2554,1.734926,42.360641,0.203900,0.178200,0.382100,12.857067,37.039385,0.998966
fruit,fruit_0130.jpg,3665,2181,1.680422,40.491132,0.187600,0.194900,0.382500,8.127533,39.031216,0.998937
fruit,fruit_0131.jpg,4448,2640,1.684848,40.647482,0.418900,0.256100,0.675000,12.712233,37.088585,0.999442
fruit,fruit_0132.jpg,4955,2877,1.722280,41.937437,0.216400,0.243800,0.460200,17.892467,35.604101,0.999340
fruit,fruit_0133.jpg,3523,2253,1.563693,36.048822,0.174700,0.165400,0.340100,9.737933,38.246136,0.999362
fruit,fruit_0134.jpg,3450,2133,1.617440,38.173913,0.183400,0.175500,0.358900,6.827933,39.787911,0.999365
fruit,fruit_0135.jpg,4050,2516,1.609698,37.876543,0.224800,0.182400,0.407200,16.240667,36.024765,0.998883
fruit,fruit_0136.jpg,6242,3584,1.741629,42.582506,0.204100,0.216800,0.420900,21.182700,34.870990,0.998589
fruit,fruit_0137.jpg,4288,2470,1.736032,42.397388,0.184400,0.203400,0.387800,13.535900,36.815932,0.999343
fruit,fruit_0138.jpg,4640,2819,1.645974,39.245690,0.200700,0.295700,0.496400,12.041367,37.324046,0.999000
fruit,fruit_0139.jpg,4282,2530,1.692490,40.915460,0.173500,0.191900,0.365400,12.963733,37.003503,0.999375
fruit,fruit_0140.jpg,4151,2379,1.744851,42.688509,0.199900,0.235900,0.435800,13.225433,36.916705,0.999305
fruit,fruit_0141.jpg,4234,2598,1.629715,38.639584,0.191100,0.174400,0.365500,12.026567,37.329387,0.998560
fruit,fruit_0142.jpg,5965,3465,1.721501,41.911148,0.214200,0.320600,0.534800,22.545267,34.600250,0.998983
fruit,fruit_0143.jpg,3966,2465,1.608925,37.846697,0.186100,0.177300,0.363400,13.855900,36.714456,0.999431
fruit,fruit_0144.jpg,6075,3513,1.729291,42.172840,0.170700,0.198500,0.369200,24.128367,34.305524,0.998032
fruit,fruit_0145.jpg,4402,2427,1.813762,44.865970,0.191400,0.309200,0.500600,13.685800,36.768102,0.999055
fruit,fruit_0146.jpg,4279,2351,1.820077,45.057256,0.208600,0.204200,0.412800,17.281933,35.754880,0.999065
fruit,fruit_0147.jpg,4492,2631,1.707336,41.429207,0.197100,0.183800,0.380900,12.699167,37.093051,0.998826
fruit,fruit_0148.jpg,3946,2388,1.652429,39.483021,0.234600,0.199000,0.433600,18.069367,35.561374,0.999037
fruit,fruit_0149.jpg,4323,2597,1.664613,39.925977,0.203000,1.009400,1.212400,19.096067,35.321364,0.999187
fruit,fruit_0150.jpg,4001,2462,1.625102,38.465384,0.205500,0.208900,0.414400,13.006267,36.989277,0.999064
fruit,fruit_0151.jpg,4805,2884,1.666089,39.979188,0.372600,0.196700,0.569300,16.250600,36.022110,0.998730
fruit,fruit_0152.jpg,4832,2924,1.652531,39.486755,0.206400,0.194900,0.401300,11.913700,37.370337,0.999578
fruit,fruit_0153.jpg,5235,3123,1.676273,40.343840,0.202000,0.214200,0.416200,15.622700,36.193243,0.999332
fruit,fruit_0154.jpg,4304,2415,1.782195,43.889405,0.201200,0.170500,0.371700,18.846967,35.378389,0.999247
fruit,fruit_0155.jpg,5060,3024,1.673280,40.237154,0.229600,0.199900,0.429500,19.342467,35.265685,0.999181
fruit,fruit_0156.jpg,4193,2460,1.704472,41.330789,0.197200,0.167000,0.364200,15.394633,36.257110,0.997825
fruit,fruit_0157.jpg,4331,2659,1.628808,38.605403,0.182200,4.392700,4.574900,14.147800,36.623914,0.998218
fruit,fruit_0158.jpg,4929,2886,1.707900,41.448570,0.176100,0.273800,0.449900,16.632100,35.921333,0.999240
fruit,fruit_0159.jpg,4471,2621,1.705837,41.377768,0.188000,0.190400,0.378400,13.126967,36.949160,0.999384
fruit,fruit_0160.jpg,3539,2155,1.642227,39.107092,0.180100,0.216400,0.396500,10.505467,37.916650,0.999109
fruit,fruit_0161.jpg,5449,3052,1.785387,43.989723,0.263600,0.210800,0.474400,18.896100,35.367082,0.997797
fruit,fruit_0162.jpg,5269,3052,1.726409,42.076295,0.197800,0.240000,0.437800,19.748733,35.175411,0.998439
fruit,fruit_0163.jpg,4159,2594,1.603315,37.629238,0.174200,0.201000,0.375200,11.571000,37.497095,0.998633
fruit,fruit_0164.jpg,4117,2395,1.718998,41.826573,0.183500,0.186800,0.370300,10.679200,37.845416,0.998522
fruit,fruit_0165.jpg,4252,2457,1.730566,42.215428,0.188400,0.195200,0.383600,12.865333,37.036593,0.998974
fruit,fruit_0166.jpg,4698,2726,1.723404,41.975309,0.201400,0.388500,0.589900,16.218300,36.030750,0.999279
fruit,fruit_0167.jpg,5523,3175,1.739528,42.513127,0.168000,0.178400,0.346400,19.595500,35.209240,0.998883
fruit,fruit_0168.jpg,4913,2883,1.704128,41.318950,0.170600,0.182000,0.352600,15.670500,36.179975,0.998928
fruit,fruit_0169.jpg,5300,2956,1.792963,44.226415,0.191000,0.208200,0.399200,18.654567,35.422952,0.997500
fruit,fruit_0170.jpg,4018,2424,1.657591,39.671478,0.141100,0.201000,0.342100,11.431967,37.549594,0.998486
fruit,fruit_0171.jpg,4300,2592,1.658951,39.720930,0.267300,0.292100,0.559400,15.019433,36.364268,0.997595
fruit,fruit_0172.jpg,4169,2454,1.698859,41.136963,0.242700,0.188300,0.431000,12.646400,37.111134,0.999426
fruit,fruit_0173.jpg,5132,2986,1.718687,41.816056,0.198700,0.213300,0.412000,16.279967,36.014268,0.998544
fruit,fruit_0174.jpg,4925,2914,1.690117,40.832487,0.197000,0.328600,0.525600,18.434133,35.474576,0.998770
fruit,fruit_0175.jpg,4179,2522,1.657018,39.650634,0.184600,0.165600,0.350200,16.838900,35.867666,0.999219
fruit,fruit_0176.jpg,5955,3459,1.721596,41.914358,0.413200,0.204800,0.618000,24.036400,34.322109,0.998016
fruit,fruit_0177.jpg,4850,2920,1.660959,39.793814,0.208800,0.206400,0.415200,14.368500,36.556689,0.999124
fruit,fruit_0178.jpg,5420,3049,1.777632,43.745387,0.200700,0.187200,0.387900,20.625233,34.986815,0.998461
fruit,fruit_0179.jpg,4464,2497,1.787745,44.063620,0.187900,0.219200,0.407100,17.996300,35.578971,0.999167
fruit,fruit_0180.jpg,4816,2825,1.704779,41.341362,0.189100,0.186100,0.375200,13.082067,36.964040,0.999328
fruit,fruit_0181.jpg,3308,2069,1.598840,37.454655,0.184100,7.117400,7.301500,9.509833,38.349075,0.999341
fruit,fruit_0182.jpg,3653,2201,1.659700,39.748152,0.356400,0.182400,0.538800,10.902367,37.755596,0.999173
fruit,fruit_0183.jpg,4926,2839,1.735118,42.367032,0.343400,0.215500,0.558900,16.759100,35.888297,0.998761
fruit,fruit_0184.jpg,5500,3082,1.784555,43.963636,0.199500,0.198500,0.398000,20.962100,34.916456,0.998396
fruit,fruit_0185.jpg,5136,3089,1.662674,39.855919,0.183200,0.215900,0.399100,13.086067,36.962712,0.999198
fruit,fruit_0186.jpg,4798,2737,1.753014,42.955398,0.195600,0.207900,0.403500,15.683200,36.176457,0.998207
fruit,fruit_0187.jpg,3592,2247,1.598576,37.444321,0.194100,0.205300,0.399400,6.153100,40.239864,0.998968
fruit,fruit_0188.jpg,4395,2533,1.735097,42.366325,0.186800,0.199600,0.386400,12.463100,37.174543,0.998849
fruit,fruit_0189.jpg,3570,2125,1.680000,40.476190,0.186500,0.333300,0.519800,7.838633,39.188400,0.998972
fruit,fruit_0190.jpg,4993,2908,1.716988,41.758462,0.185600,0.211500,0.397100,17.225933,35.768976,0.998897
fruit,fruit_0191.jpg,4560,2675,1.704673,41.337719,0.193800,0.244200,0.438000,10.287200,38.007832,0.998774
fruit,fruit_0192.jpg,4278,2425,1.764124,43.314633,0.210100,0.195800,0.405900,12.415267,37.191243,0.999157
fruit,fruit_0193.jpg,4911,2850,1.723158,41.967013,0.202800,0.232300,0.435100,22.988800,34.515641,0.999080
fruit,fruit_0194.jpg,6125,3394,1.804655,44.587755,0.407300,0.197500,0.604800,27.597867,33.722048,0.996687
fruit,fruit_0195.jpg,5244,2991,1.753260,42.963387,0.196200,0.208700,0.404900,20.229800,35.070888,0.998625
fruit,fruit_0196.jpg,4756,3007,1.581643,36.774601,0.195300,0.191200,0.386500,13.590200,36.798545,0.999276
fruit,fruit_0197.jpg,5565,3192,1.743421,42.641509,0.178700,0.358600,0.537300,19.439400,35.243975,0.998846
fruit,fruit_0198.jpg,5113,2880,1.775347,43.672990,0.180800,0.202600,0.383400,17.367533,35.733422,0.999103
fruit,fruit_0199.jpg,4392,2647,1.659237,39.731330,0.192500,0.170700,0.363200,12.615967,37.121598,0.998807
fruit,fruit_0200.jpg,4321,2648,1.631798,38.717889,0.196500,0.212000,0.408500,13.957800,36.682634,0.999044
fruit,fruit_0201.jpg,4088,2496,1.637821,38.943249,0.202200,0.190900,0.393100,10.497233,37.920055,0.999685
fruit,fruit_0202.jpg,5904,3241,1.821660,45.105014,0.206200,0.199600,0.405800,26.936533,33.827387,0.997627
fruit,fruit_0203.jpg,5726,3180,1.800629,44.463849,0.205900,0.285300,0.491200,25.573700,34.052868,0.997957
fruit,fruit_0204.jpg,4403,2607,1.688914,40.790370,0.249900,0.608100,0.858000,12.439833,37.182658,0.999440
fruit,fruit_0205.jpg,4728,2764,1.710564,41.539763,0.193800,0.237400,0.431200,13.518633,36.821476,0.999162
fruit,fruit_0206.jpg,3698,2266,1.631951,38.723634,0.179500,0.534700,0.714200,10.961100,37.732262,0.999288
fruit,fruit_0207.jpg,3813,2267,1.681959,40.545502,0.309700,0.483700,0.793400,15.698000,36.172360,0.999130
fruit,fruit_0208.jpg,4645,2736,1.697734,41.097955,0.185000,0.189900,0.374900,14.640533,36.475235,0.998435
fruit,fruit_0209.jpg,4594,2665,1.723827,41.989552,0.164000,0.256900,0.420900,16.187900,36.038898,0.999127
fruit,fruit_0210.jpg,5806,3103,1.871092,46.555288,0.197200,0.197500,0.394700,29.138133,33.486186,0.998042
fruit,fruit_0211.jpg,5277,3173,1.663095,39.871139,0.198000,0.194700,0.392700,16.728167,35.896320,0.998595
fruit,fruit_0212.jpg,5034,2759,1.824574,45.192690,0.181400,0.179000,0.360400,17.400833,35.725103,0.998577
fruit,fruit_0213.jpg,5157,3028,1.703104,41.283692,0.267600,0.224500,0.492100,18.357533,35.492660,0.999181
fruit,fruit_0214.jpg,4250,2517,1.688518,40.776471,0.182900,0.179000,0.361900,14.787200,36.431944,0.999461
fruit,fruit_0215.jpg,3280,2158,1.519926,34.207317,0.201900,0.168500,0.370400,7.467433,39.399090,0.999724
fruit,fruit_0216.jpg,5424,3057,1.774289,43.639381,0.209400,0.189000,0.398400,19.953967,35.130511,0.998542
fruit,fruit_0217.jpg,5048,2713,1.860671,46.255943,0.174900,0.239200,0.414100,21.177400,34.872077,0.998343
fruit,fruit_0218.jpg,4576,2620,1.746565,42.744755,0.271300,0.203700,0.475000,15.325533,36.276648,0.999369
fruit,fruit_0219.jpg,6118,3420,1.788889,44.099379,0.213200,0.210100,0.423300,25.411667,34.080472,0.997706
fruit,fruit_0220.jpg,4820,2955,1.631134,38.692946,0.185500,0.187600,0.373100,18.585500,35.439061,0.998336
fruit,fruit_0221.jpg,4311,2621,1.644792,39.202041,0.201100,0.205300,0.406400,15.566867,36.208792,0.998091
fruit,fruit_0222.jpg,6080,3453,1.760788,43.207237,0.204300,0.207600,0.411900,25.947967,33.989770,0.998804
fruit,fruit_0223.jpg,3783,2446,1.546607,35.342321,0.187300,0.185900,0.373200,9.867400,38.188776,0.999693
fruit,fruit_0224.jpg,3550,2277,1.559069,35.859155,0.167800,0.187000,0.354800,13.242500,36.911104,0.999259
fruit,fruit_0225.jpg,5608,3332,1.683073,40.584879,0.211400,0.240600,0.452000,16.928500,35.844619,0.999253
fruit,fruit_0226.jpg,4423,2423,1.825423,45.218178,0.177900,0.193600,0.371500,13.044500,36.976529,0.999049
fruit,fruit_0227.jpg,5082,2986,1.701942,41.243605,0.208700,0.221400,0.430100,16.102967,36.061745,0.999145
fruit,fruit_0228.jpg,4268,2589,1.648513,39.339269,0.181100,0.185900,0.367000,14.729633,36.448884,0.997755
fruit,fruit_0229.jpg,3972,2413,1.646084,39.249748,0.185000,0.220800,0.405800,12.681233,37.099189,0.998760
fruit,fruit_0230.jpg,5267,2962,1.778190,43.763053,0.213500,0.252600,0.466100,17.839533,35.616969,0.998745
fruit,fruit_0231.jpg,4419,2623,1.684712,40.642679,0.194700,0.228000,0.422700,14.609867,36.484341,0.999034
fruit,fruit_0232.jpg,3809,2372,1.605818,37.726437,0.239300,0.430400,0.669700,11.079867,37.685458,0.999318
fruit,fruit_0233.jpg,3579,2220,1.612162,37.971500,0.176900,0.201200,0.378100,6.231667,40.184761,0.999068
fruit,fruit_0234.jpg,4254,2592,1.641204,39.069111,0.176600,0.252200,0.428800,15.320633,36.278036,0.998739
fruit,fruit_0235.jpg,4970,2933,1.694511,40.985915,0.237400,0.233400,0.470800,15.220833,36.306419,0.999477
fruit,fruit_0236.jpg,3744,2253,1.661784,39.823718,0.289600,0.207900,0.497500,8.050167,39.072755,0.999180
fruit,fruit_0237.jpg,5461,3055,1.787561,44.057865,0.251800,0.280800,0.532600,20.187633,35.079950,0.997521
fruit,fruit_0238.jpg,4267,2343,1.821169,45.090227,0.269700,0.213200,0.482900,14.263933,36.588411,0.999161
fruit,fruit_0239.jpg,4887,2733,1.788145,44.076120,0.165600,0.269400,0.435000,19.138833,35.311649,0.998423
fruit,fruit_0240.jpg,5255,3109,1.690254,40.837298,0.225000,0.228200,0.453200,15.092733,36.343125,0.998687
fruit,fruit_0241.jpg,5435,3032,1.792546,44.213431,0.231000,0.555700,0.786700,20.752467,34.960106,0.998481
fruit,fruit_0242.jpg,4847,2787,1.739146,42.500516,0.228500,0.229700,0.458200,14.953167,36.383472,0.998678
fruit,fruit_0243.jpg,5903,3220,1.833230,45.451465,0.233700,0.300400,0.534100,36.712633,32.482648,0.997564
fruit,fruit_0244.jpg,4358,2450,1.778776,43.781551,0.156500,0.230100,0.386600,14.627167,36.479202,0.999110
fruit,fruit_0245.jpg,4407,2564,1.718799,41.819832,0.213700,0.207300,0.421000,15.674733,36.178802,0.997780
fruit,fruit_0246.jpg,4346,2586,1.680588,40.497009,0.235600,0.234500,0.470100,14.841200,36.416113,0.999003
fruit,fruit_0247.jpg,5270,2973,1.772620,43.586338,0.347600,0.561500,0.909100,19.858100,35.151427,0.998649
fruit,fruit_0248.jpg,4285,2422,1.769199,43.477246,0.240900,0.292100,0.533000,13.994967,36.671085,0.998775
fruit,fruit_0249.jpg,5423,3076,1.763004,43.278628,0.236800,0.226400,0.463200,21.123867,34.883069,0.998439
fruit,fruit_0250.jpg,4944,2803,1.763824,43.305016,0.144100,0.124800,0.268900,14.647267,36.473238,0.998477
fruit,fruit_0251.jpg,4962,2906,1.707502,41.434905,0.152000,0.240100,0.392100,12.293400,37.234083,0.999457
fruit,fruit_0252.jpg,4317,2690,1.604833,37.688209,0.148900,0.152200,0.301100,11.566967,37.498609,0.999033
fruit,fruit_0253.jpg,5045,2947,1.711910,41.585728,0.138600,0.137300,0.275900,15.941833,36.105421,0.999009
fruit,fruit_0254.jpg,4443,2592,1.714120,41.661040,0.171900,0.208300,0.380200,11.824000,37.403159,0.999441
fruit,fruit_0255.jpg,4132,2509,1.646871,39.278800,0.137900,0.145700,0.283600,13.161767,36.937662,0.998754
fruit,fruit_0256.jpg,4241,2525,1.679604,40.462155,0.181800,0.137200,0.319000,17.705800,35.649648,0.999132
fruit,fruit_0257.jpg,5347,2991,1.787696,44.062091,0.159000,0.133300,0.292300,18.992833,35.344906,0.999129
fruit,fruit_0258.jpg,4859,3044,1.596255,37.353365,0.117600,0.132800,0.250400,15.408233,36.253275,0.999106
fruit,fruit_0259.jpg,4705,2793,1.684569,40.637620,0.134800,0.170200,0.305000,12.304867,37.230034,0.998501
fruit,fruit_0260.jpg,4296,2587,1.660611,39.781192,0.141200,0.152800,0.294000,13.410000,36.856516,0.998691
fruit,fruit_0261.jpg,4776,2821,1.693017,40.933836,0.149900,0.146600,0.296500,14.732500,36.448039,0.999494
fruit,fruit_0262.jpg,5312,2985,1.779564,43.806476,0.139200,0.182200,0.321400,16.851667,35.864375,0.998593
fruit,fruit_0263.jpg,3938,2414,1.631317,38.699848,0.144300,0.145000,0.289300,10.520033,37.910632,0.998488
fruit,fruit_0264.jpg,5435,2990,1.817726,44.986201,0.157000,0.174500,0.331500,22.672900,34.575733,0.997542
fruit,fruit_0265.jpg,5356,3101,1.727185,42.102315,0.143400,0.247400,0.390800,17.295733,35.751414,0.999005
fruit,fruit_0266.jpg,4339,2640,1.643561,39.156488,0.161700,0.158500,0.320200,11.749600,37.430573,0.998682
fruit,fruit_0267.jpg,4396,2638,1.666414,39.990901,0.323000,0.169800,0.492800,17.201233,35.775208,0.999282
fruit,fruit_0268.jpg,3731,2254,1.655280,39.587242,0.161200,0.217500,0.378700,7.378733,39.450985,0.999247
fruit,fruit_0269.jpg,4616,2644,1.745840,42.720971,0.161900,0.147000,0.308900,13.377067,36.867195,0.998889
fruit,fruit_0270.jpg,5634,3301,1.706756,41.409301,0.280500,0.147700,0.428200,18.865367,35.374151,0.998696
fruit,fruit_0271.jpg,4846,2782,1.741912,42.591828,0.142900,0.138200,0.281100,17.016933,35.821991,0.998875
fruit,fruit_0272.jpg,3399,2095,1.622434,38.364225,0.195100,0.175700,0.370800,5.626400,40.628498,0.999101
fruit,fruit_0273.jpg,3749,2245,1.669933,40.117365,0.139700,0.152700,0.292400,8.531933,38.820329,0.999160
fruit,fruit_0274.jpg,4767,2664,1.789414,44.115796,0.266900,0.190100,0.457000,16.957667,35.837143,0.999093
fruit,fruit_0275.jpg,4357,2624,1.660442,39.775075,0.149700,0.149600,0.299300,14.760133,36.439901,0.998194
fruit,fruit_0276.jpg,3918,2391,1.638645,38.973966,0.157400,0.273100,0.430500,12.742033,37.078416,0.999011
fruit,fruit_0277.jpg,2667,1866,1.429260,30.033746,0.164600,0.147300,0.311900,5.942500,40.391112,0.999474
fruit,fruit_0278.jpg,4845,2902,1.669538,40.103199,0.171100,0.145000,0.316100,11.659833,37.463880,0.998789
fruit,fruit_0279.jpg,3507,2113,1.659726,39.749073,0.137700,0.619300,0.757000,7.965167,39.118855,0.999035
fruit,fruit_0280.jpg,5097,2909,1.752149,42.927212,0.177600,0.163100,0.340700,16.856867,35.863035,0.999178
fruit,fruit_0281.jpg,4151,2578,1.610163,37.894483,0.153600,0.270100,0.423700,11.528100,37.513226,0.998566
fruit,fruit_0282.jpg,3818,2384,1.601510,37.558931,0.153200,0.182800,0.336000,11.572567,37.496507,0.998953
fruit,fruit_0283.jpg,4007,2453,1.633510,38.782131,0.159300,0.183100,0.342400,10.422367,37.951140,0.999694
fruit,fruit_0284.jpg,4768,2822,1.689582,40.813758,0.311600,0.214900,0.526500,13.575900,36.803117,0.999122
fruit,fruit_0285.jpg,4628,2819,1.641717,39.088159,0.151800,0.165800,0.317600,16.298000,36.009460,0.999018
fruit,fruit_0286.jpg,5515,3062,1.801110,44.478694,0.164800,0.169800,0.334600,23.435733,34.432018,0.998061
fruit,fruit_0287.jpg,5286,3065,1.724633,42.016648,0.168300,0.167400,0.335700,23.567800,34.407613,0.999073
fruit,fruit_0288.jpg,4758,2884,1.649792,39.386297,0.174800,0.170600,0.345400,11.072433,37.688373,0.999362
fruit,fruit_0289.jpg,5285,3021,1.749421,42.838221,0.152800,10.616300,10.769100,19.351400,35.263680,0.998937
fruit,fruit_0290.jpg,3873,2358,1.642494,39.116964,0.151700,0.143600,0.295300,17.217867,35.771010,0.999077
fruit,fruit_0291.jpg,5206,2833,1.837628,45.582021,0.153800,0.148900,0.302700,16.510967,35.953079,0.998892
fruit,fruit_0292.jpg,4961,2860,1.734615,42.350333,0.162100,0.177400,0.339500,17.018033,35.821710,0.998227
fruit,fruit_0293.jpg,4982,2984,1.669571,40.104376,0.394400,0.392600,0.787000,23.112267,34.492378,0.999093
fruit,fruit_0294.jpg,5504,3014,1.826145,45.239826,0.240000,0.247800,0.487800,23.953067,34.337192,0.997400
fruit,fruit_0295.jpg,5855,3187,1.837151,45.567891,0.173000,0.229400,0.402400,35.055900,32.683192,0.997778
fruit,fruit_0296.jpg,4406,2457,1.793244,44.235134,0.162300,0.152400,0.314700,18.045800,35.567042,0.999156
fruit,fruit_0297.jpg,4374,2687,1.627838,38.568816,0.173700,0.165800,0.339500,12.313733,37.226906,0.998450
fruit,fruit_0298.jpg,4479,2722,1.645481,39.227506,0.175600,0.165600,0.341200,21.023600,34.903733,0.997993
fruit,fruit_0299.jpg,4436,2729,1.625504,38.480613,0.162300,0.253400,0.415700,12.002533,37.338074,0.999058
fruit,fruit_0300.jpg,2605,1785,1.459384,31.477927,0.157700,0.149800,0.307500,5.339700,40.855635,0.999589
fruit,fruit_0301.jpg,4749,2719,1.746598,42.745841,0.174300,0.158200,0.332500,15.795300,36.145525,0.998415
fruit,fruit_0302.jpg,4818,2846,1.692902,40.929846,0.178800,0.159500,0.338300,14.899100,36.399203,0.999216
fruit,fruit_0303.jpg,4575,2648,1.727719,42.120219,0.155200,0.184500,0.339700,13.262633,36.904506,0.998839
fruit,fruit_0304.jpg,5493,3130,1.754952,43.018387,0.174600,0.201600,0.376200,21.207567,34.865895,0.998071
fruit,fruit_0305.jpg,4268,2629,1.623431,38.402062,0.216400,0.169500,0.385900,14.017000,36.664253,0.998297
fruit,fruit_0306.jpg,3499,2155,1.623666,38.410975,0.153900,0.168900,0.322800,5.985800,40.359582,0.999088
fruit,fruit_0307.jpg,4940,2959,1.669483,40.101215,0.281200,0.185500,0.466700,14.648333,36.472921,0.999416
fruit,fruit_0308.jpg,4913,2941,1.670520,40.138408,0.169500,0.172000,0.341500,19.889800,35.144499,0.998990
fruit,fruit_0309.jpg,4018,2354,1.706882,41.413639,0.171400,0.621000,0.792400,10.078267,38.096945,0.999597
fruit,fruit_0310.jpg,3517,2148,1.637337,38.925220,0.181300,0.171600,0.352900,9.498367,38.354314,0.999317
fruit,fruit_0311.jpg,4042,2346,1.722933,41.959426,0.172700,0.206300,0.379000,12.786500,37.063287,0.999199
fruit,fruit_0312.jpg,4157,2418,1.719189,41.833053,0.187800,0.320000,0.507800,12.269967,37.242370,0.998985
fruit,fruit_0313.jpg,5361,3036,1.765810,43.368774,0.180800,0.340800,0.521600,20.229900,35.070866,0.998558
fruit,fruit_0314.jpg,5049,2949,1.712106,41.592395,0.305300,0.174400,0.479700,18.265633,35.514456,0.998441
fruit,fruit_0315.jpg,4715,2738,1.722060,41.930011,0.182600,0.176300,0.358900,15.524700,36.220571,0.998374
fruit,fruit_0316.jpg,3655,2358,1.550042,35.485636,0.187600,0.159900,0.347500,13.869733,36.710122,0.998591
fruit,fruit_0317.jpg,4638,2730,1.698901,41.138422,0.164300,0.165100,0.329400,12.775767,37.066934,0.998326
fruit,fruit_0318.jpg,3767,2400,1.569583,36.288824,0.379000,0.168600,0.547600,7.214267,39.548882,0.999696
fruit,fruit_0319.jpg,5080,3063,1.658505,39.704724,0.187700,0.188800,0.376500,17.311267,35.747515,0.998850
fruit,fruit_0320.jpg,5013,2902,1.727429,42.110513,0.206000,0.184900,0.390900,16.122333,36.056525,0.999196
fruit,fruit_0321.jpg,4961,2797,1.773686,43.620238,0.178300,0.179500,0.357800,16.513333,35.952456,0.999186
fruit,fruit_0322.jpg,4569,2698,1.693477,40.949880,0.168700,0.171800,0.340500,12.174433,37.276316,0.998467
fruit,fruit_0323.jpg,4731,2771,1.707326,41.428873,0.173400,0.445900,0.619300,12.979867,36.998101,0.999345
fruit,fruit_0324.jpg,5311,3026,1.755122,43.023913,0.191500,0.191400,0.382900,17.489367,35.703063,0.998978
fruit,fruit_0325.jpg,2766,1892,1.461945,31.597975,0.174500,0.157500,0.332000,6.222133,40.191410,0.999449
fruit,fruit_0326.jpg,4074,2361,1.725540,42.047128,0.177100,0.170600,0.347700,12.445967,37.180517,0.999209
fruit,fruit_0327.jpg,4772,2787,1.712235,41.596815,0.240000,0.245700,0.485700,13.304900,36.890687,0.999139
fruit,fruit_0328.jpg,4370,2604,1.678187,40.411899,0.184300,0.187400,0.371700,14.429667,36.538241,0.998609
fruit,fruit_0329.jpg,5515,2986,1.846952,45.856754,0.201200,0.208700,0.409900,29.251533,33.469317,0.997989
fruit,fruit_0330.jpg,4039,2428,1.663509,39.886110,0.238000,0.172000,0.410000,18.693167,35.413975,0.998988
fruit,fruit_0331.jpg,4454,2727,1.633297,38.774136,0.189000,0.178500,0.367500,13.262967,36.904397,0.998937
fruit,fruit_0332.jpg,4350,2471,1.760421,43.195402,0.185800,0.179300,0.365100,14.360167,36.559209,0.998701
fruit,fruit_0333.jpg,5344,3040,1.757895,43.113772,0.193000,0.191900,0.384900,19.831367,35.157277,0.998613
fruit,fruit_0334.jpg,3990,2343,1.702945,41.278195,0.182800,0.260400,0.443200,10.364967,37.975125,0.998806
fruit,fruit_0335.jpg,4783,2770,1.726715,42.086557,0.189400,0.179800,0.369200,15.399100,36.255850,0.999179
fruit,fruit_0336.jpg,4811,2794,1.721904,41.924756,0.191900,0.177000,0.368900,15.306833,36.281950,0.999172
fruit,fruit_0337.jpg,6139,3496,1.756007,43.052614,0.187900,0.190700,0.378600,26.455367,33.905666,0.998745
fruit,fruit_0338.jpg,4337,2624,1.652820,39.497348,0.238000,0.221000,0.459000,15.227333,36.304565,0.998876
fruit,fruit_0339.jpg,3817,2431,1.570136,36.311239,0.167300,0.177900,0.345200,10.499100,37.919283,0.999667
fruit,fruit_0340.jpg,3878,2385,1.625996,38.499226,0.194800,0.273300,0.468100,12.730400,37.082383,0.999101
fruit,fruit_0341.jpg,5071,2957,1.714914,41.688030,0.192100,0.199300,0.391400,18.350700,35.494277,0.998393
fruit,fruit_0342.jpg,4819,2654,1.815750,44.926333,0.180100,0.194700,0.374800,17.038567,35.816473,0.999242
fruit,fruit_0343.jpg,5429,2889,1.879197,46.785780,0.191700,0.258400,0.450100,25.724633,34.027312,0.998473
fruit,fruit_0344.jpg,4200,2404,1.747088,42.761905,0.261200,0.211300,0.472500,13.102333,36.957317,0.999374
fruit,fruit_0345.jpg,4627,2680,1.726493,42.079101,0.193200,0.209700,0.402900,15.448933,36.241819,0.999249
fruit,fruit_0346.jpg,4333,2695,1.607792,37.802908,0.486100,0.204500,0.690600,11.022633,37.707950,0.999142
fruit,fruit_0347.jpg,3567,2168,1.645295,39.220634,0.237000,0.373100,0.610100,6.752900,39.835900,0.999358
fruit,fruit_0348.jpg,4364,2626,1.661843,39.825848,0.189700,0.184400,0.374100,14.298133,36.578010,0.997684
fruit,fruit_0349.jpg,4220,2471,1.707811,41.445498,0.244300,0.328800,0.573100,12.400733,37.196330,0.999441
fruit,fruit_0350.jpg,4343,2566,1.692518,40.916417,0.171000,0.171300,0.342300,15.567700,36.208559,0.997521
fruit,fruit_0351.jpg,4274,2513,1.700756,41.202620,0.158800,0.160600,0.319400,15.102333,36.340363,0.997967
fruit,fruit_0352.jpg,4735,2718,1.742090,42.597677,0.228900,0.308100,0.537000,14.124133,36.631186,0.998755
fruit,fruit_0353.jpg,5029,2913,1.726399,42.075959,0.171100,0.209100,0.380200,17.103100,35.800055,0.999194
fruit,fruit_0354.jpg,5381,3104,1.733570,42.315555,0.200700,0.493500,0.694200,17.327467,35.743453,0.999009
fruit,fruit_0355.jpg,4070,2522,1.613799,38.034398,0.237100,0.220800,0.457900,12.256400,37.247174,0.999249
fruit,fruit_0356.jpg,4435,2596,1.708398,41.465614,0.178400,0.148700,0.327100,16.787333,35.880986,0.997279
fruit,fruit_0357.jpg,6138,3544,1.731941,42.261323,0.163700,0.166500,0.330200,24.530367,34.233763,0.998863
fruit,fruit_0358.jpg,4421,2606,1.696470,41.054060,0.183900,0.239300,0.423200,17.249700,35.762988,0.999060
fruit,fruit_0359.jpg,5235,2952,1.773374,43.610315,0.212700,0.294200,0.506900,18.561533,35.444665,0.998636
fruit,fruit_0360.jpg,4239,2368,1.790118,44.137768,0.176400,0.368700,0.545100,13.632900,36.784921,0.999028
fruit,fruit_0361.jpg,4982,3045,1.636125,38.879968,0.197500,0.195600,0.393100,12.177533,37.275210,0.999279
fruit,fruit_0362.jpg,5099,3048,1.672900,40.223573,0.343000,0.180700,0.523700,21.462133,34.814075,0.998426
fruit,fruit_0363.jpg,4997,2942,1.698504,41.124675,0.190300,0.189000,0.379300,15.916633,36.112291,0.998874
fruit,fruit_0364.jpg,3629,2166,1.675439,40.314136,0.163500,0.167600,0.331100,8.347733,38.915118,0.998934
fruit,fruit_0365.jpg,4253,2572,1.653577,39.525041,0.229400,0.202200,0.431600,17.334333,35.741732,0.999258
fruit,fruit_0366.jpg,4713,2572,1.832426,45.427541,0.172500,0.186700,0.359200,20.535833,35.005680,0.998809
fruit,fruit_0367.jpg,4929,2820,1.747872,42.787584,0.185800,0.192900,0.378700,14.575400,36.494599,0.999122
fruit,fruit_0368.jpg,5394,3007,1.793814,44.252874,0.177800,0.197800,0.375600,20.673333,34.976699,0.998459
fruit,fruit_0369.jpg,4971,2972,1.672611,40.213237,0.180300,0.201300,0.381600,16.245833,36.023384,0.999086
fruit,fruit_0370.jpg,4553,2651,1.717465,41.774654,0.273400,0.182400,0.455800,12.906600,37.022685,0.998929
fruit,fruit_0371.jpg,5208,2890,1.802076,44.508449,0.278700,0.182100,0.460800,18.075400,35.559924,0.998547
fruit,fruit_0372.jpg,4262,2595,1.642389,39.113092,0.198100,0.269800,0.467900,15.635133,36.189788,0.997961
fruit,fruit_0373.jpg,4548,2656,1.712349,41.600704,0.219300,0.243000,0.462300,14.234467,36.597392,0.999430
fruit,fruit_0374.jpg,4059,2457,1.652015,39.467849,0.194500,0.225200,0.419700,10.548067,37.899075,0.999686
fruit,fruit_0375.jpg,6015,3349,1.796059,44.322527,0.205900,0.209200,0.415100,28.048400,33.651723,0.998264
fruit,fruit_0376.jpg,4093,2544,1.608884,37.845101,0.178300,0.189400,0.367700,11.205833,37.636362,0.998668
fruit,fruit_0377.jpg,4233,2349,1.802043,44.507442,0.183700,0.167700,0.351400,19.688400,35.188699,0.998914
fruit,fruit_0378.jpg,4686,2742,1.708972,41.485275,0.180200,0.439000,0.619200,16.727567,35.896476,0.999261
fruit,fruit_0379.jpg,4470,2664,1.677928,40.402685,0.189600,0.215400,0.405000,13.150500,36.941381,0.998831
fruit,fruit_0380.jpg,4112,2445,1.681800,40.539883,0.217500,0.183200,0.400700,17.839300,35.617026,0.999184
fruit,fruit_0381.jpg,5841,3276,1.782967,43.913713,0.556200,0.328600,0.884800,21.303900,34.846212,0.997536
fruit,fruit_0382.jpg,4598,2666,1.724681,42.018269,0.201700,0.187100,0.388800,15.013033,36.366119,0.998394
fruit,fruit_0383.jpg,4798,2785,1.722801,41.954981,0.272800,0.356000,0.628800,15.698333,36.172268,0.999196
fruit,fruit_0384.jpg,4144,2381,1.740445,42.543436,0.169100,0.174400,0.343500,12.821567,37.051393,0.999080
fruit,fruit_0385.jpg,3592,2126,1.689558,40.812918,0.175900,1.067200,1.243100,7.998967,39.100465,0.999014
fruit,fruit_0386.jpg,3594,2128,1.688910,40.790206,0.218000,0.194200,0.412200,8.156433,39.015801,0.998909
fruit,fruit_0387.jpg,4742,2962,1.600945,37.536904,0.373500,0.172700,0.546200,8.590533,38.790602,0.999333
fruit,fruit_0388.jpg,4179,2588,1.614760,38.071309,0.241500,0.192900,0.434400,11.506933,37.521208,0.998593
fruit,fruit_0389.jpg,5973,3369,1.772930,43.596183,0.197800,0.482800,0.680600,28.754100,33.543806,0.998326
fruit,fruit_0390.jpg,5406,3060,1.766667,43.396226,0.192900,0.273000,0.465900,18.631300,35.428372,0.998636
fruit,fruit_0391.jpg,4410,2636,1.672989,40.226757,0.200500,0.196800,0.397300,13.118400,36.951995,0.998739
fruit,fruit_0392.jpg,3741,2242,1.668599,40.069500,0.193900,0.219500,0.413400,12.210633,37.263422,0.998046
fruit,fruit_0393.jpg,4186,2527,1.656510,39.632107,0.185000,0.171900,0.356900,14.381567,36.552742,0.997708
fruit,fruit_0394.jpg,4416,2716,1.625920,38.496377,0.172300,0.169400,0.341700,12.213767,37.262307,0.998444
fruit,fruit_0395.jpg,5845,3276,1.784188,43.952096,0.187300,0.184700,0.372000,23.994667,34.329656,0.997889
fruit,fruit_0396.jpg,4859,2849,1.705511,41.366536,0.200800,0.189700,0.390500,14.846600,36.414534,0.999207
fruit,fruit_0397.jpg,6360,3490,1.822350,45.125786,0.216300,0.256000,0.472300,27.855933,33.681626,0.996844
fruit,fruit_0398.jpg,3495,2145,1.629371,38.626609,0.195000,0.202500,0.397500,5.706900,40.566801,0.999123
fruit,fruit_0399.jpg,4186,2550,1.641569,39.082656,0.196100,0.177400,0.373500,14.367033,36.557133,0.997528
fruit,fruit_0400.jpg,5015,3059,1.639425,39.002991,0.198700,0.190300,0.389000,21.081633,34.891761,0.998239
fruit,fruit_0401.jpg,4858,2804,1.732525,42.280774,0.183500,0.186600,0.370100,15.842700,36.132512,0.998391
fruit,fruit_0402.jpg,4378,2521,1.736612,42.416629,0.333200,0.326700,0.659900,12.354500,37.212552,0.999532
fruit,fruit_0403.jpg,4241,2463,1.721884,41.924075,1.561800,0.178300,1.740100,14.039133,36.657401,0.999367
fruit,fruit_0404.jpg,5258,3076,1.709363,41.498669,0.182500,0.175000,0.357500,15.242200,36.300327,0.999320
fruit,fruit_0405.jpg,5455,3113,1.752329,42.933089,0.186100,0.206800,0.392900,19.235367,35.289799,0.998892
fruit,fruit_0406.jpg,5344,3195,1.672613,40.213323,0.194900,0.207600,0.402500,20.975733,34.913632,0.998589
fruit,fruit_0407.jpg,6683,3854,1.734043,42.331288,0.361900,0.217100,0.579000,28.351633,33.605023,0.998436
fruit,fruit_0408.jpg,4374,2701,1.619400,38.248743,0.173300,0.313800,0.487100,9.618833,38.299580,0.999650
fruit,fruit_0409.jpg,4865,2731,1.781399,43.864337,0.196100,0.455100,0.651200,17.647400,35.663996,0.998261
fruit,fruit_0410.jpg,4417,2722,1.622704,38.374462,0.192700,0.349700,0.542400,13.650100,36.779445,0.998970
fruit,fruit_0411.jpg,4317,2680,1.610821,37.919852,0.195500,0.191500,0.387000,15.041433,36.357911,0.998708
fruit,fruit_0412.jpg,4752,2732,1.739385,42.508418,0.192200,0.189700,0.381900,14.597300,36.488078,0.998769
fruit,fruit_0413.jpg,4513,2492,1.810995,44.781742,0.184100,0.199600,0.383700,13.933500,36.690201,0.999051
fruit,fruit_0414.jpg,4763,2803,1.699251,41.150535,0.185600,0.189200,0.374800,14.428233,36.538672,0.999494
fruit,fruit_0415.jpg,4822,2753,1.751544,42.907507,0.186500,0.182800,0.369300,14.739400,36.446006,0.998885
fruit,fruit_0416.jpg,5450,3063,1.779301,43.798165,0.195300,0.208700,0.404000,22.426133,34.623260,0.998207
fruit,fruit_0417.jpg,4774,2738,1.743608,42.647675,0.189800,0.199800,0.389600,15.324300,36.276997,0.998354
fruit,fruit_0418.jpg,3901,2277,1.713219,41.630351,0.178700,0.167500,0.346200,10.893933,37.758956,0.998656
fruit,fruit_0419.jpg,6506,3740,1.739572,42.514602,0.193900,0.202000,0.395900,28.853367,33.528839,0.998561
fruit,fruit_0420.jpg,5152,2968,1.735849,42.391304,0.225400,0.185400,0.410800,18.098567,35.554362,0.998554
fruit,fruit_0421.jpg,3755,2274,1.651275,39.440746,0.172900,0.164400,0.337300,13.379667,36.866351,0.997944
fruit,fruit_0422.jpg,4541,2719,1.670099,40.123321,0.200700,0.200600,0.401300,11.339233,37.584967,0.999293
fruit,fruit_0423.jpg,4409,2609,1.689920,40.825584,0.197400,0.299800,0.497200,12.348533,37.214650,0.999354
fruit,fruit_0424.jpg,3907,2293,1.703881,41.310468,0.195900,0.183400,0.379300,10.881533,37.763903,0.999577
fruit,fruit_0425.jpg,4355,2610,1.668582,40.068886,0.180400,0.273200,0.453600,17.598733,35.675990,0.999209
fruit,fruit_0426.jpg,5227,2919,1.790682,44.155347,0.171200,0.260800,0.432000,20.395667,35.035425,0.998422
fruit,fruit_0427.jpg,4614,2793,1.651987,39.466840,0.191700,0.193800,0.385500,21.349833,34.836859,0.998406
fruit,fruit_0428.jpg,4753,2761,1.721478,41.910372,0.178100,0.200100,0.378200,15.169867,36.320986,0.998409
fruit,fruit_0429.jpg,5296,3043,1.740388,42.541541,0.204000,0.208200,0.412200,17.058067,35.811506,0.998963
fruit,fruit_0430.jpg,4714,2762,1.706734,41.408570,0.197200,0.184700,0.381900,14.371500,36.555783,0.998507
fruit,fruit_0431.jpg,4177,2588,1.613988,38.041657,0.194700,0.242400,0.437100,11.470167,37.535106,0.998695
fruit,fruit_0432.jpg,5695,3355,1.697466,41.088674,0.394000,0.236800,0.630800,18.196833,35.530845,0.999085
fruit,fruit_0433.jpg,3876,2252,1.721137,41.898865,0.198400,0.226000,0.424400,10.292200,38.005721,0.999542
fruit,fruit_0434.jpg,4138,2540,1.629134,38.617690,0.181100,0.240100,0.421200,11.301000,37.599635,0.998723
fruit,fruit_0435.jpg,4703,2753,1.708318,41.462896,0.346300,0.296700,0.643000,14.051967,36.653432,0.999090
fruit,fruit_0436.jpg,5007,2974,1.683591,40.603156,0.187500,0.178200,0.365700,23.238033,34.468810,0.999111
fruit,fruit_0437.jpg,4206,2619,1.605956,37.731812,0.181700,0.534300,0.716000,12.490333,37.165063,0.999186
fruit,fruit_0438.jpg,4801,2811,1.707933,41.449698,0.179900,0.192500,0.372400,14.491300,36.519730,0.999189
fruit,fruit_0439.jpg,4256,2507,1.697647,41.094925,0.189300,0.185700,0.375000,16.365033,35.991635,0.997472
fruit,fruit_0440.jpg,3683,2185,1.685584,40.673364,0.168200,0.184800,0.353000,8.422233,38.876531,0.998943
fruit,fruit_0441.jpg,4215,2540,1.659449,39.739027,0.193600,0.191600,0.385200,16.197633,36.036288,0.998605
fruit,fruit_0442.jpg,4076,2534,1.608524,37.831207,0.234000,0.187600,0.421600,10.938700,37.741146,0.998720
fruit,fruit_0443.jpg,4704,2615,1.798853,44.409014,0.213400,0.185300,0.398700,15.666767,36.181010,0.998795
fruit,fruit_0444.jpg,4684,2701,1.734173,42.335611,0.250900,0.203100,0.454000,14.618367,36.481815,0.998503
fruit,fruit_0445.jpg,6654,3714,1.791599,44.183950,0.182600,0.188600,0.371200,33.133267,32.928161,0.997911
fruit,fruit_0446.jpg,5603,3293,1.701488,41.227914,0.344100,0.190500,0.534600,22.140267,34.678975,0.998270
fruit,fruit_0447.jpg,5221,2980,1.752013,42.922812,0.208300,0.178900,0.387200,18.264200,35.514797,0.998969
fruit,fruit_0448.jpg,4740,2745,1.726776,42.088608,0.262700,0.327800,0.590500,15.266200,36.293494,0.999237
fruit,fruit_0449.jpg,5441,3131,1.737783,42.455431,0.210500,0.492900,0.703400,19.064667,35.328511,0.998842
fruit,fruit_0450.jpg,5322,2986,1.782317,43.893273,0.187500,0.187800,0.375300,20.050167,35.109624,0.998318
fruit,fruit_0451.jpg,4216,2599,1.622162,38.353890,0.161500,0.499900,0.661400,18.385333,35.486089,0.998585
fruit,fruit_0452.jpg,4978,2860,1.740559,42.547208,0.202800,0.192600,0.395400,16.992067,35.828342,0.998688
fruit,fruit_0453.jpg,4167,2412,1.727612,42.116631,0.249300,0.201700,0.451000,12.356100,37.211989,0.999075
fruit,fruit_0454.jpg,4258,2463,1.728786,42.155942,0.178100,0.182300,0.360400,13.643567,36.781524,0.999325
fruit,fruit_0455.jpg,4487,2528,1.774921,43.659461,0.160600,0.176600,0.337200,14.803433,36.427179,0.999115
fruit,fruit_0456.jpg,3969,2224,1.784622,43.965734,0.245600,0.173500,0.419100,17.812133,35.623644,0.999009
fruit,fruit_0457.jpg,4383,2686,1.631794,38.717773,0.193700,0.162600,0.356300,12.966267,37.002654,0.999130
fruit,fruit_0458.jpg,4395,2654,1.655991,39.613197,0.256500,0.187000,0.443500,12.897333,37.025804,0.999453
fruit,fruit_0459.jpg,4714,2590,1.820077,45.057276,0.189700,0.314200,0.503900,16.171900,36.043193,0.998714
fruit,fruit_0460.jpg,4759,2800,1.699643,41.164110,0.193600,0.192600,0.386200,14.497067,36.518002,0.998937
fruit,fruit_0461.jpg,4994,2696,1.852374,46.015218,0.202800,0.209000,0.411800,21.304633,34.846063,0.998402
fruit,fruit_0462.jpg,4343,2456,1.768322,43.449229,0.193500,0.188700,0.382200,14.220367,36.601696,0.999188
fruit,fruit_0463.jpg,5451,3238,1.683447,40.598055,0.198800,0.203100,0.401900,16.227733,36.028225,0.999225
fruit,fruit_0464.jpg,5009,2991,1.674691,40.287483,0.165800,0.195400,0.361200,17.006733,35.824595,0.999081
fruit,fruit_0465.jpg,4961,2876,1.724965,42.027817,0.185600,0.176400,0.362000,15.051633,36.354967,0.999251
fruit,fruit_0466.jpg,4326,2477,1.746468,42.741563,0.184200,0.197900,0.382100,12.053167,37.319792,0.999036
fruit,fruit_0467.jpg,4662,2689,1.733730,42.320892,0.184600,0.197500,0.382100,17.654067,35.662356,0.997050
fruit,fruit_0468.jpg,3662,2281,1.605436,37.711633,0.189300,0.245900,0.435200,10.076033,38.097908,0.998341
fruit,fruit_0469.jpg,3837,2424,1.582921,36.825645,0.191600,0.331000,0.522600,9.689633,38.267730,0.999711
fruit,fruit_0470.jpg,4329,2619,1.652921,39.501040,0.183800,0.183500,0.367300,13.873500,36.708943,0.998621
fruit,fruit_0471.jpg,4409,2693,1.637208,38.920390,0.281400,0.200200,0.481600,11.689933,37.452683,0.999601
fruit,fruit_0472.jpg,4556,2564,1.776911,43.722564,0.202500,0.177000,0.379500,14.732667,36.447990,0.998952
fruit,fruit_0473.jpg,4335,2561,1.692698,40.922722,9.101200,0.193100,9.294300,12.726600,37.083680,0.999396
fruit,fruit_0474.jpg,4055,2290,1.770742,43.526510,0.400300,0.200400,0.600700,12.098100,37.303632,0.999195
fruit,fruit_0475.jpg,4484,2506,1.789306,44.112400,0.197400,0.217500,0.414900,18.489267,35.461607,0.999123
fruit,fruit_0476.jpg,4915,2832,1.735523,42.380468,0.225500,0.209400,0.434900,15.337733,36.273192,0.998799
fruit,fruit_0477.jpg,5574,3028,1.840819,45.676355,0.182800,0.238000,0.420800,23.067567,34.500786,0.997403
fruit,fruit_0478.jpg,5151,2926,1.760424,43.195496,0.186900,0.199900,0.386800,18.370500,35.489594,0.999162
fruit,fruit_0479.jpg,6207,3425,1.812263,44.820364,0.208100,0.216000,0.424100,28.572933,33.571255,0.996997
fruit,fruit_0480.jpg,5975,3321,1.799157,44.418410,0.185100,0.172600,0.357700,27.048233,33.809415,0.997460
fruit,fruit_0481.jpg,4273,2593,1.647898,39.316639,0.189100,0.321400,0.510500,15.261467,36.294841,0.997443
fruit,fruit_0482.jpg,5056,3081,1.641026,39.062500,0.207800,0.201200,0.409000,19.425067,35.247178,0.998656
fruit,fruit_0483.jpg,4621,2671,1.730064,42.198658,0.190600,0.184200,0.374800,15.341167,36.272220,0.999280
fruit,fruit_0484.jpg,4851,2767,1.753162,42.960214,0.268200,0.183200,0.451400,14.989333,36.372980,0.998506
fruit,fruit_0485.jpg,5312,3057,1.737651,42.451054,0.185100,0.203600,0.388700,18.497000,35.459791,0.999048
fruit,fruit_0486.jpg,5450,3026,1.801058,44.477064,0.183000,0.198300,0.381300,20.891900,34.931024,0.998299
fruit,fruit_0487.jpg,5145,2865,1.795812,44.314869,0.204900,0.214800,0.419700,17.923200,35.596648,0.999123
fruit,fruit_0488.jpg,4179,2397,1.743429,42.641780,0.190300,0.427600,0.617900,13.140933,36.944541,0.999281
fruit,fruit_0489.jpg,2600,1807,1.438849,30.500000,0.196300,0.207900,0.404200,4.606900,41.496716,0.999715
fruit,fruit_0490.jpg,4701,2766,1.699566,41.161455,0.219700,0.190200,0.409900,15.320100,36.278188,0.998440
fruit,fruit_0491.jpg,4267,2601,1.640523,39.043825,0.185300,0.193700,0.379000,12.997000,36.992372,0.999192
fruit,fruit_0492.jpg,4000,2494,1.603849,37.650000,0.241700,0.183600,0.425300,12.544933,37.146120,0.998728
fruit,fruit_0493.jpg,3707,2224,1.666817,40.005395,0.196000,0.191000,0.387000,15.785633,36.148184,0.999105
fruit,fruit_0494.jpg,5311,3017,1.760358,43.193372,0.194100,0.203100,0.397200,18.050800,35.565839,0.998707
fruit,fruit_0495.jpg,4186,2473,1.692681,40.922121,0.201500,0.181500,0.383000,15.121633,36.334817,0.999313
fruit,fruit_0496.jpg,4845,2792,1.735315,42.373581,0.178800,0.193600,0.372400,16.228033,36.028145,0.998865
fruit,fruit_0497.jpg,4230,2431,1.740025,42.529551,0.188600,0.319300,0.507900,13.226433,36.916376,0.999344
fruit,fruit_0498.jpg,4238,2530,1.675099,40.302029,0.193600,0.317000,0.510600,17.560833,35.685352,0.999219
fruit,fruit_0499.jpg,3488,2122,1.643732,39.162844,0.274600,0.198800,0.473400,5.736700,40.544182,0.999080
motorbike,motorbike_0000.jpg,12361,6750,1.831259,45.392768,0.248800,0.723600,0.972400,34.862704,32.707193,0.997942
motorbike,motorbike_0001.jpg,12326,6833,1.803893,44.564336,0.688200,0.307700,0.995900,40.852827,32.018582,0.997710
motorbike,motorbike_0002.jpg,13310,7525,1.768771,43.463561,0.603800,0.345700,0.949500,35.630623,32.612569,0.997864
motorbike,motorbike_0003.jpg,11872,6433,1.845484,45.813679,0.841400,0.579900,1.421300,46.931242,31.416183,0.997118
motorbike,motorbike_0004.jpg,12989,7055,1.841106,45.684810,1.692100,0.402900,2.095000,34.552515,32.746007,0.997936
motorbike,motorbike_0005.jpg,12802,6869,1.863736,46.344321,0.343900,0.325200,0.669100,32.836306,32.967261,0.997940
motorbike,motorbike_0006.jpg,11454,6483,1.766775,43.399686,0.323400,0.363100,0.686500,29.873997,33.377870,0.997910
motorbike,motorbike_0007.jpg,12515,6796,1.841524,45.697163,0.615700,0.331500,0.947200,41.825909,31.916350,0.997254
motorbike,motorbike_0008.jpg,12673,7103,1.784176,43.951708,0.296100,0.320700,0.616800,44.873932,31.610862,0.997349
motorbike,motorbike_0009.jpg,12849,6988,1.838724,45.614445,0.488500,0.342400,0.830900,37.616078,32.377069,0.998054
motorbike,motorbike_0010.jpg,13262,7216,1.837860,45.588901,0.345200,0.329000,0.674200,39.017679,32.218189,0.997573
motorbike,motorbike_0011.jpg,13007,7168,1.814593,44.891212,0.351300,0.341200,0.692500,37.045021,32.443505,0.997839
motorbike,motorbike_0012.jpg,11886,6991,1.700186,41.182904,0.436500,0.833700,1.270200,2.785381,43.681958,0.999859
motorbike,motorbike_0013.jpg,12081,6613,1.826856,45.261154,0.291200,0.331600,0.622800,31.440342,33.155931,0.998359
motorbike,motorbike_0014.jpg,12353,6668,1.852579,46.021209,0.285200,0.317500,0.602700,37.068748,32.440724,0.997613
motorbike,motorbike_0015.jpg,12733,6964,1.828403,45.307469,0.336100,0.338000,0.674100,34.850210,32.708750,0.997726
motorbike,motorbike_0016.jpg,11947,6640,1.799247,44.421194,0.307000,0.550600,0.857600,35.770781,32.595519,0.997785
motorbike,motorbike_0017.jpg,12272,6765,1.814043,44.874511,0.328000,0.305500,0.633500,35.621242,32.613713,0.997782
motorbike,motorbike_0018.jpg,12484,7111,1.755590,43.039090,0.333200,0.391100,0.724300,29.730255,33.398817,0.998361
motorbike,motorbike_0019.jpg,12999,7349,1.768812,43.464882,0.364600,0.339500,0.704100,26.479672,33.901678,0.998431
motorbike,motorbike_0020.jpg,12318,6712,1.835221,45.510635,0.361800,0.432700,0.794500,35.684366,32.606024,0.998069
motorbike,motorbike_0021.jpg,11581,6581,1.759763,43.174165,0.308600,0.552100,0.860700,33.786021,32.843433,0.997917
motorbike,motorbike_0022.jpg,12180,6985,1.743737,42.651888,0.342500,0.442200,0.784700,32.636640,32.993749,0.997948
motorbike,motorbike_0023.jpg,12579,6910,1.820405,45.067175,0.347600,0.331600,0.679200,39.438851,32.171561,0.997577
motorbike,motorbike_0024.jpg,15118,8499,1.778798,43.782246,0.305100,0.562400,0.867500,42.840980,31.812210,0.997624
motorbike,motorbike_0025.jpg,20938,11699,1.789726,44.125513,0.423200,0.716800,1.140000,57.101519,30.564327,0.994035
motorbike,motorbike_0026.jpg,14734,7770,1.896268,47.264830,0.325200,0.429200,0.754400,44.289375,31.667808,0.996873
motorbike,motorbike_0027.jpg,14835,8174,1.814901,44.900573,0.467500,0.347000,0.814500,48.800982,31.246518,0.997218
motorbike,motorbike_0028.jpg,16600,9195,1.805329,44.608434,0.460200,0.450600,0.910800,53.591376,30.839855,0.997393
motorbike,motorbike_0029.jpg,18511,10631,1.741228,42.569283,0.365700,0.598300,0.964000,55.796454,30.664738,0.995791
motorbike,motorbike_0030.jpg,14610,8497,1.719430,41.841205,0.350300,0.367000,0.717300,4.853286,41.270445,0.999857
motorbike,motorbike_0031.jpg,16142,8997,1.794154,44.263412,0.391100,1.337500,1.728600,48.782394,31.248173,0.997569
motorbike,motorbike_0032.jpg,20663,11711,1.764410,43.323816,0.752000,0.552400,1.304400,57.121066,30.562841,0.995296
motorbike,motorbike_0033.jpg,15212,8426,1.805364,44.609519,0.338500,0.616100,0.954600,45.068955,31.592029,0.997822
motorbike,motorbike_0034.jpg,15655,8944,1.750335,42.868093,0.337400,0.399800,0.737200,54.962873,30.730109,0.993358
motorbike,motorbike_0035.jpg,11521,6354,1.813189,44.848537,0.296700,0.297400,0.594100,41.929573,31.905599,0.997484
motorbike,motorbike_0036.jpg,12121,6558,1.848277,45.895553,0.288400,0.518500,0.806900,47.981724,31.320045,0.997268
motorbike,motorbike_0037.jpg,13143,7153,1.837411,45.575592,0.860600,0.381200,1.241800,46.707841,31.436906,0.996667
motorbike,motorbike_0038.jpg,15246,8261,1.845539,45.815296,0.736200,0.342100,1.078300,47.069579,31.403400,0.996280
motorbike,motorbike_0039.jpg,15649,8589,1.821982,45.114704,0.352100,0.596100,0.948200,44.572931,31.640092,0.997200
motorbike,motorbike_0040.jpg,15907,8591,1.851589,45.992330,0.422300,0.387100,0.809400,46.905553,31.418561,0.996499
motorbike,motorbike_0041.jpg,15891,8598,1.848221,45.893902,0.332300,0.371400,0.703700,49.008289,31.228108,0.996630
motorbike,motorbike_0042.jpg,14301,7612,1.878744,46.772953,0.313700,0.676800,0.990500,46.851498,31.423569,0.997366
motorbike,motorbike_0043.jpg,13819,7616,1.814470,44.887474,0.305100,0.336100,0.641200,47.692885,31.346268,0.997112
motorbike,motorbike_0044.jpg,11690,6777,1.724952,42.027374,0.313300,0.499700,0.813000,2.764265,43.715007,0.999921
motorbike,motorbike_0045.jpg,14037,7699,1.823224,45.152098,0.371500,0.340300,0.711800,28.199127,33.628447,0.997916
motorbike,motorbike_0046.jpg,13611,7329,1.857143,46.153846,0.547900,0.364000,0.911900,44.876734,31.610591,0.997344
motorbike,motorbike_0047.jpg,11919,6516,1.829190,45.330984,0.294600,0.297200,0.591800,41.320292,31.969170,0.997737
motorbike,motorbike_0048.jpg,11599,6439,1.801367,44.486594,0.297200,0.291700,0.588900,39.778489,32.134321,0.997985
motorbike,motorbike_0049.jpg,14799,8453,1.750739,42.881276,0.284400,0.308700,0.593100,57.495804,30.534442,0.995552
motorbike,motorbike_0050.jpg,11743,6462,1.817239,44.971472,0.316100,0.607200,0.923300,40.434817,32.063249,0.997578
motorbike,motorbike_0051.jpg,15011,8484,1.769331,43.481447,0.298600,0.346700,0.645300,51.431238,31.018534,0.993622
motorbike,motorbike_0052.jpg,12442,6691,1.859513,46.222472,0.335200,0.341900,0.677100,40.682937,32.036681,0.997492
motorbike,motorbike_0053.jpg,15289,8348,1.831457,45.398653,0.312300,0.337800,0.650100,47.169724,31.394170,0.992738
motorbike,motorbike_0054.jpg,14750,8092,1.822788,45.138983,0.384900,0.348800,0.733700,43.618164,31.734130,0.996766
motorbike,motorbike_0055.jpg,15941,8856,1.800023,44.445141,0.381200,0.788400,1.169600,46.854540,31.423287,0.993905
motorbike,motorbike_0056.jpg,15554,8395,1.852770,46.026746,0.444500,0.356900,0.801400,49.206379,31.210590,0.996028
motorbike,motorbike_0057.jpg,17549,9600,1.828021,45.296028,0.764600,0.998300,1.762900,49.139926,31.216459,0.993979
motorbike,motorbike_0058.jpg,14843,7921,1.873880,46.634777,0.401600,0.352200,0.753800,39.958451,32.114717,0.996562
motorbike,motorbike_0059.jpg,14149,7891,1.793055,44.229274,1.050200,0.349900,1.400100,37.108118,32.436114,0.997022
motorbike,motorbike_0060.jpg,16090,8719,1.845395,45.811063,0.373300,0.376700,0.750000,41.489634,31.951408,0.994434
motorbike,motorbike_0061.jpg,14874,8143,1.826600,45.253462,0.535000,0.869700,1.404700,43.027923,31.793300,0.995898
motorbike,motorbike_0062.jpg,14688,7964,1.844299,45.778867,0.487300,0.882700,1.370000,44.945324,31.603958,0.996102
motorbike,motorbike_0063.jpg,14239,7657,1.859606,46.225156,0.347000,0.338100,0.685100,47.824012,31.334344,0.996158
motorbike,motorbike_0064.jpg,16226,8551,1.897556,47.300629,0.344300,0.375800,0.720100,48.959186,31.232462,0.994041
motorbike,motorbike_0065.jpg,15029,7980,1.883333,46.902655,0.344200,0.331500,0.675700,49.613642,31.174792,0.996004
motorbike,motorbike_0066.jpg,13943,7744,1.800491,44.459585,0.330800,0.347600,0.678400,43.592780,31.736658,0.995305
motorbike,motorbike_0067.jpg,15583,8900,1.750899,42.886479,0.785800,0.349800,1.135600,39.391807,32.176745,0.997847
motorbike,motorbike_0068.jpg,15327,8189,1.871657,46.571410,0.398600,0.524600,0.923200,35.914417,32.578115,0.997655
motorbike,motorbike_0069.jpg,16543,9275,1.783612,43.933990,0.364200,0.436200,0.800400,37.194695,32.425994,0.998213
motorbike,motorbike_0070.jpg,16831,9434,1.784079,43.948666,0.617300,0.537500,1.154800,65.706204,29.954740,0.994902
motorbike,motorbike_0071.jpg,13332,7290,1.828807,45.319532,0.329600,0.351300,0.680900,39.780950,32.134052,0.993532
motorbike,motorbike_0072.jpg,13372,7145,1.871519,46.567454,0.462400,0.430500,0.892900,32.761472,32.977170,0.994643
motorbike,motorbike_0073.jpg,12703,6853,1.853641,46.052114,0.357200,0.331600,0.688800,29.196192,33.477542,0.995356
motorbike,motorbike_0074.jpg,11935,6486,1.840117,45.655635,0.319200,0.403200,0.722400,27.399258,33.753416,0.998296
motorbike,motorbike_0075.jpg,18146,9803,1.851066,45.977075,0.771000,0.513500,1.284500,51.549019,31.008600,0.991058
motorbike,motorbike_0076.jpg,14925,8093,1.844186,45.775544,0.424100,0.408100,0.832200,43.800000,31.716063,0.996767
motorbike,motorbike_0077.jpg,19360,10996,1.760640,43.202479,0.392200,0.448300,0.840500,51.012363,31.054049,0.994837
motorbike,motorbike_0078.jpg,18441,10025,1.839501,45.637438,0.346000,0.386400,0.732400,45.255960,31.574046,0.996145
motorbike,motorbike_0079.jpg,16562,9215,1.797287,44.360584,0.432400,0.349700,0.782100,54.378713,30.776514,0.993399
motorbike,motorbike_0080.jpg,14524,8154,1.781212,43.858441,0.537900,0.381600,0.919500,41.513661,31.948893,0.994378
motorbike,motorbike_0081.jpg,11601,6088,1.905552,47.521765,0.287800,0.295600,0.583400,38.547278,32.270866,0.995837
motorbike,motorbike_0082.jpg,10634,5712,1.861695,46.285499,0.252300,0.307600,0.559900,37.650998,32.373039,0.993308
motorbike,motorbike_0083.jpg,11838,6277,1.885933,46.975841,0.272100,0.325500,0.597600,39.478447,32.167203,0.990054
motorbike,motorbike_0084.jpg,12430,6976,1.781823,43.877715,0.279800,0.321800,0.601600,43.426608,31.753245,0.992615
motorbike,motorbike_0085.jpg,13500,7441,1.814272,44.881481,0.295100,0.338200,0.633300,44.948670,31.603635,0.994927
motorbike,motorbike_0086.jpg,10971,6183,1.774381,43.642330,0.336200,0.309100,0.645300,28.100431,33.643674,0.992613
motorbike,motorbike_0087.jpg,13680,7608,1.798107,44.385965,0.408400,0.366600,0.775000,35.830523,32.588272,0.995772
motorbike,motorbike_0088.jpg,12616,6473,1.949019,48.692137,0.315600,0.342300,0.657900,38.605525,32.264309,0.993524
motorbike,motorbike_0089.jpg,13402,7379,1.816235,44.941054,0.309200,0.421200,0.730400,47.384857,31.374408,0.995606
motorbike,motorbike_0090.jpg,11792,6139,1.920834,47.939281,0.363500,0.311900,0.675400,44.773454,31.620598,0.992779
motorbike,motorbike_0091.jpg,12582,7024,1.791287,44.174217,0.293900,0.359900,0.653800,38.313029,32.297339,0.995665
motorbike,motorbike_0092.jpg,11406,6199,1.839974,45.651412,0.521600,1.644700,2.166300,24.287356,34.277001,0.997054
motorbike,motorbike_0093.jpg,17490,9157,1.910014,47.644368,0.359800,0.510100,0.869900,40.983387,32.004725,0.995860
motorbike,motorbike_0094.jpg,16066,8472,1.896364,47.267521,0.435000,0.359300,0.794300,47.116746,31.399051,0.994271
motorbike,motorbike_0095.jpg,9780,5388,1.815145,44.907975,1.888900,0.271900,2.160800,41.649151,31.934742,0.995057
motorbike,motorbike_0096.jpg,13136,7181,1.829272,45.333435,0.345400,0.355900,0.701300,42.461130,31.850888,0.998087
motorbike,motorbike_0097.jpg,16477,9193,1.792342,44.207077,0.447300,1.141400,1.588700,38.255810,32.303830,0.994899
motorbike,motorbike_0098.jpg,17222,9227,1.866479,46.423180,0.422400,0.472800,0.895200,46.154431,31.488670,0.992787
motorbike,motorbike_0099.jpg,15015,8108,1.851875,46.000666,0.370500,0.405800,0.776300,43.384036,31.757504,0.990391
motorbike,motorbike_0100.jpg,15183,8113,1.871441,46.565237,0.409000,0.420200,0.829200,38.986838,32.221624,0.990708
motorbike,motorbike_0101.jpg,16202,9308,1.740653,42.550302,0.362900,0.417000,0.779900,57.909984,30.503269,0.992966
motorbike,motorbike_0102.jpg,19192,10606,1.809542,44.737391,0.646000,0.448100,1.094100,50.308977,31.114349,0.993858
motorbike,motorbike_0103.jpg,12457,6745,1.846850,45.853737,0.377100,1.136000,1.513100,27.696482,33.706557,0.996784
motorbike,motorbike_0104.jpg,14531,7754,1.874001,46.638222,0.352600,0.683700,1.036300,39.671410,32.146027,0.995588
motorbike,motorbike_0105.jpg,12572,6633,1.895372,47.239898,0.356100,0.353400,0.709500,33.417407,32.891076,0.993802
motorbike,motorbike_0106.jpg,12089,6553,1.844804,45.793697,0.347300,0.348500,0.695800,31.713095,33.118417,0.993259
motorbike,motorbike_0107.jpg,17149,9207,1.862605,46.311738,0.382700,0.454500,0.837200,46.618854,31.445188,0.995888
motorbike,motorbike_0108.jpg,14295,7599,1.881169,46.841553,0.386000,0.379100,0.765100,34.699960,32.727514,0.995139
motorbike,motorbike_0109.jpg,12523,6984,1.793099,44.230616,0.707400,0.502100,1.209500,26.712909,33.863592,0.996362
motorbike,motorbike_0110.jpg,13158,6957,1.891332,47.127223,0.394100,0.518800,0.912900,37.344118,32.408581,0.993458
motorbike,motorbike_0111.jpg,13341,7109,1.876635,46.713140,0.346800,0.357100,0.703900,33.192069,32.920460,0.994256
motorbike,motorbike_0112.jpg,12771,6730,1.897623,47.302482,0.296700,0.305000,0.601700,31.642105,33.128150,0.994938
motorbike,motorbike_0113.jpg,12849,6802,1.889003,47.062028,0.355700,0.355200,0.710900,21.497144,34.806996,0.996895
motorbike,motorbike_0114.jpg,12323,6469,1.904931,47.504666,0.307500,0.490100,0.797600,38.484741,32.277918,0.995376
motorbike,motorbike_0115.jpg,13649,7239,1.885481,46.963147,0.470600,0.391600,0.862200,39.502432,32.164565,0.994176
motorbike,motorbike_0116.jpg,11779,6164,1.910934,47.669581,0.813200,0.885700,1.698900,43.056402,31.790426,0.992386
motorbike,motorbike_0117.jpg,12537,6564,1.909963,47.642977,0.316800,0.336000,0.652800,34.462551,32.757329,0.995282
motorbike,motorbike_0118.jpg,10658,5765,1.848742,45.909176,0.455400,0.400000,0.855400,24.920589,34.165221,0.995558
motorbike,motorbike_0119.jpg,10260,5371,1.910259,47.651072,0.310100,0.311000,0.621100,13.872615,36.709220,0.996997
motorbike,motorbike_0120.jpg,12551,6912,1.815828,44.928691,0.388600,0.498900,0.887500,31.217940,33.186761,0.997019
motorbike,motorbike_0121.jpg,12116,6674,1.815403,44.915814,0.317100,0.306500,0.623600,26.749227,33.857691,0.996615
motorbike,motorbike_0122.jpg,13882,7188,1.931274,48.220717,0.348000,1.471200,1.819200,28.964452,33.512150,0.996099
motorbike,motorbike_0123.jpg,12154,6258,1.942154,48.510778,0.314700,0.333500,0.648200,30.484570,33.290003,0.994526
motorbike,motorbike_0124.jpg,11178,5884,1.899728,47.360887,0.518000,0.400000,0.918000,38.514107,32.274605,0.994885
motorbike,motorbike_0125.jpg,11872,6501,1.826181,45.240903,0.345000,0.564800,0.909800,23.883165,34.349885,0.996521
motorbike,motorbike_0126.jpg,13456,7218,1.864228,46.358502,0.845900,0.345100,1.191000,41.131045,31.989106,0.994720
motorbike,motorbike_0127.jpg,12669,6594,1.921292,47.951693,0.296000,0.332800,0.628800,36.810924,32.471036,0.992959
motorbike,motorbike_0128.jpg,8756,5006,1.749101,42.827775,0.518000,0.553800,1.071800,15.839637,36.133351,0.995582
motorbike,motorbike_0129.jpg,11669,6424,1.816469,44.948153,0.373200,0.497100,0.870300,23.177192,34.480195,0.997417
motorbike,motorbike_0130.jpg,12013,6686,1.796739,44.343628,0.320800,0.539000,0.859800,27.713141,33.703946,0.996581
motorbike,motorbike_0131.jpg,14910,8193,1.819846,45.050302,0.374500,0.495400,0.869900,49.808434,31.157775,0.996791
motorbike,motorbike_0132.jpg,15693,8353,1.878726,46.772446,0.624000,0.877900,1.501900,41.127717,31.989458,0.995065
motorbike,motorbike_0133.jpg,14629,7670,1.907301,47.569895,0.472300,0.373800,0.846100,38.988929,32.221391,0.994522
motorbike,motorbike_0134.jpg,12613,7030,1.794168,44.263855,0.344500,0.344600,0.689100,32.099695,33.065795,0.994863
motorbike,motorbike_0135.jpg,12968,7204,1.800111,44.447872,0.322300,0.351400,0.673700,32.691646,32.986436,0.993871
motorbike,motorbike_0136.jpg,14735,8141,1.809974,44.750594,0.371200,0.481100,0.852300,41.100059,31.992379,0.995981
motorbike,motorbike_0137.jpg,15646,8283,1.888929,47.059951,0.333900,0.392200,0.726100,42.944831,31.801695,0.991206
motorbike,motorbike_0138.jpg,11670,6105,1.911548,47.686375,0.463000,0.420100,0.883100,37.511825,32.389122,0.996262
motorbike,motorbike_0139.jpg,13932,7806,1.784781,43.970715,0.321600,0.463500,0.785100,31.920492,33.090108,0.997692
motorbike,motorbike_0140.jpg,9750,5422,1.798229,44.389744,2.117600,0.579200,2.696800,39.544562,32.159936,0.997592
motorbike,motorbike_0141.jpg,11821,6397,1.847897,45.884443,0.300700,0.296400,0.597100,39.141666,32.204411,0.997544
motorbike,motorbike_0142.jpg,12224,6403,1.909105,47.619437,0.286100,0.322900,0.609000,42.975435,31.798601,0.989710
motorbike,motorbike_0143.jpg,11462,6075,1.886749,46.998779,0.318400,0.315900,0.634300,37.514824,32.388774,0.994233
motorbike,motorbike_0144.jpg,14301,7859,1.819697,45.045801,0.346900,0.369900,0.716800,49.511059,31.183781,0.993811
motorbike,motorbike_0145.jpg,12935,7527,1.718480,41.809045,0.281700,0.325100,0.606800,54.957632,30.730524,0.992365
motorbike,motorbike_0146.jpg,13936,7184,1.939866,48.450057,0.351900,0.355400,0.707300,35.883728,32.581828,0.995184
motorbike,motorbike_0147.jpg,14634,8260,1.771671,43.556102,0.446200,0.381200,0.827400,30.244214,33.324381,0.996539
motorbike,motorbike_0148.jpg,9117,4885,1.866325,46.418778,0.237200,0.348600,0.585800,50.067926,31.135208,0.996984
motorbike,motorbike_0149.jpg,13376,7105,1.882618,46.882476,0.298100,0.448300,0.746400,46.573015,31.449460,0.988853
motorbike,motorbike_0150.jpg,14779,7868,1.878368,46.762298,0.401500,0.331200,0.732700,36.002521,32.567474,0.993384
motorbike,motorbike_0151.jpg,13263,6960,1.905603,47.523185,0.559600,0.347500,0.907100,29.902486,33.373731,0.995893
motorbike,motorbike_0152.jpg,17485,9295,1.881119,46.840149,0.529800,0.560900,1.090700,47.527632,31.361342,0.993523
motorbike,motorbike_0153.jpg,15962,8599,1.856262,46.128305,0.444200,0.434500,0.878700,47.585552,31.356053,0.992003
motorbike,motorbike_0154.jpg,15213,8098,1.878612,46.769211,0.341800,0.779600,1.121400,42.195623,31.878130,0.990961
motorbike,motorbike_0155.jpg,17333,9558,1.813455,44.856632,0.354700,0.464800,0.819500,53.835629,30.820106,0.992854
motorbike,motorbike_0156.jpg,13187,7088,1.860468,46.250095,0.717200,0.384600,1.101800,42.415970,31.855510,0.993759
motorbike,motorbike_0157.jpg,10414,5567,1.870666,46.543115,0.291900,0.319400,0.611300,27.207127,33.783977,0.994166
motorbike,motorbike_0158.jpg,11327,5980,1.894147,47.205791,0.325400,0.309200,0.634600,36.572181,32.499295,0.989154
motorbike,motorbike_0159.jpg,11235,5865,1.915601,47.797063,0.444900,0.316200,0.761100,33.624026,32.864307,0.991941
motorbike,motorbike_0160.jpg,15305,8180,1.871027,46.553414,1.162300,0.723800,1.886100,40.061226,32.103561,0.994263
motorbike,motorbike_0161.jpg,15381,8675,1.773026,43.599246,0.273900,0.322800,0.596700,64.969720,30.003694,0.993786
motorbike,motorbike_0162.jpg,14616,8236,1.774648,43.650794,0.311900,0.361100,0.673000,41.713937,31.927992,0.997765
motorbike,motorbike_0163.jpg,16368,8852,1.849074,45.918866,0.354700,0.366200,0.720900,36.604012,32.495517,0.995937
motorbike,motorbike_0164.jpg,13660,7452,1.833065,45.446559,0.305800,0.318000,0.623800,47.416368,31.371521,0.991159
motorbike,motorbike_0165.jpg,12526,6558,1.910034,47.644899,0.261600,0.311100,0.572700,45.035357,31.595268,0.989117
motorbike,motorbike_0166.jpg,12069,6922,1.743571,42.646450,0.312200,0.322300,0.634500,25.285126,34.102152,0.995668
motorbike,motorbike_0167.jpg,15152,8575,1.766997,43.406811,0.524900,0.435000,0.959900,43.215885,31.774370,0.995511
motorbike,motorbike_0168.jpg,16332,8934,1.828073,45.297575,0.393000,0.443500,0.836500,53.004048,30.887713,0.991456
motorbike,motorbike_0169.jpg,18509,9933,1.863385,46.334216,0.372000,0.392600,0.764600,52.471787,30.931545,0.996040
motorbike,motorbike_0170.jpg,11289,5971,1.890638,47.107804,1.279200,0.360100,1.639300,28.809955,33.535378,0.993801
motorbike,motorbike_0171.jpg,13166,7077,1.860393,46.247911,0.341700,0.326900,0.668600,37.629898,32.375473,0.996975
motorbike,motorbike_0172.jpg,13461,7199,1.869843,46.519575,0.330400,0.343900,0.674300,35.829030,32.588453,0.996420
motorbike,motorbike_0173.jpg,12095,6470,1.869397,46.506821,0.356700,0.571400,0.928100,38.906110,32.230626,0.995510
motorbike,motorbike_0174.jpg,11637,6192,1.879360,46.790410,0.299500,0.326800,0.626300,32.418417,33.022885,0.995286
motorbike,motorbike_0175.jpg,15338,8280,1.852415,46.016430,0.331400,0.360300,0.691700,48.978735,31.230728,0.994824
motorbike,motorbike_0176.jpg,16983,9146,1.856877,46.146146,0.363700,0.382600,0.746300,49.404533,31.193136,0.995016
motorbike,motorbike_0177.jpg,12404,6771,1.831930,45.412770,0.349400,0.349500,0.698900,38.706391,32.252977,0.996282
motorbike,motorbike_0178.jpg,11547,6221,1.856132,46.124535,0.836600,0.290700,1.127300,41.417908,31.958922,0.996699
motorbike,motorbike_0179.jpg,12141,6517,1.862974,46.322379,0.280300,0.593700,0.874000,48.488586,31.274408,0.991915
motorbike,motorbike_0180.jpg,16990,9321,1.822766,45.138317,0.354000,0.550100,0.904100,44.992233,31.599428,0.995220
motorbike,motorbike_0181.jpg,13956,7485,1.864529,46.367154,0.441800,0.633400,1.075200,43.847454,31.711360,0.991018
motorbike,motorbike_0182.jpg,14476,7938,1.823633,45.164410,0.314500,0.339300,0.653800,44.361571,31.660734,0.992028
motorbike,motorbike_0183.jpg,15528,8289,1.873326,46.619011,0.311600,0.383800,0.695400,40.884043,32.015265,0.995149
motorbike,motorbike_0184.jpg,12566,6798,1.848485,45.901639,0.369600,0.314100,0.683700,44.153554,31.681147,0.995467
motorbike,motorbike_0185.jpg,14215,7337,1.937440,48.385508,0.345200,0.373100,0.718300,34.800060,32.715004,0.992432
motorbike,motorbike_0186.jpg,16721,9154,1.826633,45.254470,0.393700,0.530600,0.924300,40.708936,32.033906,0.995448
motorbike,motorbike_0187.jpg,13061,7028,1.858423,46.190950,0.332400,0.434000,0.766400,45.806422,31.521540,0.995609
motorbike,motorbike_0188.jpg,13492,7164,1.883305,46.901868,0.379700,0.361100,0.740800,30.077929,33.348324,0.993555
motorbike,motorbike_0189.jpg,16938,9108,1.859684,46.227418,0.454100,0.476600,0.930700,48.828150,31.244101,0.994506
motorbike,motorbike_0190.jpg,11102,5843,1.900051,47.369843,0.383900,0.300200,0.684100,35.461352,32.633251,0.993478
motorbike,motorbike_0191.jpg,15065,8349,1.804408,44.580153,0.444800,0.343100,0.787900,49.888539,31.150796,0.997218
motorbike,motorbike_0192.jpg,15416,8068,1.910759,47.664764,0.381700,0.433200,0.814900,37.569264,32.382477,0.996536
motorbike,motorbike_0193.jpg,13617,7226,1.884445,46.933980,0.919300,0.720500,1.639800,35.146801,32.671946,0.995023
motorbike,motorbike_0194.jpg,17720,9837,1.801362,44.486456,0.931300,0.378400,1.309700,62.256220,30.188976,0.994495
motorbike,motorbike_0195.jpg,12918,7040,1.834943,45.502400,0.368200,0.411700,0.779900,45.348031,31.565219,0.995637
motorbike,motorbike_0196.jpg,14311,8064,1.774678,43.651736,0.295700,0.468900,0.764600,33.737996,32.849611,0.996174
motorbike,motorbike_0197.jpg,17933,9542,1.879375,46.790833,0.411600,0.390900,0.802500,40.881978,32.015485,0.993433
motorbike,motorbike_0198.jpg,18602,9701,1.917534,47.849694,0.401700,0.412600,0.814300,43.507753,31.745137,0.993346
motorbike,motorbike_0199.jpg,15800,8413,1.878046,46.753165,0.605400,0.367000,0.972400,39.622625,32.151371,0.993079
motorbike,motorbike_0200.jpg,11096,6150,1.804228,44.574621,0.261700,0.311300,0.573000,35.130225,32.673994,0.995416
motorbike,motorbike_0201.jpg,16211,8893,1.822894,45.142187,0.355100,1.256200,1.611300,44.699983,31.627730,0.992860
motorbike,motorbike_0202.jpg,14028,7403,1.894907,47.226975,0.379800,0.360400,0.740200,39.714965,32.141262,0.995734
motorbike,motorbike_0203.jpg,10911,5630,1.938011,48.400697,0.334100,0.483400,0.817500,28.245219,33.621354,0.996497
motorbike,motorbike_0204.jpg,11501,6164,1.865834,46.404660,0.292200,0.298300,0.590500,34.616463,32.737977,0.995341
motorbike,motorbike_0205.jpg,11586,6262,1.850208,45.952011,0.303400,0.322000,0.625400,33.368085,32.897491,0.995906
motorbike,motorbike_0206.jpg,11166,6630,1.684163,40.623321,0.361200,0.353000,0.714200,3.948950,42.165988,0.999890
motorbike,motorbike_0207.jpg,8679,4509,1.924817,48.047010,0.231400,0.255300,0.486700,35.518584,32.626247,0.996858
motorbike,motorbike_0208.jpg,9214,4781,1.927212,48.111569,0.269400,0.294400,0.563800,22.210802,34.665161,0.995994
motorbike,motorbike_0209.jpg,10531,6174,1.705701,41.373089,0.348200,0.305900,0.654100,3.302245,42.942710,0.999879
motorbike,motorbike_0210.jpg,13981,7017,1.992447,49.810457,0.348000,0.373700,0.721700,29.793708,33.389558,0.994891
motorbike,motorbike_0211.jpg,11831,6229,1.899342,47.350182,0.306100,0.349000,0.655100,36.108969,32.554653,0.996585
motorbike,motorbike_0212.jpg,10316,5612,1.838204,45.599069,0.260200,0.606300,0.866500,43.757026,31.720326,0.992768
motorbike,motorbike_0213.jpg,14849,7835,1.895214,47.235504,0.322300,3.293100,3.615400,52.823005,30.902573,0.991869
motorbike,motorbike_0214.jpg,8752,4849,1.804908,44.595521,0.217600,0.235900,0.453500,43.166722,31.779313,0.994653
motorbike,motorbike_0215.jpg,16159,8995,1.796442,44.334427,0.351600,0.369900,0.721500,40.225162,32.085826,0.993053
motorbike,motorbike_0216.jpg,17950,9785,1.834440,45.487465,0.383800,0.414900,0.798700,46.432222,31.462609,0.994726
motorbike,motorbike_0217.jpg,16128,8764,1.840256,45.659722,0.365400,0.389500,0.754900,50.681801,31.082283,0.994087
motorbike,motorbike_0218.jpg,18199,9626,1.890609,47.106984,0.403400,0.417000,0.820400,48.303255,31.291040,0.992066
motorbike,motorbike_0219.jpg,14439,7969,1.811896,44.809197,0.306800,0.326400,0.633200,52.064792,30.965362,0.992229
motorbike,motorbike_0220.jpg,13106,7436,1.762507,43.262628,0.291000,0.573600,0.864600,36.008492,32.566754,0.995734
motorbike,motorbike_0221.jpg,11511,6252,1.841171,45.686734,0.270700,0.362100,0.632800,36.937755,32.456099,0.996806
motorbike,motorbike_0222.jpg,13297,7480,1.777674,43.746710,0.307800,0.335300,0.643100,42.520881,31.844781,0.993342
motorbike,motorbike_0223.jpg,15054,8217,1.832055,45.416501,0.329100,0.438400,0.767500,46.407406,31.464931,0.991775
motorbike,motorbike_0224.jpg,17316,9099,1.903066,47.453222,0.672500,0.414100,1.086600,43.701747,31.725816,0.995103
motorbike,motorbike_0225.jpg,14563,7657,1.901920,47.421548,0.467600,0.381900,0.849500,40.379340,32.069211,0.990851
motorbike,motorbike_0226.jpg,14259,7755,1.838685,45.613297,0.478200,0.642300,1.120500,29.685009,33.405432,0.996786
motorbike,motorbike_0227.jpg,16310,8974,1.817473,44.978541,0.341800,0.426600,0.768400,40.256540,32.082439,0.995580
motorbike,motorbike_0228.jpg,13867,7180,1.931337,48.222399,0.379900,0.473400,0.853300,36.492297,32.508792,0.994153
motorbike,motorbike_0229.jpg,14833,7908,1.875695,46.686442,0.451500,0.358000,0.809500,38.851102,32.236770,0.997046
motorbike,motorbike_0230.jpg,11893,6275,1.895299,47.237871,0.348700,0.512100,0.860800,40.693109,32.035595,0.995720
motorbike,motorbike_0231.jpg,19577,10099,1.938509,48.413955,0.394200,0.453800,0.848000,49.123807,31.217883,0.993356
motorbike,motorbike_0232.jpg,18916,10335,1.830285,45.363713,0.517200,0.413600,0.930800,57.899396,30.504063,0.993051
motorbike,motorbike_0233.jpg,15524,8390,1.850298,45.954651,0.372700,0.381100,0.753800,30.678896,33.262406,0.994423
motorbike,motorbike_0234.jpg,12678,6561,1.932327,48.248935,0.339100,0.395700,0.734800,29.983565,33.361971,0.996727
motorbike,motorbike_0235.jpg,12961,7021,1.846033,45.829797,0.340300,0.954900,1.295200,36.717813,32.482036,0.996545
motorbike,motorbike_0236.jpg,11414,5835,1.956127,48.878570,0.276300,0.284900,0.561200,37.796308,32.356310,0.996585
motorbike,motorbike_0237.jpg,10583,5523,1.916169,47.812530,0.467900,0.303200,0.771100,38.141478,32.316828,0.994583
motorbike,motorbike_0238.jpg,14284,7606,1.877991,46.751610,0.373200,0.349500,0.722700,30.822358,33.242145,0.993629
motorbike,motorbike_0239.jpg,13964,7538,1.852481,46.018333,0.348400,0.337000,0.685400,26.217124,33.944953,0.996960
motorbike,motorbike_0240.jpg,17668,9439,1.871808,46.575730,0.339600,0.579000,0.918600,52.060702,30.965703,0.992870
motorbike,motorbike_0241.jpg,14220,7569,1.878716,46.772152,0.317200,0.351600,0.668800,42.021948,31.896042,0.995291
motorbike,motorbike_0242.jpg,14781,7753,1.906488,47.547527,0.364000,0.510300,0.874300,57.610884,30.525758,0.993833
motorbike,motorbike_0243.jpg,13511,7177,1.882541,46.880320,0.501300,0.354600,0.855900,48.658839,31.259186,0.996002
motorbike,motorbike_0244.jpg,15231,8110,1.878052,46.753332,0.334200,0.346100,0.680300,43.526796,31.743237,0.996417
motorbike,motorbike_0245.jpg,15332,8919,1.719027,41.827550,0.630400,0.726400,1.356800,33.295348,32.906968,0.996558
motorbike,motorbike_0246.jpg,15888,8353,1.902071,47.425730,0.456900,0.654700,1.111600,40.183490,32.090327,0.994454
motorbike,motorbike_0247.jpg,17055,9209,1.851993,46.004104,0.362300,0.408800,0.771100,47.812482,31.335391,0.993145
motorbike,motorbike_0248.jpg,16499,8934,1.846765,45.851264,0.394500,0.380900,0.775400,49.886737,31.150953,0.991576
motorbike,motorbike_0249.jpg,12912,6960,1.855172,46.096654,0.262500,1.061400,1.323900,60.014109,30.348270,0.990193
motorbike,motorbike_0250.jpg,17127,9451,1.812189,44.818123,0.276100,0.455200,0.731300,44.112802,31.685157,0.994287
motorbike,motorbike_0251.jpg,17822,9433,1.889325,47.071036,0.767900,0.412600,1.180500,60.175709,30.336591,0.991529
motorbike,motorbike_0252.jpg,14910,8138,1.832145,45.419182,0.463800,0.611300,1.075100,46.193796,31.484967,0.993944
motorbike,motorbike_0253.jpg,17930,9650,1.858031,46.179587,0.421500,0.438200,0.859700,40.713077,32.033464,0.995274
motorbike,motorbike_0254.jpg,16037,8540,1.877869,46.748145,0.339500,0.351500,0.691000,51.665441,30.998802,0.995264
motorbike,motorbike_0255.jpg,17410,9500,1.832632,45.433659,0.345200,0.440700,0.785900,66.183010,29.923338,0.990685
motorbike,motorbike_0256.jpg,16296,8885,1.834102,45.477418,0.488500,0.469500,0.958000,59.876500,30.358240,0.993234
motorbike,motorbike_0257.jpg,19541,10277,1.901430,47.408014,0.437900,0.582000,1.019900,52.134550,30.959547,0.996169
motorbike,motorbike_0258.jpg,15477,8587,1.802376,44.517671,0.467100,0.339100,0.806200,55.922362,30.654949,0.992946
motorbike,motorbike_0259.jpg,13543,7531,1.798300,44.391937,0.324300,0.347800,0.672100,33.284978,32.908321,0.997026
motorbike,motorbike_0260.jpg,16864,8934,1.887620,47.023245,0.401300,0.418500,0.819800,32.476610,33.015097,0.997192
motorbike,motorbike_0261.jpg,13007,7382,1.761989,43.245944,0.321600,0.446400,0.768000,31.147579,33.196561,0.997880
motorbike,motorbike_0262.jpg,17525,9123,1.920969,47.942939,0.368500,0.437900,0.806400,34.114334,32.801435,0.992363
motorbike,motorbike_0263.jpg,14794,8089,1.828903,45.322428,0.292800,0.333200,0.626000,54.379595,30.776444,0.991624
motorbike,motorbike_0264.jpg,17385,9851,1.764795,43.336209,0.327500,0.383100,0.710600,47.232836,31.388363,0.994705
motorbike,motorbike_0265.jpg,16340,8925,1.830812,45.379437,0.319000,0.381100,0.700100,64.302004,30.048558,0.990700
motorbike,motorbike_0266.jpg,14832,8123,1.825926,45.233279,0.343800,0.848200,1.192000,33.248336,32.913105,0.997193
motorbike,motorbike_0267.jpg,14827,8044,1.843237,45.747623,2.061100,0.338900,2.400000,36.231693,32.539917,0.996978
motorbike,motorbike_0268.jpg,16773,8889,1.886939,47.004114,0.344900,0.427300,0.772200,47.565773,31.357858,0.993500
motorbike,motorbike_0269.jpg,14063,7681,1.830881,45.381498,0.431100,0.623200,1.054300,29.715121,33.401029,0.995462
motorbike,motorbike_0270.jpg,17999,10046,1.791658,44.185788,0.433800,0.359400,0.793200,66.503823,29.902337,0.993339
motorbike,motorbike_0271.jpg,14134,7856,1.799134,44.417716,0.397900,0.346800,0.744700,56.093141,30.641706,0.994075
motorbike,motorbike_0272.jpg,13065,6708,1.947674,48.656716,0.331700,0.421000,0.752700,34.438343,32.760381,0.993137
motorbike,motorbike_0273.jpg,13213,6961,1.898147,47.317036,0.336900,0.378200,0.715100,29.164128,33.482314,0.991090
motorbike,motorbike_0274.jpg,14116,7419,1.902682,47.442618,0.391700,0.358300,0.750000,39.824721,32.129276,0.994695
motorbike,motorbike_0275.jpg,14885,8144,1.827726,45.287202,0.348500,0.346200,0.694700,51.259179,31.033087,0.994744
motorbike,motorbike_0276.jpg,12303,6472,1.900958,47.394944,0.298800,1.096500,1.395300,35.648379,32.610406,0.996078
motorbike,motorbike_0277.jpg,16506,8556,1.929173,48.164304,0.463800,0.522600,0.986400,43.515633,31.744351,0.993893
motorbike,motorbike_0278.jpg,17002,9342,1.819953,45.053523,0.336700,0.349400,0.686100,45.358118,31.564253,0.994657
motorbike,motorbike_0279.jpg,16129,8626,1.869812,46.518693,0.304100,0.332500,0.636600,52.996035,30.888370,0.991492
motorbike,motorbike_0280.jpg,13929,7524,1.851276,45.983201,0.408500,0.323300,0.731800,41.338889,31.967216,0.997748
motorbike,motorbike_0281.jpg,16569,9082,1.824378,45.186795,0.318400,0.346600,0.665000,46.018026,31.501524,0.995228
motorbike,motorbike_0282.jpg,15186,8307,1.828097,45.298301,0.527000,0.330100,0.857100,49.905382,31.149330,0.995621
motorbike,motorbike_0283.jpg,16948,9611,1.763396,43.291244,0.793200,0.375700,1.168900,46.188285,31.485485,0.995490
motorbike,motorbike_0284.jpg,16074,8772,1.832421,45.427398,0.361400,0.473500,0.834900,45.725394,31.529229,0.994953
motorbike,motorbike_0285.jpg,15626,8405,1.859131,46.211442,0.418500,0.845400,1.263900,33.245551,32.913468,0.997813
motorbike,motorbike_0286.jpg,11791,6347,1.857728,46.170808,0.281200,0.286100,0.567300,52.771933,30.906774,0.992342
motorbike,motorbike_0287.jpg,18227,9742,1.870971,46.551819,0.489300,0.375300,0.864600,48.228022,31.297809,0.994314
motorbike,motorbike_0288.jpg,12439,6613,1.880992,46.836562,0.288600,0.306300,0.594900,37.053826,32.442473,0.994820
motorbike,motorbike_0289.jpg,12758,7071,1.804271,44.575952,0.317100,0.972800,1.289900,29.524208,33.429021,0.996247
motorbike,motorbike_0290.jpg,15625,8432,1.853060,46.035200,0.589700,0.500300,1.090000,43.225611,31.773392,0.995767
motorbike,motorbike_0291.jpg,12894,7152,1.802852,44.532341,0.297200,0.326800,0.624000,34.555758,32.745599,0.996380
motorbike,motorbike_0292.jpg,14643,7837,1.868445,46.479547,0.329900,0.410400,0.740300,39.885757,32.122625,0.995543
motorbike,motorbike_0293.jpg,16711,8968,1.863403,46.334750,0.331200,0.342900,0.674100,52.443536,30.933884,0.992291
motorbike,motorbike_0294.jpg,15458,8215,1.881680,46.855997,0.954200,0.346700,1.300900,51.960076,30.974106,0.992377
motorbike,motorbike_0295.jpg,13613,7173,1.897811,47.307721,0.277300,0.292800,0.570100,40.979429,32.005145,0.995622
motorbike,motorbike_0296.jpg,15493,8523,1.817787,44.988059,0.311900,0.578100,0.890000,45.877577,31.514799,0.996749
motorbike,motorbike_0297.jpg,12374,6535,1.893497,47.187652,0.293100,0.292000,0.585100,34.561566,32.744869,0.998067
motorbike,motorbike_0298.jpg,14602,7714,1.892922,47.171620,0.599300,0.402900,1.002200,37.520760,32.388087,0.995244
motorbike,motorbike_0299.jpg,13772,7448,1.849087,45.919256,0.322200,0.334600,0.656800,31.190835,33.190534,0.996686
motorbike,motorbike_0300.jpg,12889,6712,1.920292,47.924587,0.283300,0.318100,0.601400,37.475558,32.393323,0.995752
motorbike,motorbike_0301.jpg,12829,6612,1.940260,48.460519,0.669400,0.765200,1.434600,27.537713,33.731525,0.996239
motorbike,motorbike_0302.jpg,14339,7868,1.822445,45.128670,0.321600,0.469500,0.791100,38.806716,32.241735,0.995163
motorbike,motorbike_0303.jpg,19601,10685,1.834441,45.487475,0.357100,0.427000,0.784100,40.411571,32.065746,0.996176
motorbike,motorbike_0304.jpg,13091,6993,1.872015,46.581621,0.296100,0.295400,0.591500,37.633993,32.375001,0.993303
motorbike,motorbike_0305.jpg,12507,6781,1.844418,45.782362,0.406800,0.660300,1.067100,33.811087,32.840212,0.994827
motorbike,motorbike_0306.jpg,11298,6283,1.798186,44.388387,0.378800,0.549400,0.928200,26.502182,33.897987,0.993149
motorbike,motorbike_0307.jpg,13460,7572,1.777602,43.744428,0.346200,0.295000,0.641200,33.597360,32.867752,0.995153
motorbike,motorbike_0308.jpg,17962,10293,1.745069,42.695691,0.321500,0.763200,1.084700,73.795142,29.450526,0.993763
motorbike,motorbike_0309.jpg,14110,7425,1.900337,47.377746,0.352100,0.601300,0.953400,26.672990,33.870087,0.997328
motorbike,motorbike_0310.jpg,16822,9137,1.841086,45.684223,0.318700,0.388300,0.707000,60.067506,30.344408,0.994645
motorbike,motorbike_0311.jpg,14637,7667,1.909091,47.619048,0.347700,0.881100,1.228800,30.130631,33.340721,0.996646
motorbike,motorbike_0312.jpg,17294,9367,1.846269,45.836706,0.313100,0.764800,1.077900,49.916877,31.148330,0.994560
motorbike,motorbike_0313.jpg,19262,10630,1.812041,44.813623,0.574800,0.539700,1.114500,41.716175,31.927759,0.995291
motorbike,motorbike_0314.jpg,16007,8637,1.853306,46.042356,0.331100,0.857700,1.188800,55.741541,30.669014,0.993752
motorbike,motorbike_0315.jpg,15305,8477,1.805474,44.612872,0.448900,0.321800,0.770700,51.067546,31.049354,0.995688
motorbike,motorbike_0316.jpg,15687,8542,1.836455,45.547268,0.614100,5.493400,6.107500,40.015703,32.108499,0.994543
motorbike,motorbike_0317.jpg,13206,7209,1.831877,45.411177,0.366000,0.476800,0.842800,36.605755,32.495310,0.995706
motorbike,motorbike_0318.jpg,19534,10411,1.876285,46.703184,0.381200,0.720100,1.101300,38.231826,32.306553,0.994827
motorbike,motorbike_0319.jpg,13528,7261,1.863104,46.326138,0.356200,0.336200,0.692400,35.429529,32.637150,0.993843
motorbike,motorbike_0320.jpg,12540,6950,1.804317,44.577352,0.292400,0.283000,0.575400,29.501997,33.432290,0.996992
motorbike,motorbike_0321.jpg,19556,10836,1.804725,44.589896,0.678600,0.917100,1.595700,52.370269,30.939956,0.992124
motorbike,motorbike_0322.jpg,18672,10077,1.852932,46.031491,0.587100,0.384100,0.971200,46.995837,31.410210,0.994614
motorbike,motorbike_0323.jpg,15156,8437,1.796373,44.332278,0.312300,0.340900,0.653200,30.529682,33.283581,0.997102
motorbike,motorbike_0324.jpg,11807,6246,1.890330,47.099178,0.293400,0.512600,0.806000,35.093897,32.678488,0.994418
motorbike,motorbike_0325.jpg,15300,8045,1.901802,47.418301,0.432800,0.378000,0.810800,36.026972,32.564526,0.993642
motorbike,motorbike_0326.jpg,11331,6178,1.834089,45.477010,0.367200,0.283700,0.650900,33.532255,32.876176,0.995518
motorbike,motorbike_0327.jpg,11452,6078,1.884172,46.926301,0.315600,0.291800,0.607400,33.241217,32.914034,0.995967
motorbike,motorbike_0328.jpg,12516,6671,1.876180,46.700224,0.304100,0.495300,0.799400,25.522232,34.061617,0.992597
motorbike,motorbike_0329.jpg,13595,7266,1.871043,46.553880,0.335200,0.455700,0.790900,32.592731,32.999596,0.996106
motorbike,motorbike_0330.jpg,11383,6051,1.881177,46.841782,0.280100,0.317900,0.598000,31.071020,33.207249,0.995684
motorbike,motorbike_0331.jpg,10127,5331,1.899644,47.358546,0.240600,0.408700,0.649300,31.764468,33.111388,0.995873
motorbike,motorbike_0332.jpg,11491,6170,1.862399,46.305805,0.322100,0.334300,0.656400,30.062042,33.350619,0.994031
motorbike,motorbike_0333.jpg,12043,6371,1.890284,47.097899,0.303400,0.332000,0.635400,37.871069,32.347728,0.995366
motorbike,motorbike_0334.jpg,10850,5726,1.894866,47.225806,0.296800,0.322200,0.619000,30.325817,33.312678,0.993961
motorbike,motorbike_0335.jpg,11896,6489,1.833256,45.452253,0.396200,0.336200,0.732400,30.277640,33.319583,0.995047
motorbike,motorbike_0336.jpg,13656,7621,1.791891,44.193029,0.299900,0.328200,0.628100,28.456884,33.588930,0.997072
motorbike,motorbike_0337.jpg,15522,8502,1.825688,45.226131,0.365700,0.440200,0.805900,49.811671,31.157492,0.994418
motorbike,motorbike_0338.jpg,12350,6738,1.832888,45.441296,0.306700,0.510200,0.816900,40.958525,32.007360,0.995403
motorbike,motorbike_0339.jpg,14098,7915,1.781175,43.857285,0.525000,0.342500,0.867500,25.398502,34.082723,0.997595
motorbike,motorbike_0340.jpg,15405,8074,1.907976,47.588445,0.464400,0.823200,1.287600,43.068617,31.789194,0.994512
motorbike,motorbike_0341.jpg,14545,7795,1.865940,46.407700,0.332200,0.854400,1.186600,38.745787,32.248559,0.995430
motorbike,motorbike_0342.jpg,14983,7985,1.876393,46.706267,0.384800,0.448200,0.833000,34.008888,32.814879,0.996386
motorbike,motorbike_0343.jpg,16653,9397,1.772161,43.571729,0.387200,0.454800,0.842000,55.919002,30.655209,0.991700
motorbike,motorbike_0344.jpg,10949,5783,1.893308,47.182391,1.332300,0.361100,1.693400,34.263248,32.782518,0.995273
motorbike,motorbike_0345.jpg,12277,6399,1.918581,47.878146,0.313600,0.337000,0.650600,41.258259,31.975695,0.994814
motorbike,motorbike_0346.jpg,11096,5961,1.861433,46.277938,0.374200,0.340400,0.714600,36.844207,32.467112,0.996039
motorbike,motorbike_0347.jpg,12173,6316,1.927327,48.114680,0.593000,0.493500,1.086500,37.853403,32.349754,0.993444
motorbike,motorbike_0348.jpg,17596,9536,1.845218,45.805865,0.441700,0.767700,1.209400,37.863784,32.348563,0.994618
motorbike,motorbike_0349.jpg,12007,6822,1.760041,43.183143,0.334200,0.487700,0.821900,43.364642,31.759446,0.989599
motorbike,motorbike_0350.jpg,12062,6401,1.884393,46.932515,0.353900,0.387400,0.741300,23.783260,34.368090,0.997321
motorbike,motorbike_0351.jpg,14348,8052,1.781918,43.880680,0.343000,0.415600,0.758600,29.703194,33.402772,0.996929
motorbike,motorbike_0352.jpg,14194,7573,1.874290,46.646470,0.355900,0.339300,0.695200,48.376374,31.284471,0.995198
motorbike,motorbike_0353.jpg,14595,7825,1.865176,46.385749,0.578900,0.339400,0.918300,48.840060,31.243042,0.992465
motorbike,motorbike_0354.jpg,16172,8541,1.893455,47.186495,0.486200,0.407200,0.893400,33.260078,32.911571,0.995121
motorbike,motorbike_0355.jpg,12450,6656,1.870493,46.538153,0.331100,0.352400,0.683500,46.832952,31.425288,0.992032
motorbike,motorbike_0356.jpg,17854,9375,1.904427,47.490758,0.559200,0.396800,0.956000,49.622003,31.174061,0.995079
motorbike,motorbike_0357.jpg,14576,7824,1.862986,46.322722,0.332900,0.352200,0.685100,40.393549,32.067684,0.994111
motorbike,motorbike_0358.jpg,15330,7848,1.953364,48.806262,0.336400,0.651600,0.988000,51.246618,31.034152,0.985210
motorbike,motorbike_0359.jpg,17402,10000,1.740200,42.535341,0.382500,0.970300,1.352800,5.489088,40.735802,0.999771
motorbike,motorbike_0360.jpg,17150,9567,1.792620,44.215743,0.347100,0.449100,0.796200,47.199387,31.391440,0.993750
motorbike,motorbike_0361.jpg,17996,9784,1.839330,45.632363,0.540400,0.520600,1.061000,61.473853,30.243899,0.992454
motorbike,motorbike_0362.jpg,16277,8305,1.959904,48.977084,1.083200,1.094300,2.177500,31.259230,33.181021,0.995435
motorbike,motorbike_0363.jpg,10839,5830,1.859177,46.212750,0.527900,0.244000,0.771900,46.404211,31.465230,0.992022
motorbike,motorbike_0364.jpg,12864,6828,1.884007,46.921642,0.321300,0.328000,0.649300,39.271052,32.190078,0.992867
motorbike,motorbike_0365.jpg,13323,7352,1.812160,44.817233,0.350000,0.372700,0.722700,39.098445,32.209209,0.997611
motorbike,motorbike_0366.jpg,12697,6911,1.837216,45.569820,0.305700,0.355300,0.661000,42.281037,31.869347,0.993757
motorbike,motorbike_0367.jpg,13436,6933,1.937978,48.399821,0.270100,0.482600,0.752700,55.915291,30.655498,0.989895
motorbike,motorbike_0368.jpg,14006,7800,1.795641,44.309582,0.301200,0.346600,0.647800,41.172058,31.984778,0.994781
motorbike,motorbike_0369.jpg,13850,7818,1.771553,43.552347,0.323100,0.570300,0.893400,43.919499,31.704230,0.992683
motorbike,motorbike_0370.jpg,15823,8196,1.930576,48.201984,0.768600,0.609200,1.377800,44.892911,31.609026,0.994463
motorbike,motorbike_0371.jpg,11411,6168,1.850032,45.946893,0.280000,0.371900,0.651900,38.653217,32.258947,0.993988
motorbike,motorbike_0372.jpg,14259,8237,1.731091,42.232976,0.352300,0.352700,0.705000,37.826499,32.352842,0.995241
motorbike,motorbike_0373.jpg,15546,8293,1.874593,46.655088,0.367100,0.712100,1.079200,39.337978,32.182683,0.995592
motorbike,motorbike_0374.jpg,15139,8091,1.871091,46.555255,0.335000,0.350200,0.685200,43.034542,31.792632,0.995288
motorbike,motorbike_0375.jpg,14899,8313,1.792253,44.204309,0.376000,0.328600,0.704600,50.883158,31.065063,0.995368
motorbike,motorbike_0376.jpg,13817,7579,1.823064,45.147282,0.333200,0.359600,0.692800,36.784440,32.474162,0.997621
motorbike,motorbike_0377.jpg,14303,8038,1.779423,43.802000,0.306000,0.364000,0.670000,49.768176,31.161286,0.995197
motorbike,motorbike_0378.jpg,14056,7659,1.835227,45.510814,0.289900,0.535200,0.825100,50.647035,31.085263,0.994499
motorbike,motorbike_0379.jpg,12695,6773,1.874354,46.648287,0.866100,0.320900,1.187000,33.867264,32.833002,0.997803
motorbike,motorbike_0380.jpg,14277,7511,1.900812,47.390908,0.293000,0.335500,0.628500,46.300135,31.474981,0.994748
motorbike,motorbike_0381.jpg,12743,6714,1.897974,47.312250,0.343200,0.341500,0.684700,26.402728,33.914316,0.991924
motorbike,motorbike_0382.jpg,11441,6301,1.815744,44.926143,0.271500,0.285000,0.556500,52.235269,30.951165,0.996903
motorbike,motorbike_0383.jpg,13582,7493,1.812625,44.831394,0.414300,0.378000,0.792300,47.709065,31.344795,0.997168
motorbike,motorbike_0384.jpg,12834,7075,1.813993,44.872994,0.319700,0.300500,0.620200,42.539701,31.842859,0.997761
motorbike,motorbike_0385.jpg,18114,9909,1.828035,45.296456,0.370300,0.404400,0.774700,39.508032,32.163950,0.996810
motorbike,motorbike_0386.jpg,18970,10256,1.849649,45.935688,0.394600,0.591700,0.986300,45.310565,31.568809,0.995968
motorbike,motorbike_0387.jpg,15108,8606,1.755519,43.036802,0.377100,0.498800,0.875900,44.433154,31.653732,0.994879
motorbike,motorbike_0388.jpg,15648,8229,1.901568,47.411810,0.326100,0.322400,0.648500,51.501060,31.012642,0.997016
motorbike,motorbike_0389.jpg,16530,8899,1.857512,46.164549,0.440400,0.419600,0.860000,53.322843,30.861671,0.996696
motorbike,motorbike_0390.jpg,18845,10347,1.821301,45.094189,0.603600,0.394100,0.997700,48.759766,31.250187,0.996472
motorbike,motorbike_0391.jpg,13291,7507,1.770481,43.518170,0.684500,0.318200,1.002700,45.971843,31.505884,0.996665
motorbike,motorbike_0392.jpg,13676,7700,1.776104,43.696987,0.295700,0.367700,0.663400,50.778162,31.074034,0.993504
motorbike,motorbike_0393.jpg,7983,4446,1.795547,44.306652,0.231500,0.278400,0.509900,50.902226,31.063436,0.996972
motorbike,motorbike_0394.jpg,8697,4743,1.833650,45.463953,0.311900,0.245900,0.557800,38.523650,32.273529,0.994996
motorbike,motorbike_0395.jpg,16802,9159,1.834480,45.488632,0.376300,0.436300,0.812600,40.508387,32.055354,0.995032
motorbike,motorbike_0396.jpg,12525,6815,1.837858,45.588822,0.279500,0.310400,0.589900,49.150417,31.215532,0.996757
motorbike,motorbike_0397.jpg,11949,6805,1.755915,43.049628,0.276400,0.296500,0.572900,40.259116,32.082161,0.997775
motorbike,motorbike_0398.jpg,12883,7054,1.826340,45.245673,0.288500,0.320700,0.609200,51.929687,30.976647,0.997405
motorbike,motorbike_0399.jpg,12403,6612,1.875832,46.690317,0.374400,0.296900,0.671300,40.469067,32.059572,0.997988
motorbike,motorbike_0400.jpg,12018,6598,1.821461,45.099018,0.284900,0.278300,0.563200,40.180044,32.090700,0.997826
motorbike,motorbike_0401.jpg,13493,7612,1.772596,43.585563,0.327400,0.744100,1.071500,37.530981,32.386904,0.997460
motorbike,motorbike_0402.jpg,12700,7021,1.808859,44.716535,0.295800,0.327500,0.623300,40.844381,32.019480,0.997715
motorbike,motorbike_0403.jpg,14452,7822,1.847609,45.876003,0.348800,0.328700,0.677500,42.016194,31.896636,0.997483
motorbike,motorbike_0404.jpg,12136,6488,1.870530,46.539222,0.274800,0.622300,0.897100,39.715798,32.141171,0.997904
motorbike,motorbike_0405.jpg,13637,7312,1.865016,46.381169,0.330900,0.745800,1.076700,35.289147,32.654392,0.997630
motorbike,motorbike_0406.jpg,13408,7279,1.842011,45.711516,0.358700,0.322700,0.681400,42.764620,31.819957,0.997749
motorbike,motorbike_0407.jpg,13314,7271,1.831110,45.388313,0.468100,0.606400,1.074500,39.707430,32.142086,0.997767
motorbike,motorbike_0408.jpg,11569,6245,1.852522,46.019535,0.365000,0.297700,0.662700,41.027608,32.000042,0.997297
motorbike,motorbike_0409.jpg,13097,6883,1.902804,47.445980,0.315900,0.374500,0.690400,49.207204,31.210517,0.996676
motorbike,motorbike_0410.jpg,12020,6515,1.844973,45.798669,0.285800,0.375200,0.661000,48.642167,31.260674,0.997327
motorbike,motorbike_0411.jpg,12706,7151,1.776814,43.719503,0.304200,0.398000,0.702200,36.124426,32.552794,0.997938
motorbike,motorbike_0412.jpg,14205,7428,1.912359,47.708553,0.307100,0.679100,0.986200,40.980135,32.005070,0.994996
motorbike,motorbike_0413.jpg,11294,6081,1.857260,46.157252,0.329400,0.337300,0.666700,38.087523,32.322976,0.997329
motorbike,motorbike_0414.jpg,12761,6837,1.866462,46.422694,0.280700,0.574800,0.855500,42.841457,31.812161,0.995526
motorbike,motorbike_0415.jpg,13920,7254,1.918941,47.887931,0.574500,0.321900,0.896400,44.191868,31.677380,0.995277
motorbike,motorbike_0416.jpg,13185,7276,1.812122,44.816079,0.325500,0.339500,0.665000,30.684884,33.261559,0.996390
motorbike,motorbike_0417.jpg,12588,6656,1.891226,47.124245,0.335500,0.325100,0.660600,38.051896,32.327041,0.997339
motorbike,motorbike_0418.jpg,12021,6531,1.840606,45.670077,0.283600,0.293500,0.577100,45.970547,31.506007,0.996929
motorbike,motorbike_0419.jpg,10842,5954,1.820961,45.083933,0.271900,0.270000,0.541900,43.955859,31.700636,0.997083
motorbike,motorbike_0420.jpg,10761,5902,1.823280,45.153796,0.254700,0.592900,0.847600,44.930568,31.605385,0.997010
motorbike,motorbike_0421.jpg,11175,6112,1.828370,45.306488,0.254700,0.892900,1.147600,35.092326,32.678682,0.997738
motorbike,motorbike_0422.jpg,11675,6494,1.797813,44.376874,0.295300,5.395200,5.690500,39.983207,32.112027,0.997229
motorbike,motorbike_0423.jpg,15320,8137,1.882758,46.886423,0.478100,0.386600,0.864700,40.107492,32.098549,0.996360
motorbike,motorbike_0424.jpg,14772,7686,1.921936,47.969131,0.349600,0.330100,0.679700,42.663226,31.830267,0.997072
motorbike,motorbike_0425.jpg,11435,6300,1.815079,44.905990,0.291400,0.273700,0.565100,34.540327,32.747539,0.997930
motorbike,motorbike_0426.jpg,12564,6755,1.859956,46.235275,0.545100,0.312600,0.857700,39.524991,32.162086,0.997729
motorbike,motorbike_0427.jpg,13688,7437,1.840527,45.667738,0.314800,0.390400,0.705200,44.465938,31.650529,0.997289
motorbike,motorbike_0428.jpg,13283,7212,1.841791,45.705037,0.476500,0.357400,0.833900,45.496930,31.550983,0.995968
motorbike,motorbike_0429.jpg,12497,6818,1.832942,45.442906,0.594600,0.342800,0.937400,43.350568,31.760856,0.996926
motorbike,motorbike_0430.jpg,13671,7395,1.848682,45.907395,0.360600,0.349300,0.709900,46.196438,31.484719,0.997192
motorbike,motorbike_0431.jpg,13669,7530,1.815272,44.911844,0.299200,0.327000,0.626200,50.240970,31.120223,0.997213
motorbike,motorbike_0432.jpg,14211,7760,1.831314,45.394413,0.310600,0.337000,0.647600,50.237846,31.120494,0.996454
motorbike,motorbike_0433.jpg,12092,6621,1.826310,45.244790,0.292300,0.298900,0.591200,49.926946,31.147454,0.996595
motorbike,motorbike_0434.jpg,12821,7049,1.818840,45.019889,0.373200,0.320000,0.693200,47.783025,31.338067,0.996966
motorbike,motorbike_0435.jpg,15090,8309,1.816103,44.937044,0.336800,0.475900,0.812700,48.935417,31.234571,0.996398
motorbike,motorbike_0436.jpg,15027,8215,1.829215,45.331736,0.354000,0.424700,0.778700,42.228085,31.874790,0.997290
motorbike,motorbike_0437.jpg,15471,8585,1.802097,44.509082,0.412500,0.388100,0.800600,40.989804,32.004045,0.997635
motorbike,motorbike_0438.jpg,13469,7193,1.872515,46.595887,0.325400,0.326100,0.651500,51.100365,31.046564,0.994959
motorbike,motorbike_0439.jpg,11230,6126,1.833170,45.449688,0.321700,0.272400,0.594100,32.373936,33.028849,0.998154
motorbike,motorbike_0440.jpg,13051,6650,1.962556,49.046050,0.289300,0.315100,0.604400,43.995217,31.696749,0.995481
motorbike,motorbike_0441.jpg,12864,6827,1.884283,46.929415,0.308200,0.298800,0.607000,41.406964,31.960070,0.997723
motorbike,motorbike_0442.jpg,11110,6162,1.802986,44.536454,0.254800,0.570200,0.825000,38.888624,32.232578,0.997843
motorbike,motorbike_0443.jpg,14599,7980,1.829449,45.338722,0.741000,0.373200,1.114200,34.787409,32.716583,0.997713
motorbike,motorbike_0444.jpg,10122,5504,1.839026,45.623395,0.337600,0.285400,0.623000,35.521209,32.625926,0.997672
motorbike,motorbike_0445.jpg,10704,5810,1.842341,45.721226,0.258500,0.268400,0.526900,34.208881,32.789415,0.996527
motorbike,motorbike_0446.jpg,12079,6318,1.911839,47.694346,1.025800,0.348100,1.373900,43.566424,31.739284,0.996483
motorbike,motorbike_0447.jpg,9744,5355,1.819608,45.043103,0.795500,0.279600,1.075100,40.672909,32.037751,0.997645
motorbike,motorbike_0448.jpg,10071,5486,1.835764,45.526760,0.357800,0.458400,0.816200,41.019850,32.000863,0.997641
motorbike,motorbike_0449.jpg,14595,7655,1.906597,47.550531,0.304000,0.354200,0.658200,44.655134,31.632090,0.995984
motorbike,motorbike_0450.jpg,10401,5969,1.742503,42.611287,0.403100,0.545100,0.948200,31.232638,33.184717,0.998110
motorbike,motorbike_0451.jpg,9682,5176,1.870556,46.539971,0.267200,0.265000,0.532200,38.601570,32.264754,0.997931
motorbike,motorbike_0452.jpg,14230,7498,1.897839,47.308503,0.314100,0.569500,0.883600,44.340106,31.662836,0.995769
motorbike,motorbike_0453.jpg,12008,6661,1.802732,44.528648,0.483400,0.334800,0.818200,38.878286,32.233733,0.997467
motorbike,motorbike_0454.jpg,12466,6898,1.807190,44.665490,0.317300,0.306000,0.623300,36.267891,32.535581,0.997926
motorbike,motorbike_0455.jpg,13462,7471,1.801901,44.503046,0.291800,0.311900,0.603700,49.807823,31.157828,0.996351
motorbike,motorbike_0456.jpg,11877,6475,1.834286,45.482866,0.287300,2.852900,3.140200,42.330588,31.864261,0.997459
motorbike,motorbike_0457.jpg,11705,6749,1.734331,42.340880,0.268200,0.325300,0.593500,38.153219,32.315492,0.997423
motorbike,motorbike_0458.jpg,14734,7872,1.871697,46.572553,0.358100,0.358100,0.716200,39.482475,32.166760,0.997474
motorbike,motorbike_0459.jpg,12282,6866,1.788814,44.097053,0.345500,0.385700,0.731200,36.974125,32.451825,0.997588
motorbike,motorbike_0460.jpg,12393,6587,1.881433,46.849028,0.819200,0.321600,1.140800,40.416900,32.065174,0.997758
motorbike,motorbike_0461.jpg,12136,6571,1.846903,45.855307,0.286700,0.293900,0.580600,35.461876,32.633187,0.997342
motorbike,motorbike_0462.jpg,11953,6357,1.880289,46.816699,0.301400,0.706800,1.008200,37.080430,32.439356,0.997659
motorbike,motorbike_0463.jpg,13566,7321,1.853026,46.034203,0.618800,0.891500,1.510300,36.930678,32.456931,0.996760
motorbike,motorbike_0464.jpg,10441,5723,1.824393,45.187243,0.362400,0.271900,0.634300,27.677885,33.709475,0.998533
motorbike,motorbike_0465.jpg,11959,6719,1.779878,43.816373,0.305500,0.315600,0.621100,38.897127,32.231628,0.997137
motorbike,motorbike_0466.jpg,12478,6821,1.829351,45.335791,0.293000,0.486200,0.779200,38.103647,32.321138,0.997046
motorbike,motorbike_0467.jpg,11640,6459,1.802137,44.510309,0.308400,0.305200,0.613600,31.377142,33.164670,0.997592
motorbike,motorbike_0468.jpg,13273,7323,1.812509,44.827846,0.322800,0.335400,0.658200,41.627972,31.936951,0.995663
motorbike,motorbike_0469.jpg,10222,5544,1.843795,45.764038,0.431200,0.746300,1.177500,35.538418,32.623823,0.997363
motorbike,motorbike_0470.jpg,15716,8270,1.900363,47.378468,0.365000,0.383500,0.748500,40.124783,32.096677,0.997339
motorbike,motorbike_0471.jpg,10938,6443,1.697656,41.095264,0.352100,0.300800,0.652900,3.917736,42.200452,0.999855
motorbike,motorbike_0472.jpg,12395,6803,1.821990,45.114966,0.318100,0.299100,0.617200,48.700602,31.255460,0.996591
motorbike,motorbike_0473.jpg,14453,7836,1.844436,45.782882,0.322400,0.371400,0.693800,54.108020,30.798187,0.996006
motorbike,motorbike_0474.jpg,13255,7112,1.863751,46.344776,0.305200,0.329200,0.634400,41.590026,31.940912,0.997389
motorbike,motorbike_0475.jpg,14316,7688,1.862123,46.297849,0.359800,0.349100,0.708900,46.120824,31.491833,0.996258
motorbike,motorbike_0476.jpg,13288,7511,1.769139,43.475316,0.311400,0.294900,0.606300,44.199625,31.676618,0.996871
motorbike,motorbike_0477.jpg,15079,8380,1.799403,44.426023,0.336800,0.394000,0.730800,42.675465,31.829021,0.996381
motorbike,motorbike_0478.jpg,14471,7942,1.822085,45.117822,0.359800,0.488700,0.848500,52.214434,30.952898,0.996358
motorbike,motorbike_0479.jpg,13108,7049,1.859555,46.223680,0.314200,0.301400,0.615600,45.195751,31.579828,0.997439
motorbike,motorbike_0480.jpg,15014,8422,1.782712,43.905688,0.419900,0.387600,0.807500,38.283826,32.300650,0.997622
motorbike,motorbike_0481.jpg,13153,7074,1.859344,46.217593,0.299400,0.331800,0.631200,45.208027,31.578648,0.995831
motorbike,motorbike_0482.jpg,12195,6587,1.851374,45.986060,0.280600,0.284200,0.564800,44.482548,31.648907,0.995984
motorbike,motorbike_0483.jpg,13970,7365,1.896809,47.279885,0.543100,0.346900,0.890000,43.214586,31.774500,0.995990
motorbike,motorbike_0484.jpg,13293,7232,1.838081,45.595426,0.303100,0.565700,0.868800,37.431814,32.398395,0.996846
motorbike,motorbike_0485.jpg,14328,7767,1.844728,45.791457,0.287000,0.334000,0.621000,53.389723,30.856227,0.996322
motorbike,motorbike_0486.jpg,19008,10808,1.758697,43.139731,0.856000,0.630900,1.486900,50.895481,31.064011,0.996393
motorbike,motorbike_0487.jpg,11692,6641,1.760578,43.200479,0.278300,0.307500,0.585800,34.350394,32.771486,0.991953
motorbike,motorbike_0488.jpg,10958,5955,1.840134,45.656142,0.263500,0.270200,0.533700,51.325444,31.027476,0.991851
motorbike,motorbike_0489.jpg,12566,6826,1.840902,45.678816,0.362600,0.349900,0.712500,41.651476,31.934500,0.996959
motorbike,motorbike_0490.jpg,13128,7089,1.851883,46.000914,0.594800,0.386300,0.981100,41.725443,31.926794,0.996865
motorbike,motorbike_0491.jpg,12734,6834,1.863330,46.332653,0.340800,0.357400,0.698200,35.867346,32.583811,0.997033
motorbike,motorbike_0492.jpg,14081,7984,1.763652,43.299482,0.295800,0.338000,0.633800,56.712917,30.593984,0.995537
motorbike,motorbike_0493.jpg,15785,8766,1.800707,44.466265,0.369400,0.390400,0.759800,58.065907,30.491591,0.986201
motorbike,motorbike_0494.jpg,16059,8906,1.803166,44.542001,0.510500,0.383400,0.893900,46.753561,31.432657,0.992948
motorbike,motorbike_0495.jpg,11748,6298,1.865354,46.390875,0.409400,0.297100,0.706500,44.798497,31.618169,0.993472
motorbike,motorbike_0496.jpg,13577,7221,1.880210,46.814466,0.297600,0.336200,0.633800,51.832776,30.984759,0.994296
motorbike,motorbike_0497.jpg,14796,8109,1.824639,45.194647,0.316600,0.365500,0.682100,28.797851,33.537203,0.996802
motorbike,motorbike_0498.jpg,14158,7455,1.899128,47.344258,0.319300,0.351000,0.670300,31.781069,33.109119,0.996559
motorbike,motorbike_0499.jpg,13631,8136,1.675393,40.312523,0.348500,0.379200,0.727700,53.803569,30.822693,0.994186
person,person_0000.jpg,15301,8467,1.807134,44.663747,0.772300,1.596100,2.368400,3.709106,42.438111,0.999659
person,person_0001.jpg,16965,9539,1.778488,43.772473,0.590200,0.555400,1.145600,4.287216,41.809050,0.999738
person,person_0002.jpg,13869,7519,1.844527,45.785565,0.621700,0.549900,1.171600,3.251348,43.010169,0.999800
person,person_0003.jpg,17103,9296,1.839824,45.646963,0.747300,0.648100,1.395400,4.221649,41.875982,0.999622
person,person_0004.jpg,12650,6698,1.888623,47.051383,0.614300,0.645300,1.259600,2.964793,43.410860,0.999448
person,person_0005.jpg,16818,9186,1.830830,45.379950,0.657300,1.191300,1.848600,4.456034,41.641318,0.999556
person,person_0006.jpg,16389,9004,1.820191,45.060711,0.867600,0.571200,1.438800,3.980540,42.131384,0.999621
person,person_0007.jpg,16385,9205,1.780011,43.820568,0.854500,0.591600,1.446100,4.012100,42.097086,0.999745
person,person_0008.jpg,16498,9169,1.799324,44.423566,0.884900,0.589100,1.474000,4.253698,41.843137,0.999707
person,person_0009.jpg,15173,8444,1.796897,44.348514,0.643100,0.572900,1.216000,3.526647,42.657184,0.999590
person,person_0010.jpg,16692,9145,1.825260,45.213276,0.657400,0.585600,1.243000,3.942276,42.173333,0.999834
person,person_0011.jpg,15205,8000,1.900625,47.385728,0.593200,0.549300,1.142500,3.704213,42.443844,0.999581
person,person_0012.jpg,16928,9221,1.835810,45.528119,0.868900,0.738900,1.607800,4.117177,41.984808,0.999697
person,person_0013.jpg,16612,8902,1.866098,46.412232,0.651800,0.587800,1.239600,4.347046,41.748861,0.999693
person,person_0014.jpg,16281,9067,1.795633,44.309318,0.634800,0.581100,1.215900,4.365458,41.730505,0.999184
person,person_0015.jpg,19152,10121,1.892303,47.154344,0.636800,1.631900,2.268700,5.250198,40.929046,0.999576
person,person_0016.jpg,15815,8415,1.879382,46.791021,0.658900,1.197200,1.856100,3.956039,42.158197,0.999659
person,person_0017.jpg,21990,11736,1.873722,46.630286,0.802800,1.294400,2.097200,6.339371,40.110342,0.999572
person,person_0018.jpg,16838,9229,1.824466,45.189452,0.631800,1.144500,1.776300,4.047134,42.059327,0.999549
person,person_0019.jpg,17216,9584,1.796327,44.330855,0.654400,0.625300,1.279700,4.547831,41.552760,0.999809
person,person_0020.jpg,16477,9101,1.810460,44.765431,0.660900,0.613500,1.274400,4.094594,42.008695,0.999774
person,person_0021.jpg,16919,9353,1.808938,44.718955,0.665900,0.636400,1.302300,4.467356,41.630298,0.999581
person,person_0022.jpg,16156,9018,1.791528,44.181728,0.620900,1.145600,1.766500,4.256882,41.839888,0.999867
person,person_0023.jpg,15978,8931,1.789049,44.104394,1.510700,0.607500,2.118200,3.800222,42.332714,0.999808
person,person_0024.jpg,18221,10068,1.809793,44.745074,0.710600,0.650300,1.360900,4.944519,41.189563,0.999551
person,person_0025.jpg,13953,7769,1.795984,44.320218,0.921500,0.607900,1.529400,3.236766,43.029691,0.999739
person,person_0026.jpg,14083,7611,1.850348,45.956117,1.439900,1.697700,3.137600,3.346512,42.884880,0.999658
person,person_0027.jpg,14195,7733,1.835639,45.523072,0.498700,0.583400,1.082100,3.788315,42.346343,0.999718
person,person_0028.jpg,16504,9201,1.793718,44.249879,0.651800,0.622000,1.273800,4.094691,42.008592,0.999707
person,person_0029.jpg,17003,9021,1.884824,46.944657,0.614800,0.617300,1.232100,4.135284,41.965750,0.999662
person,person_0030.jpg,19153,10660,1.796717,44.342923,1.074400,0.971100,2.045500,5.107162,41.049007,0.999696
person,person_0031.jpg,19168,10232,1.873339,46.619366,0.631500,0.622300,1.253800,5.083679,41.069022,0.999816
person,person_0032.jpg,17263,9379,1.840601,45.669930,0.676300,0.611300,1.287600,4.148839,41.951537,0.999574
person,person_0033.jpg,19548,10882,1.796361,44.331901,2.806500,0.634500,3.441000,5.821426,40.480510,0.999692
person,person_0034.jpg,16854,9057,1.860881,46.262015,1.145700,0.749400,1.895100,4.192240,41.906342,0.999787
person,person_0035.jpg,18975,10211,1.858290,46.187088,0.651100,1.656100,2.307200,4.761739,41.353148,0.999685
person,person_0036.jpg,15291,8404,1.819491,45.039566,0.641700,0.588600,1.230300,3.763484,42.374903,0.999679
person,person_0037.jpg,13828,7776,1.778292,43.766271,0.650800,0.596200,1.247000,3.469294,42.728392,0.999647
person,person_0038.jpg,16196,8767,1.847382,45.869350,0.668000,0.569300,1.237300,3.823146,42.306595,0.999710
person,person_0039.jpg,16616,8951,1.856329,46.130236,0.723300,0.717900,1.441200,3.987844,42.123422,0.999764
person,person_0040.jpg,20454,10722,1.907666,47.579935,1.669900,1.135600,2.805500,6.057566,40.307822,0.999153
person,person_0041.jpg,17612,9922,1.775045,43.663411,0.584800,0.599800,1.184600,4.900614,41.228298,0.999686
person,person_0042.jpg,16560,8957,1.848833,45.911836,0.694100,0.588900,1.283000,4.099258,42.003751,0.999688
person,person_0043.jpg,16963,9286,1.826728,45.257325,0.615300,1.135900,1.751200,4.102249,42.000583,0.999650
person,person_0044.jpg,16304,8934,1.824938,45.203631,0.579000,0.825200,1.404200,4.144241,41.956353,0.999744
person,person_0045.jpg,17823,10242,1.740187,42.534927,1.023600,0.816400,1.840000,4.775889,41.340261,0.999596
person,person_0046.jpg,16182,9066,1.784911,43.974787,0.772500,0.598600,1.371100,4.122080,41.979639,0.999807
person,person_0047.jpg,17407,9584,1.816256,44.941690,2.752200,0.830400,3.582600,4.534027,41.565962,0.999691
person,person_0048.jpg,15302,8391,1.823621,45.164031,1.032800,0.570800,1.603600,3.702799,42.445502,0.999670
person,person_0049.jpg,17437,9532,1.829312,45.334633,1.020400,0.631900,1.652300,4.366577,41.729392,0.999558
person,person_0050.jpg,15320,8375,1.829254,45.332898,0.715700,0.596300,1.312000,3.763168,42.375267,0.999784
person,person_0051.jpg,13502,7517,1.796195,44.326766,0.732500,0.588000,1.320500,3.305252,42.938758,0.999854
person,person_0052.jpg,13944,7743,1.800852,44.470740,1.624800,0.811200,2.436000,3.577459,42.595057,0.999783
person,person_0053.jpg,14508,7879,1.841350,45.692032,0.662800,0.644000,1.306800,3.380229,42.841343,0.999780
person,person_0054.jpg,17673,9512,1.857969,46.177785,1.498300,1.764700,3.263000,4.507202,41.591733,0.999759
person,person_0055.jpg,15990,8763,1.824718,45.196998,0.869400,0.640100,1.509500,3.872859,42.250487,0.999833
person,person_0056.jpg,15672,8611,1.819998,45.054875,0.974300,0.629500,1.603800,3.809779,42.321806,0.999787
person,person_0057.jpg,13722,7917,1.733232,42.304329,0.621300,1.473100,2.094400,3.511230,42.676210,0.999772
person,person_0058.jpg,16868,8946,1.885535,46.964667,0.698900,0.608000,1.306900,4.616623,41.487560,0.999518
person,person_0059.jpg,15766,8572,1.839244,45.629836,0.675200,0.628500,1.303700,3.866801,42.257285,0.999656
person,person_0060.jpg,18028,10032,1.797049,44.353228,0.694500,0.664100,1.358600,4.521428,41.578047,0.999736
person,person_0061.jpg,16834,9014,1.867539,46.453606,0.695000,0.682000,1.377000,4.252660,41.844197,0.999803
person,person_0062.jpg,15312,8436,1.815078,44.905956,0.956700,0.632000,1.588700,3.709610,42.437521,0.999786
person,person_0063.jpg,15364,8232,1.866375,46.420203,0.657600,0.787000,1.444600,3.884226,42.237758,0.999667
person,person_0064.jpg,15093,8215,1.837249,45.570794,0.707700,0.838900,1.546600,3.646403,42.512157,0.999716
person,person_0065.jpg,17457,9569,1.824329,45.185312,0.740300,0.674100,1.414400,4.426651,41.670051,0.999544
person,person_0066.jpg,18105,9595,1.886920,47.003590,0.686000,0.628900,1.314900,4.906097,41.223442,0.999797
person,person_0067.jpg,14836,8151,1.820145,45.059315,4.263000,0.766100,5.029100,3.717748,42.428004,0.999618
person,person_0068.jpg,14544,8243,1.764406,43.323707,0.633400,0.645300,1.278700,3.840698,42.286702,0.999777
person,person_0069.jpg,16461,9109,1.807114,44.663143,1.904600,0.835200,2.739800,4.337819,41.758089,0.999729
person,person_0070.jpg,16665,9353,1.781781,43.876388,0.821500,0.729100,1.550600,4.624446,41.480207,0.999730
person,person_0071.jpg,16818,8784,1.914617,47.770246,0.907300,0.726300,1.633600,4.421733,41.674879,0.999575
person,person_0072.jpg,17143,9663,1.774087,43.632970,0.763200,0.659700,1.422900,4.278758,41.817627,0.999801
person,person_0073.jpg,20499,11183,1.833050,45.446119,0.702300,0.748900,1.451200,5.079717,41.072408,0.999483
person,person_0074.jpg,18381,10226,1.797477,44.366465,0.845700,0.970400,1.816100,4.895233,41.233070,0.998998
person,person_0075.jpg,17232,9696,1.777228,43.732591,0.664000,1.270600,1.934600,4.095871,42.007341,0.999577
person,person_0076.jpg,16129,8926,1.806968,44.658689,1.134700,1.692400,2.827100,3.928935,42.188055,0.999794
person,person_0077.jpg,20684,10626,1.946546,48.626958,0.752700,1.106200,1.858900,5.784037,40.508493,0.999270
person,person_0078.jpg,17399,9567,1.818647,45.014081,0.662500,0.715800,1.378300,4.311254,41.784768,0.999592
person,person_0079.jpg,15027,8346,1.800503,44.459972,0.912200,0.683600,1.595800,3.766042,42.371952,0.999413
person,person_0080.jpg,15868,8774,1.808525,44.706327,1.080100,0.767700,1.847800,3.854640,42.270966,0.999827
person,person_0081.jpg,13472,7356,1.831430,45.397862,0.807000,0.687800,1.494800,3.431951,42.775393,0.999539
person,person_0082.jpg,12961,7121,1.820110,45.058252,0.723000,0.583200,1.306200,3.134750,43.168774,0.999669
person,person_0083.jpg,15249,8514,1.791050,44.166831,1.525000,0.582700,2.107700,3.638621,42.521435,0.999781
person,person_0084.jpg,15561,8606,1.808157,44.695071,0.660200,0.605200,1.265400,3.777278,42.359015,0.999693
person,person_0085.jpg,16453,8944,1.839557,45.639093,0.617600,0.922500,1.540100,4.092209,42.011226,0.999778
person,person_0086.jpg,18533,10249,1.808274,44.698646,1.071400,0.901600,1.973000,4.917486,41.213373,0.999636
person,person_0087.jpg,19811,11092,1.786062,44.010903,0.966900,0.625200,1.592100,4.917725,41.213162,0.999768
person,person_0088.jpg,18044,9771,1.846689,45.849036,0.672200,1.094700,1.766900,4.303889,41.792193,0.999682
person,person_0089.jpg,16997,9190,1.849510,45.931635,0.839600,0.653500,1.493100,3.897619,42.222810,0.999736
person,person_0090.jpg,14579,8224,1.772738,43.590095,0.667600,0.621700,1.289300,3.501399,42.688388,0.999858
person,person_0091.jpg,17154,9003,1.905365,47.516614,0.740500,0.614400,1.354900,4.482549,41.615553,0.999743
person,person_0092.jpg,16229,8743,1.856228,46.127303,1.218300,0.803300,2.021600,3.799230,42.333848,0.999784
person,person_0093.jpg,20076,10935,1.835940,45.531978,0.692400,0.683500,1.375900,5.070109,41.080631,0.999741
person,person_0094.jpg,14422,7791,1.851110,45.978366,0.628900,0.619100,1.248000,3.861628,42.263099,0.999803
person,person_0095.jpg,15523,8752,1.773652,43.619146,0.798300,1.253200,2.051500,3.781525,42.354134,0.999703
person,person_0096.jpg,15815,8482,1.864537,46.367373,0.663300,0.993700,1.657000,3.745870,42.395277,0.999781
person,person_0097.jpg,16621,9362,1.775369,43.673666,1.262800,0.620900,1.883700,4.060455,42.045056,0.999740
person,person_0098.jpg,15132,8344,1.813519,44.858578,1.206400,0.576300,1.782700,3.613988,42.550936,0.999743
person,person_0099.jpg,14864,7930,1.874401,46.649623,1.037400,0.600800,1.638200,3.466599,42.731768,0.999662
person,person_0100.jpg,15830,8819,1.794988,44.289324,0.676400,1.628500,2.304900,4.041616,42.065253,0.999352
person,person_0101.jpg,15748,8523,1.847706,45.878842,1.101900,0.856900,1.958800,3.751511,42.388742,0.999764
person,person_0102.jpg,18552,9897,1.874507,46.652652,0.660200,0.669500,1.329700,4.559372,41.541753,0.999733
person,person_0103.jpg,17888,10008,1.787370,44.051878,0.634200,0.684100,1.318300,4.429504,41.667252,0.999687
person,person_0104.jpg,14359,7640,1.879450,46.792952,0.831500,0.694300,1.525800,3.579229,42.592909,0.999785
person,person_0105.jpg,18933,10153,1.864769,46.374056,1.006500,0.666000,1.672500,4.817978,41.302156,0.999664
person,person_0106.jpg,17326,9579,1.808748,44.713148,0.664100,0.630200,1.294300,4.231618,41.865739,0.999738
person,person_0107.jpg,17013,9045,1.880929,46.834773,0.638100,0.713700,1.351800,4.499217,41.599434,0.999709
person,person_0108.jpg,17009,9231,1.842596,45.728732,0.661300,0.631600,1.292900,4.497798,41.600804,0.999681
person,person_0109.jpg,18857,10526,1.791469,44.179880,0.928700,0.927600,1.856300,5.287237,40.898516,0.999721
person,person_0110.jpg,14383,8085,1.778973,43.787805,0.635400,0.697300,1.332700,3.730906,42.412660,0.999699
person,person_0111.jpg,16096,8826,1.823703,45.166501,0.626300,0.637000,1.263300,4.275243,41.821195,0.999544
person,person_0112.jpg,10683,5821,1.835252,45.511560,0.615800,0.552100,1.167900,2.803701,43.653487,0.999711
person,person_0113.jpg,20231,10770,1.878459,46.764866,1.131400,0.759800,1.891200,5.720327,40.556595,0.999231
person,person_0114.jpg,16919,9366,1.806428,44.642118,0.764600,2.412300,3.176900,4.464600,41.632978,0.999765
person,person_0115.jpg,14924,8040,1.856219,46.127044,0.952600,0.586000,1.538600,3.623647,42.539345,0.999509
person,person_0116.jpg,19494,10617,1.836112,45.537088,0.639700,0.643100,1.282800,5.277130,40.906826,0.999720
person,person_0117.jpg,15412,8239,1.870615,46.541656,0.911700,0.621500,1.533200,3.470423,42.726979,0.999760
person,person_0118.jpg,14569,8020,1.816584,44.951610,1.267700,0.599000,1.866700,3.763316,42.375097,0.999618
person,person_0119.jpg,16125,9192,1.754243,42.995349,0.728300,0.635100,1.363400,4.036631,42.070613,0.999592
person,person_0120.jpg,15265,8733,1.747967,42.790698,0.640800,0.946400,1.587200,3.952372,42.162225,0.999670
person,person_0121.jpg,17264,9307,1.854948,46.090130,0.638800,0.617600,1.256400,4.353038,41.742880,0.999608
person,person_0122.jpg,15158,8622,1.758061,43.119145,1.403800,1.181500,2.585300,3.901138,42.218890,0.999697
person,person_0123.jpg,18601,10334,1.799981,44.443847,0.615600,0.686900,1.302500,4.708140,41.402310,0.999604
person,person_0124.jpg,14238,7706,1.847651,45.877230,0.882400,0.741200,1.623600,3.563548,42.611978,0.999789
person,person_0125.jpg,15139,8296,1.824855,45.201136,1.953200,1.169500,3.122700,3.672811,42.480818,0.999782
person,person_0126.jpg,18553,9806,1.892005,47.146014,0.606400,0.652200,1.258600,5.006755,41.135241,0.999675
person,person_0127.jpg,15335,8232,1.862852,46.318878,0.668500,0.644600,1.313100,3.879715,42.242805,0.999801
person,person_0128.jpg,17452,9407,1.855214,46.097868,0.857800,0.606600,1.464400,4.487315,41.610938,0.999678
person,person_0129.jpg,17621,9342,1.886213,46.983713,0.628400,1.208000,1.836400,4.988993,41.150674,0.999587
person,person_0130.jpg,20226,11575,1.747387,42.771680,0.666100,0.639000,1.305100,6.361059,40.095510,0.998840
person,person_0131.jpg,17119,9365,1.827977,45.294702,0.642800,0.868600,1.511400,4.114700,41.987422,0.999763
person,person_0132.jpg,14879,8937,1.664876,39.935480,0.721600,0.709500,1.431100,4.190150,41.908508,0.999721
person,person_0133.jpg,17943,10590,1.694334,40.979769,0.742700,0.656800,1.399500,5.235631,40.941113,0.999769
person,person_0134.jpg,14503,8202,1.768227,43.446184,1.061200,0.545400,1.606600,3.634247,42.526659,0.999698
person,person_0135.jpg,15276,8577,1.781042,43.853103,1.190100,0.591300,1.781400,3.661931,42.493702,0.999685
person,person_0136.jpg,16731,9250,1.808757,44.713406,0.652300,1.202100,1.854400,4.563883,41.537458,0.999718
person,person_0137.jpg,18558,10754,1.725683,42.051945,0.951100,0.819200,1.770300,4.884679,41.242443,0.999716
person,person_0138.jpg,19440,10660,1.823640,45.164609,0.798400,1.340200,2.138600,6.009995,40.342063,0.999680
person,person_0139.jpg,19364,10905,1.775699,43.684156,0.686300,0.644400,1.330700,5.236145,40.940687,0.999479
person,person_0140.jpg,16403,8741,1.876559,46.710968,0.609900,0.638200,1.248100,4.038717,42.068370,0.999766
person,person_0141.jpg,16343,8865,1.843542,45.756593,1.228300,1.128400,2.356700,4.123952,41.977667,0.999726
person,person_0142.jpg,15783,8670,1.820415,45.067478,0.611600,0.833200,1.444800,3.693970,42.455870,0.999787
person,person_0143.jpg,15253,8659,1.761520,43.230840,0.628600,0.866900,1.495500,3.876729,42.246149,0.999744
person,person_0144.jpg,16494,9032,1.826174,45.240694,0.621600,0.601400,1.223000,4.145910,41.954605,0.999748
person,person_0145.jpg,19383,10824,1.790743,44.157251,0.923500,0.610300,1.533800,4.874171,41.251796,0.999681
person,person_0146.jpg,14573,8016,1.817989,44.994167,0.876500,0.706700,1.583200,3.521327,42.663740,0.999777
person,person_0147.jpg,18545,9789,1.894473,47.214883,1.230500,0.620100,1.850600,4.800496,41.317942,0.999602
person,person_0148.jpg,14727,8025,1.835140,45.508250,0.635800,0.623300,1.259100,3.751907,42.388283,0.999819
person,person_0149.jpg,14772,8051,1.834803,45.498240,0.660400,0.606600,1.267000,3.748306,42.392453,0.999844
person,person_0150.jpg,14742,8081,1.824279,45.183829,0.650500,0.579700,1.230200,3.669342,42.484922,0.999472
person,person_0151.jpg,17526,9670,1.812410,44.824832,0.755200,0.729500,1.484700,4.479736,41.618279,0.999562
person,person_0152.jpg,16278,8961,1.816538,44.950240,0.669700,1.399000,2.068700,4.306137,41.789925,0.999767
person,person_0153.jpg,14559,8128,1.791216,44.171990,0.627300,0.593900,1.221200,3.527262,42.656426,0.999846
person,person_0154.jpg,15584,8636,1.804539,44.584189,1.069400,0.727800,1.797200,3.820455,42.309653,0.999773
person,person_0155.jpg,16521,9316,1.773401,43.611162,0.645400,0.637700,1.283100,4.203598,41.894592,0.999665
person,person_0156.jpg,14380,8054,1.785448,43.991655,0.753900,1.135800,1.889700,3.582362,42.589109,0.999625
person,person_0157.jpg,16343,9083,1.799295,44.422689,0.665600,0.832300,1.497900,4.136637,41.964329,0.999643
person,person_0158.jpg,15652,8765,1.785739,44.000767,0.810100,0.714900,1.525000,3.721476,42.423651,0.999649
person,person_0159.jpg,14194,7667,1.851311,45.984219,1.652500,2.031800,3.684300,3.286362,42.963650,0.999782
person,person_0160.jpg,16706,9211,1.813701,44.864121,0.946100,0.737100,1.683200,4.271917,41.824576,0.999454
person,person_0161.jpg,15536,8715,1.782674,43.904480,0.740200,0.756600,1.496800,3.942942,42.172599,0.999752
person,person_0162.jpg,16260,8475,1.918584,47.878229,0.771700,0.723900,1.495600,4.219325,41.878374,0.999758
person,person_0163.jpg,16782,8988,1.867156,46.442617,1.003200,0.764000,1.767200,4.092005,42.011442,0.999453
person,person_0164.jpg,16648,9068,1.835906,45.530995,0.971400,0.901800,1.873200,3.951096,42.163628,0.999612
person,person_0165.jpg,17105,9479,1.804515,44.583455,1.740900,2.253300,3.994200,4.476252,41.621658,0.999633
person,person_0166.jpg,14138,7849,1.801249,44.482954,0.866300,0.802900,1.669200,3.713369,42.433123,0.999508
person,person_0167.jpg,12382,6813,1.817408,44.976579,0.842800,0.637600,1.480400,3.119873,43.189434,0.999790
person,person_0168.jpg,15755,8339,1.889315,47.070771,0.868300,0.775700,1.644000,3.817800,42.312672,0.999493
person,person_0169.jpg,16974,9117,1.861797,46.288441,1.254100,1.232100,2.486200,4.453603,41.643688,0.999780
person,person_0170.jpg,16074,8728,1.841659,45.701132,0.735900,0.683800,1.419700,3.902685,42.217169,0.999805
person,person_0171.jpg,14386,8005,1.797127,44.355624,1.848100,0.755000,2.603100,3.691910,42.458293,0.999806
person,person_0172.jpg,12187,6819,1.787212,44.046935,0.890400,1.084300,1.974700,3.173131,43.115923,0.999735
person,person_0173.jpg,14636,7987,1.832478,45.429079,1.033900,0.622300,1.656200,3.586721,42.583828,0.999786
person,person_0174.jpg,16084,8818,1.823996,45.175330,1.069600,0.850400,1.920000,3.995214,42.115403,0.999769
person,person_0175.jpg,17485,9462,1.847918,45.885044,0.816800,0.734300,1.551100,4.438665,41.658280,0.999683
person,person_0176.jpg,17298,9415,1.837281,45.571742,1.661000,0.672900,2.333900,4.526337,41.573335,0.999715
person,person_0177.jpg,13709,7332,1.869749,46.516887,1.356600,1.301200,2.657800,3.375468,42.847464,0.999605
person,person_0178.jpg,15687,8461,1.854036,46.063620,0.735400,0.689000,1.424400,3.706726,42.440899,0.999660
person,person_0179.jpg,16860,9732,1.732429,42.277580,1.110100,0.751200,1.861300,4.470830,41.626922,0.999570
person,person_0180.jpg,18295,9798,1.867218,46.444384,0.775400,3.122600,3.898000,5.288340,40.897610,0.999192
person,person_0181.jpg,16989,9214,1.843825,45.764907,0.741800,3.508300,4.250100,4.195974,41.902476,0.999713
person,person_0182.jpg,15041,8321,1.807595,44.677880,0.686600,0.648500,1.335100,3.650808,42.506914,0.999827
person,person_0183.jpg,17384,9543,1.821649,45.104694,1.487200,0.701600,2.188800,4.914464,41.216042,0.999785
person,person_0184.jpg,15603,8223,1.897483,47.298596,0.692600,1.368200,2.060800,4.059163,42.046438,0.999703
person,person_0185.jpg,15480,8411,1.840447,45.665375,0.713000,0.729800,1.442800,3.900986,42.219060,0.999611
person,person_0186.jpg,19558,10415,1.877868,46.748134,0.872400,0.887000,1.759400,5.816025,40.484541,0.999486
person,person_0187.jpg,14797,8037,1.841110,45.684936,0.671400,0.792700,1.464100,3.612295,42.552972,0.999887
person,person_0188.jpg,16210,8913,1.818692,45.015423,1.392700,0.619900,2.012600,3.942764,42.172795,0.999701
person,person_0189.jpg,12742,7090,1.797179,44.357244,1.331800,1.330100,2.661900,3.481842,42.712713,0.999626
person,person_0190.jpg,18240,9728,1.875000,46.666667,1.504300,0.695800,2.200100,4.704686,41.405497,0.999723
person,person_0191.jpg,13689,7501,1.824957,45.204179,1.261600,1.789000,3.050600,3.395126,42.822244,0.999780
person,person_0192.jpg,17856,9987,1.787924,44.069220,1.257000,0.651000,1.908000,4.588837,41.513778,0.999682
person,person_0193.jpg,16373,8793,1.862049,46.295731,0.702500,0.620600,1.323100,4.041397,42.065488,0.999684
person,person_0194.jpg,18985,11070,1.714995,41.690809,0.852100,0.879100,1.731200,4.965561,41.171120,0.999692
person,person_0195.jpg,15112,8424,1.793922,44.256220,1.305000,1.252800,2.557800,3.767583,42.370175,0.999729
person,person_0196.jpg,14765,8210,1.798417,44.395530,0.659800,1.059900,1.719700,4.200012,41.898298,0.999717
person,person_0197.jpg,16430,8822,1.862389,46.305539,1.064800,0.630200,1.695000,4.408503,41.687892,0.999615
person,person_0198.jpg,16972,9370,1.811313,44.791421,1.165500,0.671700,1.837200,4.803828,41.314929,0.999649
person,person_0199.jpg,14998,8210,1.826797,45.259368,1.580800,0.652800,2.233600,3.612630,42.552569,0.999714
person,person_0200.jpg,16390,9404,1.742875,42.623551,9.560500,0.642400,10.202900,4.146144,41.954360,0.999799
person,person_0201.jpg,15460,9173,1.685381,40.666235,0.812600,0.805500,1.618100,4.063944,42.041326,0.999847
person,person_0202.jpg,16314,8831,1.847356,45.868579,0.681800,0.624400,1.306200,3.931427,42.185301,0.999724
person,person_0203.jpg,16217,9011,1.799689,44.434852,0.612400,0.607500,1.219900,3.876500,42.246405,0.999688
person,person_0204.jpg,18552,9949,1.864710,46.372359,0.751600,0.607000,1.358600,5.207092,40.964851,0.999651
person,person_0205.jpg,17399,9621,1.808440,44.703719,1.184300,0.642900,1.827200,4.446874,41.650255,0.999665
person,person_0206.jpg,17995,9941,1.810180,44.756877,0.636300,0.610000,1.246300,4.765752,41.349489,0.999647
person,person_0207.jpg,11802,6542,1.804035,44.568717,0.594900,0.735100,1.330000,2.674367,43.858593,0.999888
person,person_0208.jpg,14492,7862,1.843297,45.749379,0.633500,0.547300,1.180800,3.729080,42.414786,0.999818
person,person_0209.jpg,18169,9704,1.872321,46.590346,1.040600,0.671200,1.711800,4.441111,41.655887,0.999555
person,person_0210.jpg,16435,8937,1.838984,45.622148,1.321100,0.656200,1.977300,4.124766,41.976810,0.999729
person,person_0211.jpg,15551,8358,1.860613,46.254260,0.657800,0.576000,1.233800,3.680527,42.471704,0.999752
person,person_0212.jpg,17651,9765,1.807578,44.677355,1.060400,1.295300,2.355700,4.237620,41.859583,0.999730
person,person_0213.jpg,16298,8781,1.856053,46.122224,0.606500,0.638100,1.244600,4.058436,42.047217,0.999694
person,person_0214.jpg,17607,9698,1.815529,44.919634,0.683100,0.589300,1.272400,4.494090,41.604386,0.999567
person,person_0215.jpg,14367,7395,1.942799,48.527876,1.018700,0.684900,1.703600,3.129435,43.176144,0.999713
person,person_0216.jpg,15828,8524,1.856875,46.146070,0.826900,0.729400,1.556300,3.832072,42.296467,0.999528
person,person_0217.jpg,19681,10928,1.800970,44.474366,0.814800,0.600500,1.415300,5.355743,40.842606,0.999377
person,person_0218.jpg,15633,8506,1.837879,45.589458,0.813600,0.846300,1.659900,3.782054,42.353527,0.999690
person,person_0219.jpg,15271,8417,1.814304,44.882457,0.746400,0.578700,1.325100,3.775548,42.361003,0.999776
person,person_0220.jpg,15695,8662,1.811937,44.810449,0.613100,0.583900,1.197000,3.844691,42.282189,0.999744
person,person_0221.jpg,17204,9299,1.850091,45.948617,0.624100,0.623600,1.247700,4.397608,41.698638,0.999619
person,person_0222.jpg,15240,8515,1.789783,44.127297,0.648700,0.549600,1.198300,3.815582,42.315195,0.999629
person,person_0223.jpg,18100,9936,1.821659,45.104972,0.637600,0.673700,1.311300,4.783000,41.333800,0.999605
person,person_0224.jpg,18464,9989,1.848433,45.900130,0.665400,0.627900,1.293300,4.480540,41.617500,0.999613
person,person_0225.jpg,14766,8090,1.825216,45.211973,0.611900,0.550400,1.162300,3.522400,42.662417,0.999736
person,person_0226.jpg,17454,9862,1.769824,43.497193,0.715200,0.841900,1.557100,4.526108,41.573555,0.999742
person,person_0227.jpg,16906,9711,1.740912,42.558855,1.278100,0.877500,2.155600,4.551971,41.548808,0.999678
person,person_0228.jpg,14700,8010,1.835206,45.510204,0.835100,0.553600,1.388700,3.608129,42.557983,0.999760
person,person_0229.jpg,18843,10189,1.849347,45.926869,0.711900,0.596300,1.308200,4.967733,41.169221,0.999646
person,person_0230.jpg,16022,8770,1.826910,45.262764,0.799900,1.751000,2.550900,3.777715,42.358512,0.999707
person,person_0231.jpg,14731,8503,1.732447,42.278189,0.637000,0.559800,1.196800,3.743220,42.398350,0.999699
person,person_0232.jpg,18002,9626,1.870143,46.528164,0.711100,0.870600,1.581700,4.581980,41.520271,0.999575
person,person_0233.jpg,18853,10674,1.766254,43.383016,0.827800,0.621200,1.449000,5.100840,41.054386,0.999560
person,person_0234.jpg,15794,8706,1.814151,44.877802,0.587500,0.592900,1.180400,3.920263,42.197652,0.999776
person,person_0235.jpg,17658,9898,1.783997,43.946087,0.875600,1.594400,2.470000,4.500905,41.597805,0.999661
person,person_0236.jpg,15269,8271,1.846089,45.831423,0.685400,0.572900,1.258300,3.679209,42.473259,0.999700
person,person_0237.jpg,17218,9404,1.830923,45.382739,0.786800,0.541700,1.328500,4.445094,41.651994,0.999542
person,person_0238.jpg,17806,9702,1.835292,45.512749,0.600700,0.561400,1.162100,4.793259,41.324495,0.999599
person,person_0239.jpg,18350,10034,1.828782,45.318801,0.666300,0.680800,1.347100,4.598078,41.505040,0.999727
person,person_0240.jpg,16024,8660,1.850346,45.956066,0.681200,4.691100,5.372300,3.833328,42.295044,0.999446
person,person_0241.jpg,14968,8192,1.827148,45.269909,0.775800,0.569600,1.345400,3.565018,42.610187,0.999822
person,person_0242.jpg,16905,9281,1.821463,45.099083,0.592200,0.579400,1.171600,4.087463,42.016265,0.999809
person,person_0243.jpg,19082,10393,1.836043,45.535059,0.798200,0.780900,1.579100,4.945755,41.188478,0.999533
person,person_0244.jpg,15838,9108,1.738911,42.492739,1.085300,0.598600,1.683900,4.114731,41.987389,0.999478
person,person_0245.jpg,14408,7871,1.830517,45.370627,0.599300,1.151500,1.750800,3.517955,42.667901,0.999644
person,person_0246.jpg,17322,9546,1.814582,44.890890,0.830500,0.657100,1.487600,4.546931,41.553620,0.999623
person,person_0247.jpg,10492,5724,1.832984,45.444148,0.554600,0.603700,1.158300,2.399017,44.330470,0.999647
person,person_0248.jpg,16720,9698,1.724067,41.997608,0.638100,0.674700,1.312800,4.076564,42.027861,0.999757
person,person_0249.jpg,17490,9798,1.785058,43.979417,0.737900,0.789800,1.527700,4.496943,41.601630,0.999591
person,person_0250.jpg,15861,8787,1.805053,44.599962,0.708200,0.545400,1.253600,3.832148,42.296381,0.999754
person,person_0251.jpg,16774,9286,1.806375,44.640515,0.646400,0.600400,1.246800,4.282140,41.814195,0.999545
person,person_0252.jpg,20835,11735,1.775458,43.676506,0.594500,0.789600,1.384100,5.681040,40.586525,0.999524
person,person_0253.jpg,15531,8424,1.843661,45.760093,0.679100,0.550900,1.230000,3.866206,42.257954,0.999721
person,person_0254.jpg,16523,8995,1.836909,45.560734,1.310200,1.087400,2.397600,4.147380,41.953066,0.999817
person,person_0255.jpg,14580,7771,1.876206,46.700960,0.725800,0.643500,1.369300,3.611145,42.554354,0.999536
person,person_0256.jpg,17129,9358,1.830412,45.367505,0.598400,0.850700,1.449100,4.105906,41.996713,0.999692
person,person_0257.jpg,17392,9602,1.811289,44.790708,0.631500,0.591300,1.222800,4.388362,41.707780,0.999739
person,person_0258.jpg,16462,9341,1.762338,43.257198,0.602500,0.566700,1.169200,4.444784,41.652297,0.999494
person,person_0259.jpg,15261,8484,1.798798,44.407313,0.594500,0.566700,1.161200,4.022446,42.085902,0.999777
person,person_0260.jpg,18257,10023,1.821511,45.100509,0.644200,0.637100,1.281300,4.357539,41.738391,0.999575
person,person_0261.jpg,16653,9209,1.808340,44.700655,0.645500,0.797500,1.443000,3.987254,42.124065,0.999807
person,person_0262.jpg,14818,8201,1.806853,44.655149,0.885700,1.511700,2.397400,3.290029,42.958806,0.999846
person,person_0263.jpg,17682,9911,1.784078,43.948648,0.653700,1.117800,1.771500,4.396800,41.699437,0.999715
person,person_0264.jpg,17175,9516,1.804855,44.593886,0.663400,0.591500,1.254900,4.394735,41.701477,0.999760
person,person_0265.jpg,13590,7401,1.836238,45.540839,1.150100,0.700400,1.850500,3.233017,43.034724,0.999825
person,person_0266.jpg,17128,9223,1.857096,46.152499,0.641800,0.591600,1.233400,4.271561,41.824938,0.999620
person,person_0267.jpg,17012,9254,1.838340,45.603104,0.643100,0.704400,1.347500,4.131561,41.969662,0.999713
person,person_0268.jpg,15901,8897,1.787232,44.047544,0.631700,0.800700,1.432400,3.656326,42.500354,0.999784
person,person_0269.jpg,19537,10688,1.827938,45.293546,1.319000,0.630600,1.949600,4.728083,41.383952,0.999729
person,person_0270.jpg,16736,9308,1.798023,44.383365,0.775700,0.665300,1.441000,3.981008,42.130873,0.999815
person,person_0271.jpg,16017,8819,1.816192,44.939752,0.723100,0.582600,1.305700,4.110296,41.992073,0.999676
person,person_0272.jpg,16506,8987,1.836653,45.553132,1.010200,0.611100,1.621300,4.103490,41.999270,0.999711
person,person_0273.jpg,18010,10356,1.739088,42.498612,1.030200,0.904600,1.934800,4.563171,41.538136,0.999568
person,person_0274.jpg,16598,8920,1.860762,46.258585,0.654400,0.612000,1.266400,4.643992,41.461889,0.999543
person,person_0275.jpg,17541,9700,1.808351,44.700986,0.649500,0.603900,1.253400,4.445216,41.651875,0.999783
person,person_0276.jpg,13974,7346,1.902260,47.430943,0.678900,0.966500,1.645400,3.248520,43.013948,0.999604
person,person_0277.jpg,17856,9917,1.800545,44.461246,0.681300,0.636500,1.317800,4.497615,41.600981,0.999672
person,person_0278.jpg,18349,9757,1.880599,46.825440,0.645700,0.599700,1.245400,4.972855,41.164746,0.999702
person,person_0279.jpg,14952,8262,1.809731,44.743178,0.619000,0.574100,1.193100,3.847697,42.278795,0.999796
person,person_0280.jpg,15644,8447,1.852018,46.004858,1.034600,0.597700,1.632300,3.769119,42.368405,0.999624
person,person_0281.jpg,16014,8858,1.807857,44.685900,0.684700,0.598300,1.283000,3.803899,42.328514,0.999731
person,person_0282.jpg,15203,8294,1.833012,45.444978,0.635100,0.600000,1.235100,3.926376,42.190884,0.999577
person,person_0283.jpg,15074,8234,1.830702,45.376144,0.603600,0.805500,1.409100,3.625056,42.537656,0.999763
person,person_0284.jpg,18355,9786,1.875639,46.684827,0.635800,0.644100,1.279900,4.719788,41.391579,0.999703
person,person_0285.jpg,14132,7770,1.818790,45.018398,0.834300,0.558900,1.393200,3.217158,43.056080,0.999841
person,person_0286.jpg,15927,8713,1.827958,45.294155,0.613900,0.600400,1.214300,3.937200,42.178929,0.999725
person,person_0287.jpg,15078,8455,1.783323,43.924924,1.091600,0.677200,1.768800,3.645615,42.513096,0.999770
person,person_0288.jpg,15597,8689,1.795028,44.290569,0.785900,0.722300,1.508200,3.768580,42.369026,0.999701
person,person_0289.jpg,16544,8862,1.866847,46.433752,0.963200,0.575900,1.539100,4.513560,41.585611,0.999741
person,person_0290.jpg,16412,8929,1.838056,45.594687,0.801100,0.589200,1.390300,3.998820,42.111485,0.999727
person,person_0291.jpg,15173,8375,1.811701,44.803269,0.648700,0.647800,1.296500,3.655604,42.501212,0.999695
person,person_0292.jpg,14162,7564,1.872290,46.589465,1.114100,1.032500,2.146600,3.609975,42.555761,0.999819
person,person_0293.jpg,12890,7020,1.836182,45.539178,1.269800,0.551100,1.820900,3.270523,42.984631,0.999790
person,person_0294.jpg,13672,7429,1.840355,45.662668,1.302700,0.693200,1.995900,3.339213,42.894362,0.999712
person,person_0295.jpg,16274,8850,1.838870,45.618778,0.754500,0.715200,1.469700,4.423243,41.673395,0.999733
person,person_0296.jpg,15159,8367,1.811760,44.805066,1.369200,0.573300,1.942500,3.705607,42.442210,0.999744
person,person_0297.jpg,13227,7189,1.839894,45.649051,0.609600,0.594300,1.203900,3.373764,42.849657,0.999780
person,person_0298.jpg,19142,10064,1.902027,47.424512,0.860800,0.659400,1.520200,5.588832,40.657593,0.999433
person,person_0299.jpg,15237,8319,1.831590,45.402638,0.607000,0.558200,1.165200,3.502345,42.687215,0.999791
person,person_0300.jpg,12082,6650,1.816842,44.959444,0.678500,0.983400,1.661900,3.004893,43.352514,0.999794
person,person_0301.jpg,15058,8325,1.808769,44.713773,1.151500,0.593700,1.745200,3.847621,42.278881,0.999782
person,person_0302.jpg,17422,9747,1.787422,44.053496,0.594700,0.636800,1.231500,4.516301,41.582974,0.999623
person,person_0303.jpg,15789,8961,1.761969,43.245297,0.699700,0.638400,1.338100,3.971161,42.141629,0.999594
person,person_0304.jpg,16411,9615,1.706812,41.411249,0.633000,0.831800,1.464800,4.326538,41.769398,0.999804
person,person_0305.jpg,15292,8917,1.714927,41.688465,0.583700,1.650000,2.233700,3.929194,42.187769,0.999696
person,person_0306.jpg,16445,8942,1.839074,45.624810,0.864100,1.370800,2.234900,4.150447,41.949855,0.999681
person,person_0307.jpg,15383,8754,1.757254,43.093025,1.079900,0.875200,1.955100,3.601858,42.565538,0.999624
person,person_0308.jpg,17692,9438,1.874550,46.653855,0.656500,0.645400,1.301900,4.743790,41.369549,0.999569
person,person_0309.jpg,16793,9461,1.774971,43.661049,2.464300,0.598100,3.062400,4.668381,41.439141,0.999776
person,person_0310.jpg,17016,9533,1.784958,43.976258,0.658400,0.645600,1.304000,4.198135,41.900239,0.999791
person,person_0311.jpg,19221,11006,1.746411,42.739712,0.661700,0.661100,1.322800,5.013672,41.129245,0.999694
person,person_0312.jpg,12919,7171,1.801562,44.492608,0.647400,0.580600,1.228000,3.092611,43.227551,0.999812
person,person_0313.jpg,16661,8850,1.882599,46.881940,0.694100,0.632200,1.326300,3.965627,42.147685,0.999653
person,person_0314.jpg,16658,9086,1.833370,45.455637,1.291100,1.032300,2.323400,4.331762,41.764158,0.999672
person,person_0315.jpg,16445,8990,1.829255,45.332928,0.674200,0.644800,1.319000,4.124013,41.977603,0.999580
person,person_0316.jpg,15193,8479,1.791839,44.191404,1.441000,0.626800,2.067800,3.850825,42.275266,0.999464
person,person_0317.jpg,15536,8807,1.764051,43.312307,0.661600,0.676700,1.338300,3.887853,42.233705,0.999722
person,person_0318.jpg,17984,9470,1.899050,47.342082,0.740100,0.867300,1.607400,4.360723,41.735219,0.999735
person,person_0319.jpg,15711,9019,1.741989,42.594361,1.039800,0.848600,1.888400,3.775558,42.360992,0.999642
person,person_0320.jpg,17522,9594,1.826350,45.245976,0.684800,0.970000,1.654800,4.287659,41.808602,0.999607
person,person_0321.jpg,17460,9796,1.782360,43.894616,1.325000,0.726200,2.051200,4.478531,41.619448,0.999748
person,person_0322.jpg,14657,7896,1.856256,46.128130,1.279400,0.578500,1.857900,3.745214,42.396037,0.999852
person,person_0323.jpg,15722,8474,1.855322,46.101005,0.673900,0.700500,1.374400,3.768743,42.368839,0.999634
person,person_0324.jpg,14769,8087,1.826264,45.243415,1.811400,0.791400,2.602800,3.732564,42.410731,0.999805
person,person_0325.jpg,18365,9894,1.856175,46.125783,0.715600,0.652600,1.368200,4.606511,41.497082,0.999799
person,person_0326.jpg,16974,9398,1.806129,44.632968,0.661600,1.407300,2.068900,4.416840,41.679687,0.999608
person,person_0327.jpg,14245,8048,1.770005,43.502984,0.936000,0.626100,1.562100,3.830643,42.298087,0.999744
person,person_0328.jpg,22266,12383,1.798110,44.386059,1.007700,1.435400,2.443100,6.231043,40.185196,0.999602
person,person_0329.jpg,18716,10359,1.806738,44.651635,0.980500,1.737800,2.718300,5.223114,40.951509,0.999466
person,person_0330.jpg,17273,9276,1.862117,46.297690,1.092300,1.434700,2.527000,4.222972,41.874622,0.999748
person,person_0331.jpg,16948,9264,1.829447,45.338683,0.695600,0.982400,1.678000,4.056005,42.049819,0.999769
person,person_0332.jpg,13911,7808,1.781634,43.871756,1.000700,1.017400,2.018100,3.315114,42.925818,0.999805
person,person_0333.jpg,14729,7839,1.878939,46.778464,0.533900,0.583800,1.117700,3.743047,42.398551,0.999682
person,person_0334.jpg,17287,9401,1.838847,45.618095,1.191400,0.590200,1.781600,4.480535,41.617505,0.999666
person,person_0335.jpg,15558,8378,1.857006,46.149891,1.052600,0.550300,1.602900,3.685471,42.465874,0.999755
person,person_0336.jpg,21419,11394,1.879849,46.804239,0.649300,0.773300,1.422600,6.154175,40.239105,0.999443
person,person_0337.jpg,19139,10141,1.887289,47.013951,0.632100,0.725900,1.358000,4.986649,41.152716,0.999660
person,person_0338.jpg,18090,9934,1.821019,45.085683,0.833500,0.800600,1.634100,4.815974,41.303962,0.999625
person,person_0339.jpg,17824,9967,1.788301,44.081014,0.656000,0.635900,1.291900,4.591268,41.511477,0.999732
person,person_0340.jpg,19100,10776,1.772457,43.581152,0.710700,0.675100,1.385800,5.339747,40.855597,0.999409
person,person_0341.jpg,19425,10487,1.852293,46.012870,0.913200,0.667600,1.580800,5.098948,41.055998,0.999698
person,person_0342.jpg,14971,8181,1.829972,45.354352,0.639500,0.878700,1.518200,3.553340,42.624436,0.999696
person,person_0343.jpg,14148,7762,1.822726,45.137122,1.190100,0.597300,1.787400,3.520137,42.665209,0.999572
person,person_0344.jpg,16612,8968,1.852364,46.014929,2.254800,0.819400,3.074200,4.020559,42.087940,0.999684
person,person_0345.jpg,18747,10511,1.783560,43.932363,0.804500,0.603400,1.407900,5.048167,41.099467,0.999623
person,person_0346.jpg,16151,8992,1.796152,44.325429,1.001100,1.183200,2.184300,3.952031,42.162600,0.999679
person,person_0347.jpg,17321,9421,1.838552,45.609376,1.706400,0.658600,2.365000,4.217316,41.880443,0.999434
person,person_0348.jpg,15832,8501,1.862369,46.304952,1.037400,0.686300,1.723700,3.724355,42.420293,0.999185
person,person_0349.jpg,16861,9288,1.815353,44.914299,0.611100,0.623600,1.234700,4.274933,41.821511,0.999676
person,person_0350.jpg,16283,8528,1.909357,47.626359,1.168000,0.898000,2.066000,3.936452,42.179754,0.999810
person,person_0351.jpg,18078,10095,1.790788,44.158646,1.190400,0.759100,1.949500,5.096954,41.057696,0.999780
person,person_0352.jpg,15679,8771,1.787595,44.058932,0.755400,0.624800,1.380200,4.084630,42.019276,0.999650
person,person_0353.jpg,17405,9783,1.779107,43.792014,1.310200,0.653300,1.963500,4.495829,41.602706,0.999766
person,person_0354.jpg,17807,10365,1.717993,41.792553,0.692500,0.672200,1.364700,4.488022,41.610254,0.999675
person,person_0355.jpg,20892,11433,1.827342,45.275704,0.719300,0.705700,1.425000,5.439901,40.774894,0.999390
person,person_0356.jpg,14141,7623,1.855044,46.092921,0.695500,0.599900,1.295400,3.502711,42.686761,0.999714
person,person_0357.jpg,17051,9080,1.877863,46.747991,0.704200,4.421700,5.125900,4.275350,41.821087,0.999582
person,person_0358.jpg,17626,9358,1.883522,46.907977,0.661100,0.632200,1.293300,4.585073,41.517341,0.999515
person,person_0359.jpg,18439,9890,1.864408,46.363686,1.320400,0.627400,1.947800,5.010173,41.132277,0.999636
person,person_0360.jpg,17502,9901,1.767700,43.429322,0.688500,0.728900,1.417400,4.471578,41.626196,0.999584
person,person_0361.jpg,15487,8210,1.886358,46.987796,0.808300,0.606500,1.414800,3.422292,42.787633,0.999794
person,person_0362.jpg,17083,9584,1.782450,43.897442,1.017000,0.814500,1.831500,4.039134,42.067921,0.999689
person,person_0363.jpg,18379,10146,1.811453,44.795691,0.899400,0.784100,1.683500,4.522975,41.576562,0.999709
person,person_0364.jpg,19351,10731,1.803280,44.545502,0.780800,0.709100,1.489900,5.065725,41.084388,0.999552
person,person_0365.jpg,17502,9289,1.884164,46.926066,0.876900,0.650400,1.527300,4.184921,41.913931,0.999743
person,person_0366.jpg,16951,9115,1.859682,46.227361,0.874900,0.620100,1.495000,4.332855,41.763062,0.999702
person,person_0367.jpg,16651,9143,1.821175,45.090385,0.668900,1.010300,1.679200,4.163284,41.936443,0.999748
person,person_0368.jpg,17452,9793,1.782089,43.886088,1.409000,0.649200,2.058200,4.573837,41.527997,0.999731
person,person_0369.jpg,16663,9646,1.727452,42.111264,1.182100,0.658200,1.840300,4.550710,41.550012,0.999730
person,person_0370.jpg,14408,7964,1.809141,44.725153,0.626200,1.124500,1.750700,3.552602,42.625338,0.999497
person,person_0371.jpg,15273,8375,1.823642,45.164670,0.461300,0.499500,0.960800,3.716654,42.429282,0.999682
person,person_0372.jpg,16489,8894,1.853946,46.061010,0.689900,0.621500,1.311400,4.346695,41.749212,0.999796
person,person_0373.jpg,18575,10215,1.818404,45.006729,0.846900,0.669400,1.516300,4.682826,41.425724,0.999776
person,person_0374.jpg,18767,10007,1.875387,46.677679,0.854800,0.621700,1.476500,5.090754,41.062982,0.999708
person,person_0375.jpg,17110,9361,1.827796,45.289305,1.461300,0.663000,2.124300,4.663427,41.443752,0.999773
person,person_0376.jpg,16476,9055,1.819547,45.041272,0.869500,0.645400,1.514900,4.160802,41.939033,0.999726
person,person_0377.jpg,16541,8949,1.848363,45.898071,0.759300,0.809300,1.568600,4.147771,41.952656,0.999702
person,person_0378.jpg,16064,8669,1.853040,46.034612,0.768500,1.268800,2.037300,4.635300,41.470025,0.999347
person,person_0379.jpg,16203,8662,1.870584,46.540764,0.665900,0.854100,1.520000,4.066472,42.038625,0.999818
person,person_0380.jpg,17121,9479,1.806203,44.635243,0.664000,0.568800,1.232800,4.276545,41.819873,0.999546
person,person_0381.jpg,15421,8363,1.843956,45.768757,0.633000,0.926800,1.559800,4.048370,42.058001,0.999801
person,person_0382.jpg,15699,8615,1.822287,45.123893,0.587700,0.564600,1.152300,3.698980,42.449984,0.999754
person,person_0383.jpg,15468,8662,1.785731,44.000517,0.804700,0.678500,1.483200,3.729187,42.414662,0.999634
person,person_0384.jpg,15329,8295,1.847981,45.886881,1.257000,0.608100,1.865100,3.750453,42.389967,0.999521
person,person_0385.jpg,15340,8438,1.817966,44.993481,0.607300,0.946200,1.553500,3.795649,42.337943,0.999653
person,person_0386.jpg,16547,9379,1.764261,43.319031,0.767100,0.672300,1.439400,4.060389,42.045127,0.999725
person,person_0387.jpg,17428,9633,1.809198,44.726876,0.793500,0.639000,1.432500,4.569855,41.531780,0.999752
person,person_0388.jpg,17056,9401,1.814275,44.881567,0.898700,0.782300,1.681000,4.391230,41.704941,0.999763
person,person_0389.jpg,14572,7948,1.833417,45.457041,0.658300,0.599700,1.258000,3.476364,42.719551,0.999840
person,person_0390.jpg,16075,8722,1.843041,45.741835,0.820000,0.619500,1.439500,3.887243,42.234387,0.999814
person,person_0391.jpg,15849,8532,1.857595,46.166951,0.909800,0.695900,1.605700,3.974223,42.138281,0.999830
person,person_0392.jpg,13365,7558,1.768325,43.449308,0.659000,1.834000,2.493000,3.262507,42.995289,0.999856
person,person_0393.jpg,15375,8284,1.855987,46.120325,0.621700,1.026000,1.647700,3.707748,42.439701,0.999861
person,person_0394.jpg,17690,9687,1.826159,45.240249,0.662000,0.722300,1.384300,4.450302,41.646909,0.999623
person,person_0395.jpg,17625,9481,1.858981,46.207092,1.326800,0.958000,2.284800,4.406443,41.689922,0.999663
person,person_0396.jpg,15614,8684,1.798019,44.383246,0.699200,1.183200,1.882400,4.111308,41.991004,0.999734
person,person_0397.jpg,16510,9107,1.812891,44.839491,1.300900,0.616100,1.917000,3.924510,42.192950,0.999766
person,person_0398.jpg,15994,8705,1.837335,45.573340,0.730100,0.615700,1.345800,4.019094,42.089522,0.999745
person,person_0399.jpg,15701,8546,1.837234,45.570346,0.653800,0.642000,1.295800,3.999995,42.110209,0.999761
person,person_0400.jpg,16661,9184,1.814133,44.877258,0.739100,1.996600,2.735700,3.995514,42.115077,0.999501
person,person_0401.jpg,15419,8298,1.858159,46.183280,0.643900,1.023000,1.666900,4.099955,42.003012,0.999876
person,person_0402.jpg,14397,7772,1.852419,46.016531,0.749400,0.680000,1.429400,3.694682,42.455033,0.999740
person,person_0403.jpg,17386,9368,1.855892,46.117566,0.653500,0.618200,1.271700,4.702271,41.407728,0.999679
person,person_0404.jpg,17660,10004,1.765294,43.352208,2.806500,0.791600,3.598100,4.538691,41.561497,0.999756
person,person_0405.jpg,17060,9462,1.803001,44.536928,0.773800,1.794600,2.568400,4.288030,41.808225,0.999746
person,person_0406.jpg,15653,8425,1.857923,46.176452,1.027500,0.743100,1.770600,3.860265,42.264632,0.999756
person,person_0407.jpg,15801,8813,1.792920,44.225049,0.741300,4.908900,5.650200,3.893199,42.227738,0.999694
person,person_0408.jpg,13254,7307,1.813877,44.869473,0.747600,1.228500,1.976100,3.334488,42.900512,0.999811
person,person_0409.jpg,17740,9832,1.804312,44.577227,1.984300,1.251100,3.235400,4.629995,41.474999,0.999448
person,person_0410.jpg,17660,9328,1.893225,47.180068,0.792300,0.730200,1.522500,4.832820,41.288798,0.999696
person,person_0411.jpg,19498,10784,1.808049,44.691763,1.226400,0.730800,1.957200,5.082845,41.069735,0.999697
person,person_0412.jpg,16578,9278,1.786808,44.034262,0.708800,0.721200,1.430000,4.574778,41.527103,0.999703
person,person_0413.jpg,17322,9320,1.858584,46.195589,1.146400,0.862000,2.008400,4.798945,41.319346,0.999724
person,person_0414.jpg,17230,9591,1.796476,44.335461,0.894000,0.802000,1.696000,4.385529,41.710584,0.999557
person,person_0415.jpg,18507,9821,1.884431,46.933593,0.741900,0.721800,1.463700,5.152395,41.010712,0.999455
person,person_0416.jpg,17214,9033,1.905679,47.525270,0.657400,0.679900,1.337300,4.256449,41.840329,0.999612
person,person_0417.jpg,16538,8978,1.842058,45.712904,1.425000,0.738400,2.163400,4.135701,41.965312,0.999555
person,person_0418.jpg,17944,10455,1.716308,41.735399,1.402600,1.752100,3.154700,4.816971,41.303063,0.999650
person,person_0419.jpg,15166,8722,1.738821,42.489780,0.928700,0.867500,1.796200,3.746292,42.394787,0.999712
person,person_0420.jpg,17652,9738,1.812693,44.833447,0.832400,0.759800,1.592200,4.590876,41.511848,0.999494
person,person_0421.jpg,14874,7906,1.881356,46.846847,0.748300,0.642100,1.390400,3.647573,42.510764,0.999357
person,person_0422.jpg,19314,10451,1.848053,45.888992,0.834300,0.978000,1.812300,5.000809,41.140401,0.999681
person,person_0423.jpg,15262,8215,1.857821,46.173503,0.704800,0.819900,1.524700,3.684240,42.467325,0.999718
person,person_0424.jpg,18428,10425,1.767674,43.428478,0.738000,0.721000,1.459000,4.965780,41.170929,0.999461
person,person_0425.jpg,17158,9514,1.803448,44.550647,0.755600,1.003600,1.759200,4.311818,41.784199,0.999748
person,person_0426.jpg,17887,9461,1.890604,47.106837,0.684800,0.735400,1.420200,4.341232,41.754673,0.999699
person,person_0427.jpg,15981,8841,1.807601,44.678055,1.517400,0.840400,2.357800,3.786804,42.348075,0.999837
person,person_0428.jpg,15514,8422,1.842080,45.713549,0.925700,0.973400,1.899100,3.830190,42.298600,0.999234
person,person_0429.jpg,16139,8989,1.795417,44.302621,0.723900,0.695900,1.419800,3.990285,42.120764,0.999819
person,person_0430.jpg,16887,9546,1.769013,43.471309,3.749200,0.667100,4.416300,4.051793,42.054331,0.999809
person,person_0431.jpg,14280,7901,1.807366,44.670868,0.997700,1.557300,2.555000,3.843770,42.283229,0.999551
person,person_0432.jpg,16381,9398,1.743030,42.628655,1.103100,1.126900,2.230000,4.042119,42.064712,0.999611
person,person_0433.jpg,14834,8508,1.743535,42.645274,0.700700,0.978100,1.678800,3.884918,42.236985,0.999762
person,person_0434.jpg,16847,9482,1.776735,43.716982,0.707400,1.094500,1.801900,4.161702,41.938093,0.999478
person,person_0435.jpg,16951,9558,1.773488,43.613946,2.029700,0.766300,2.796000,4.214437,41.883408,0.999704
person,person_0436.jpg,15088,8150,1.851288,45.983563,0.444400,0.617600,1.062000,3.929677,42.187235,0.999438
person,person_0437.jpg,15249,8241,1.850382,45.957112,1.110800,0.656000,1.766800,3.700821,42.447823,0.999814
person,person_0438.jpg,15675,8200,1.911585,47.687400,0.680300,0.637100,1.317400,3.769648,42.367795,0.999733
person,person_0439.jpg,16209,8763,1.849709,45.937442,0.798400,0.593900,1.392300,3.955526,42.158761,0.999606
person,person_0440.jpg,16506,9154,1.803146,44.541379,1.135700,1.431200,2.566900,4.024989,42.083157,0.999768
person,person_0441.jpg,15905,8686,1.831108,45.388243,0.710000,0.777000,1.487000,3.793818,42.340039,0.999741
person,person_0442.jpg,16114,8891,1.812395,44.824376,0.639300,0.822300,1.461600,3.921951,42.195782,0.999711
person,person_0443.jpg,17336,9575,1.810548,44.768113,1.107600,0.645800,1.753400,4.213628,41.884242,0.999663
person,person_0444.jpg,16371,9194,1.780618,43.839717,0.631000,0.648300,1.279300,4.326070,41.769868,0.999668
person,person_0445.jpg,19805,10981,1.803570,44.554405,0.690400,3.663900,4.354300,5.098816,41.056110,0.999615
person,person_0446.jpg,15446,8209,1.881593,46.853554,0.661300,0.637800,1.299100,3.738973,42.403280,0.999457
person,person_0447.jpg,16855,9545,1.765846,43.369920,1.485200,0.665600,2.150800,4.315460,41.780532,0.999710
person,person_0448.jpg,16236,9128,1.778703,43.779256,0.695100,0.671000,1.366100,4.056737,42.049035,0.999645
person,person_0449.jpg,15498,8922,1.737054,42.431281,0.665100,1.621600,2.286700,4.252080,41.844789,0.999703
person,person_0450.jpg,18581,10040,1.850697,45.966310,0.688700,1.012300,1.701000,4.583664,41.518676,0.999707
person,person_0451.jpg,17729,9901,1.790627,44.153647,0.621300,0.649800,1.271100,4.377589,41.718454,0.999661
person,person_0452.jpg,16594,9371,1.770782,43.527781,0.715200,0.746900,1.462100,4.028081,42.079821,0.999687
person,person_0453.jpg,18914,10443,1.811165,44.786930,0.675500,1.092100,1.767600,4.676264,41.431813,0.999526
person,person_0454.jpg,16315,9255,1.762831,43.273062,0.706200,0.774500,1.480700,4.343307,41.752598,0.999527
person,person_0455.jpg,15580,8445,1.844879,45.795892,0.576100,0.710200,1.286300,4.025121,42.083014,0.999694
person,person_0456.jpg,17723,10165,1.743532,42.645150,1.361300,0.685000,2.046300,4.617218,41.487000,0.999513
person,person_0457.jpg,17248,10248,1.683060,40.584416,1.185000,0.636000,1.821000,4.547104,41.553455,0.999552
person,person_0458.jpg,12464,6904,1.805330,44.608472,1.040900,0.689700,1.730600,3.460327,42.739632,0.999485
person,person_0459.jpg,18172,9816,1.851263,45.982831,2.387600,0.601400,2.989000,4.406275,41.690087,0.999737
person,person_0460.jpg,15647,8766,1.784965,43.976481,0.878600,0.649900,1.528500,3.816935,42.313656,0.999704
person,person_0461.jpg,15057,8488,1.773916,43.627549,0.619600,0.555400,1.175000,4.004272,42.105567,0.999693
person,person_0462.jpg,12889,7040,1.830824,45.379781,0.600500,0.536200,1.136700,3.196681,43.083811,0.999710
person,person_0463.jpg,16440,9046,1.817378,44.975669,0.530500,0.568400,1.098900,4.189804,41.908866,0.999584
person,person_0464.jpg,14684,8002,1.835041,45.505312,0.755300,1.219800,1.975100,3.496323,42.694689,0.999822
person,person_0465.jpg,19142,10498,1.823395,45.157246,0.645400,0.753900,1.399300,5.553095,40.685452,0.999573
person,person_0466.jpg,19728,10687,1.845981,45.828264,1.472800,0.587300,2.060100,5.163732,41.001167,0.999551
person,person_0467.jpg,18852,10387,1.814961,44.902398,0.608800,0.851100,1.459900,5.340190,40.855237,0.999678
person,person_0468.jpg,14748,7949,1.855328,46.101166,0.642900,0.583900,1.226800,3.668284,42.486174,0.999682
person,person_0469.jpg,15889,8479,1.873924,46.636038,0.844800,0.784700,1.629500,4.015818,42.093063,0.999640
person,person_0470.jpg,18460,9964,1.852670,46.023835,0.612100,0.591600,1.203700,4.631892,41.473219,0.999588
person,person_0471.jpg,16434,8997,1.826609,45.253742,0.565900,0.553900,1.119800,3.936162,42.180074,0.999753
person,person_0472.jpg,16652,8941,1.862431,46.306750,0.564000,0.583900,1.147900,4.291514,41.804698,0.999610
person,person_0473.jpg,16012,8835,1.812337,44.822633,0.729000,0.532300,1.261300,3.791423,42.342782,0.999799
person,person_0474.jpg,17369,9413,1.845214,45.805746,1.028300,0.672300,1.700600,4.399185,41.697081,0.999716
person,person_0475.jpg,17201,9445,1.821175,45.090402,0.593000,0.741500,1.334500,4.422073,41.674544,0.999827
person,person_0476.jpg,16076,8609,1.867348,46.448121,0.631100,0.827300,1.458400,3.870890,42.252695,0.999812
person,person_0477.jpg,16839,9672,1.741005,42.561910,0.875200,1.181900,2.057100,4.357147,41.738781,0.999664
person,person_0478.jpg,16366,9007,1.817031,44.965172,0.655800,0.589700,1.245500,3.995651,42.114928,0.999741
person,person_0479.jpg,14198,7706,1.842460,45.724750,0.614400,0.584000,1.198400,3.750443,42.389978,0.999583
person,person_0480.jpg,16537,9233,1.791075,44.167624,0.703700,1.402200,2.105900,4.145198,41.955351,0.999682
person,person_0481.jpg,16705,9157,1.824287,45.184077,0.985800,0.588500,1.574300,3.994512,42.116166,0.999726
person,person_0482.jpg,17758,10327,1.719570,41.845929,0.651500,0.886200,1.537700,4.377126,41.718913,0.999636
person,person_0483.jpg,17756,9604,1.848813,45.911241,0.647000,0.622200,1.269200,4.492996,41.605443,0.999674
person,person_0484.jpg,17910,9645,1.856921,46.147404,0.907700,0.698700,1.606400,4.843796,41.278945,0.999839
person,person_0485.jpg,15701,8415,1.865835,46.404688,0.665000,0.540300,1.205300,3.650548,42.507223,0.999800
person,person_0486.jpg,15414,8123,1.897575,47.301155,0.964400,0.815700,1.780100,3.786026,42.348968,0.999611
person,person_0487.jpg,15242,8140,1.872482,46.594935,0.644000,0.552500,1.196500,3.727280,42.416884,0.999749
person,person_0488.jpg,14263,7881,1.809796,44.745145,0.697000,0.566500,1.263500,3.539892,42.640904,0.999820
person,person_0489.jpg,16945,9129,1.856173,46.125701,0.715700,0.588000,1.303700,4.063990,42.041277,0.999804
person,person_0490.jpg,14321,7651,1.871781,46.574960,0.595300,0.697300,1.292600,3.661341,42.494401,0.999780
person,person_0491.jpg,18993,10336,1.837558,45.579951,0.842100,0.564100,1.406200,4.975210,41.162690,0.999781
person,person_0492.jpg,13123,7119,1.843377,45.751734,0.618600,1.340200,1.958800,3.112157,43.200188,0.999772
person,person_0493.jpg,17402,9347,1.861774,46.287783,0.636100,0.596300,1.232400,4.348333,41.747576,0.999735
person,person_0494.jpg,13535,7400,1.829054,45.326930,0.579400,0.573800,1.153200,3.554749,42.622715,0.999463
person,person_0495.jpg,16575,9423,1.758994,43.149321,0.737900,0.853700,1.591600,4.034037,42.073405,0.999690
person,person_0496.jpg,18983,10624,1.786803,44.034136,0.643400,0.597100,1.240500,5.139287,41.021775,0.999642
person,person_0497.jpg,15879,8772,1.810192,44.757227,0.749400,0.605500,1.354900,3.961146,42.152595,0.999777
person,person_0498.jpg,15784,8899,1.773682,43.620122,0.980100,0.595600,1.575700,4.134460,41.966615,0.999673
person,person_0499.jpg,16595,9241,1.795801,44.314553,1.466600,0.728700,2.195300,4.300105,41.796013,0.999636

OVERALL,4000,110379960,52894449,2.086797,52.079663,3587.201300,3485.264800,7072.466100,21.491590,35.996324,0.997307
