Class,Image,Original_Size_Bytes,Compressed_Size_Bytes,Compression_Ratio,Space_Saving_Percent,Compression_Time_ms,Decompression_Time_ms,Total_Time_ms,MSE,PSNR_dB,SSIM
airplane,airplane_0000.jpg,14425,7557,1.908826,47.611785,0.355100,0.297200,0.652300,18.047596,35.566610,0.998167
airplane,airplane_0001.jpg,13631,7244,1.881695,46.856430,0.325200,0.338100,0.663300,13.224973,36.916856,0.999258
airplane,airplane_0002.jpg,16170,8693,1.860117,46.239951,0.258400,0.280400,0.538800,26.643764,33.874848,0.994610
airplane,airplane_0003.jpg,14762,7967,1.852893,46.030348,0.427100,0.323600,0.750700,17.522966,35.694727,0.998836
airplane,airplane_0004.jpg,14517,7581,1.914919,47.778467,0.288800,0.301900,0.590700,21.031594,34.902082,0.998447
airplane,airplane_0005.jpg,14815,8180,1.811125,44.785690,0.283100,0.297500,0.580600,19.503787,35.229614,0.997756
airplane,airplane_0006.jpg,10690,5486,1.948596,48.681010,0.339200,0.286600,0.625800,13.652956,36.778537,0.998846
airplane,airplane_0007.jpg,18983,10535,1.801898,44.502976,0.327800,0.366900,0.694700,18.699336,35.412542,0.998668
airplane,airplane_0008.jpg,21284,11270,1.888554,47.049427,0.440000,0.407100,0.847100,23.591654,34.403220,0.997350
airplane,airplane_0009.jpg,12156,6293,1.931670,48.231326,0.281600,0.293300,0.574900,18.543871,35.448800,0.998781
airplane,airplane_0010.jpg,14094,7396,1.905625,47.523769,0.284100,0.314700,0.598800,15.187352,36.315983,0.998882
airplane,airplane_0011.jpg,12794,7692,1.663287,39.878068,0.254500,0.264400,0.518900,4.436387,41.660509,0.999822
airplane,airplane_0012.jpg,8266,4471,1.848803,45.910961,0.254000,0.232800,0.486800,11.863656,37.388618,0.998697
airplane,airplane_0013.jpg,10556,5782,1.825666,45.225464,0.241400,0.222400,0.463800,17.155002,35.786896,0.997588
airplane,airplane_0014.jpg,9305,5777,1.610698,37.915099,0.237800,0.255000,0.492800,2.876289,43.542479,0.999915
airplane,airplane_0015.jpg,19430,10089,1.925860,48.075142,0.350300,0.361800,0.712100,28.451411,33.589765,0.997852
airplane,airplane_0016.jpg,18658,9539,1.955970,48.874477,0.308400,0.352200,0.660600,30.248827,33.323718,0.997857
airplane,airplane_0017.jpg,12158,6319,1.924039,48.025991,0.254900,0.231900,0.486800,23.618948,34.398198,0.998149
airplane,airplane_0018.jpg,12349,6199,1.992095,49.801603,0.250800,0.248700,0.499500,18.822564,35.384016,0.998385
airplane,airplane_0019.jpg,14959,7435,2.011970,50.297480,0.333600,0.387700,0.721300,12.449335,37.179342,0.999344
airplane,airplane_0020.jpg,12759,6519,1.957202,48.906654,0.394600,0.382200,0.776800,15.606920,36.197632,0.998647
airplane,airplane_0021.jpg,11197,6199,1.806259,44.636956,0.170700,0.298900,0.469600,17.982003,35.582423,0.998668
airplane,airplane_0022.jpg,18606,10629,1.750494,42.873267,0.388700,0.388900,0.777600,20.703514,34.970363,0.995946
airplane,airplane_0023.jpg,17847,9503,1.878039,46.752956,0.322000,0.298200,0.620200,28.657543,33.558414,0.997879
airplane,airplane_0024.jpg,16948,9055,1.871673,46.571867,0.316900,0.340000,0.656900,31.071275,33.207213,0.997467
airplane,airplane_0025.jpg,13312,7031,1.893330,47.182993,0.270000,0.271100,0.541100,10.864181,37.770834,0.999131
airplane,airplane_0026.jpg,9490,4872,1.947865,48.661749,0.199600,0.235800,0.435400,16.132285,36.053845,0.998100
airplane,airplane_0027.jpg,11339,6175,1.836275,45.541935,0.283800,0.231100,0.514900,10.864567,37.770679,0.998887
airplane,airplane_0028.jpg,13047,7010,1.861198,46.271173,0.219500,0.249500,0.469000,24.216883,34.289621,0.997028
airplane,airplane_0029.jpg,16745,8901,1.881249,46.843834,0.306200,0.317200,0.623400,19.961666,35.128836,0.998119
airplane,airplane_0030.jpg,11863,6286,1.887210,47.011717,0.313000,0.368400,0.681400,15.955432,36.101718,0.998936
airplane,airplane_0031.jpg,13012,6778,1.919740,47.909622,0.238600,0.257500,0.496100,12.682856,37.098633,0.998963
airplane,airplane_0032.jpg,15432,8075,1.911084,47.673665,0.291000,0.308100,0.599100,15.462787,36.237926,0.995743
airplane,airplane_0033.jpg,13892,7176,1.935897,48.344371,0.353500,0.342500,0.696000,15.853406,36.129578,0.999028
airplane,airplane_0034.jpg,14860,7687,1.933134,48.270525,0.351600,0.351600,0.703200,15.600529,36.199410,0.999046
airplane,airplane_0035.jpg,11119,5866,1.895499,47.243457,0.294000,0.280400,0.574400,10.055556,38.106743,0.999420
airplane,airplane_0036.jpg,13192,6923,1.905532,47.521225,0.290000,0.288200,0.578200,15.531062,36.218792,0.999180
airplane,airplane_0037.jpg,11520,6101,1.888215,47.039931,0.271400,0.267700,0.539100,20.465663,35.020545,0.998164
airplane,airplane_0038.jpg,18369,9675,1.898605,47.329740,0.260800,0.326800,0.587600,28.742265,33.545594,0.998027
airplane,airplane_0039.jpg,17752,9204,1.928727,48.152321,0.229800,0.345000,0.574800,23.126488,34.489707,0.998239
airplane,airplane_0040.jpg,13048,7003,1.863201,46.328939,0.315000,0.296900,0.611900,21.181852,34.871164,0.998585
airplane,airplane_0041.jpg,14563,7870,1.850445,45.958937,0.275300,0.251900,0.527200,31.020919,33.214257,0.997250
airplane,airplane_0042.jpg,13478,7157,1.883191,46.898650,0.179700,0.247600,0.427300,27.096981,33.801595,0.996704
airplane,airplane_0043.jpg,28136,14419,1.951314,48.752488,0.515900,0.505500,1.021400,23.204139,34.475149,0.998414
airplane,airplane_0044.jpg,14223,7533,1.888092,47.036490,0.280900,0.295300,0.576200,28.508936,33.580994,0.996903
airplane,airplane_0045.jpg,14444,7769,1.859184,46.212960,0.240500,0.293000,0.533500,24.817289,34.183260,0.997115
airplane,airplane_0046.jpg,20080,10392,1.932256,48.247012,0.273000,0.353300,0.626300,22.915301,34.529548,0.997488
airplane,airplane_0047.jpg,16056,9014,1.781229,43.858994,0.454000,0.345200,0.799200,14.942871,36.386463,0.996751
airplane,airplane_0048.jpg,14422,7975,1.808401,44.702538,0.290500,0.294800,0.585300,14.056769,36.651949,0.999259
airplane,airplane_0049.jpg,21606,11663,1.852525,46.019624,0.360800,0.374100,0.734900,27.973348,33.663359,0.997143
airplane,airplane_0050.jpg,12558,7106,1.767239,43.414556,0.221100,0.230000,0.451100,22.568682,34.595742,0.997087
airplane,airplane_0051.jpg,15526,7886,1.968805,49.207780,0.253800,0.317900,0.571700,19.025135,35.337526,0.997659
airplane,airplane_0052.jpg,16076,7819,2.056017,51.362279,0.303400,0.313900,0.617300,16.172411,36.043056,0.995400
airplane,airplane_0053.jpg,15578,8429,1.848143,45.891642,0.366200,0.322000,0.688200,11.612231,37.481647,0.997583
airplane,airplane_0054.jpg,10438,5182,2.014280,50.354474,0.275200,0.271500,0.546700,17.398239,35.725751,0.997535
airplane,airplane_0055.jpg,8954,4461,2.007173,50.178691,0.260500,0.229900,0.490400,14.545317,36.503572,0.997456
airplane,airplane_0056.jpg,10975,5639,1.946267,48.619590,0.429000,1.106700,1.535700,13.882848,36.706018,0.996614
airplane,airplane_0057.jpg,11609,6010,1.931614,48.229822,0.223300,0.221200,0.444500,22.789428,34.553469,0.996421
airplane,airplane_0058.jpg,15818,7974,1.983697,49.589076,0.299200,0.282800,0.582000,23.860078,34.354085,0.996259
airplane,airplane_0059.jpg,14641,7522,1.946424,48.623728,0.334800,0.312100,0.646900,20.791635,34.951917,0.996911
airplane,airplane_0060.jpg,10030,5175,1.938164,48.404786,0.285300,0.275100,0.560400,11.502709,37.522802,0.998703
airplane,airplane_0061.jpg,9739,4938,1.972256,49.296642,0.272700,0.251100,0.523800,13.347335,36.876858,0.999040
airplane,airplane_0062.jpg,11554,5984,1.930816,48.208413,0.247400,0.228200,0.475600,19.889964,35.144464,0.997794
airplane,airplane_0063.jpg,9076,4932,1.840227,45.658881,0.203700,0.198100,0.401800,13.453239,36.842535,0.998931
airplane,airplane_0064.jpg,10664,5693,1.873178,46.614779,0.221500,0.229800,0.451300,15.930692,36.108457,0.997062
airplane,airplane_0065.jpg,9914,5167,1.918715,47.881783,0.233400,0.253300,0.486700,10.134355,38.072843,0.997943
airplane,airplane_0066.jpg,15415,7886,1.954730,48.842037,0.284800,0.331500,0.616300,17.591703,35.677725,0.997894
airplane,airplane_0067.jpg,10420,5494,1.896614,47.274472,0.202300,0.215300,0.417600,22.164546,34.674215,0.997366
airplane,airplane_0068.jpg,12807,7089,1.806602,44.647458,0.265500,0.250700,0.516200,21.964828,34.713526,0.998033
airplane,airplane_0069.jpg,9145,4819,1.897697,47.304538,0.223100,0.233200,0.456300,12.966670,37.002519,0.996713
airplane,airplane_0070.jpg,9689,5028,1.927009,48.106100,0.213000,0.213000,0.426000,16.217996,36.030832,0.995910
airplane,airplane_0071.jpg,12813,6650,1.926767,48.099586,0.222200,0.262700,0.484900,13.270304,36.901995,0.997702
airplane,airplane_0072.jpg,16063,8195,1.960098,48.982133,0.321100,0.311700,0.632800,27.119417,33.798000,0.996891
airplane,airplane_0073.jpg,14345,7665,1.871494,46.566748,0.231700,0.264300,0.496000,23.683012,34.386434,0.997996
airplane,airplane_0074.jpg,8785,4388,2.002051,50.051224,0.214000,0.197200,0.411200,16.242485,36.024279,0.997645
airplane,airplane_0075.jpg,12134,6137,1.977188,49.423109,0.333900,0.270200,0.604100,15.038184,36.358850,0.997142
airplane,airplane_0076.jpg,13277,6720,1.975744,49.386157,0.272700,0.267800,0.540500,16.211711,36.032515,0.997187
airplane,airplane_0077.jpg,12176,6330,1.923539,48.012484,0.269500,0.281300,0.550800,14.978785,36.376038,0.996901
airplane,airplane_0078.jpg,14330,7643,1.874918,46.664341,0.295100,0.343100,0.638200,20.409810,35.032414,0.995640
airplane,airplane_0079.jpg,10653,5729,1.859487,46.221722,0.259200,0.262800,0.522000,20.973595,34.914075,0.997010
airplane,airplane_0080.jpg,10840,5873,1.845735,45.821033,0.246600,0.263300,0.509900,18.520210,35.454344,0.997338
airplane,airplane_0081.jpg,21297,10744,1.982223,49.551580,0.404800,0.383600,0.788400,24.005704,34.327659,0.996715
airplane,airplane_0082.jpg,19495,9901,1.968993,49.212619,0.425100,0.438900,0.864000,19.675703,35.191501,0.996567
airplane,airplane_0083.jpg,11076,5946,1.862765,46.316360,0.163500,0.258300,0.421800,17.609206,35.673406,0.995608
airplane,airplane_0084.jpg,14235,7360,1.934103,48.296452,0.253400,0.326700,0.580100,18.196664,35.530886,0.993916
airplane,airplane_0085.jpg,11310,5850,1.933333,48.275862,0.247000,0.237100,0.484100,19.231228,35.290733,0.995869
airplane,airplane_0086.jpg,14192,7310,1.941450,48.492108,0.287700,0.291000,0.578700,24.518562,34.235854,0.993563
airplane,airplane_0087.jpg,14864,7684,1.934409,48.304629,0.292400,0.258900,0.551300,27.863268,33.680483,0.997282
airplane,airplane_0088.jpg,12847,6683,1.922340,47.980073,0.377000,0.305000,0.682000,12.960310,37.004650,0.997998
airplane,airplane_0089.jpg,15169,7900,1.920127,47.920100,0.328900,0.325300,0.654200,15.848609,36.130892,0.996368
airplane,airplane_0090.jpg,12191,6702,1.819009,45.025018,0.263600,0.259800,0.523400,15.475067,36.234478,0.995453
airplane,airplane_0091.jpg,10700,5790,1.848014,45.887850,0.261700,0.255500,0.517200,10.228081,38.032862,0.998160
airplane,airplane_0092.jpg,7323,3844,1.905047,47.507852,0.169100,0.167200,0.336300,16.549527,35.942948,0.995275
airplane,airplane_0093.jpg,16203,8617,1.880353,46.818490,0.356000,0.315500,0.671500,16.138014,36.052303,0.997075
airplane,airplane_0094.jpg,11489,5992,1.917390,47.845766,0.188600,0.252300,0.440900,18.378174,35.487780,0.994024
airplane,airplane_0095.jpg,10463,5245,1.994852,49.870974,0.275500,0.228400,0.503900,10.966642,37.730067,0.998479
airplane,airplane_0096.jpg,12701,6577,1.931124,48.216676,0.237400,0.280200,0.517600,14.331277,36.567955,0.995982
airplane,airplane_0097.jpg,11861,6174,1.921121,47.947053,0.319200,0.318700,0.637900,13.021900,36.984060,0.996839
airplane,airplane_0098.jpg,13764,7292,1.887548,47.021215,0.260300,0.254000,0.514300,22.220825,34.663202,0.996569
airplane,airplane_0099.jpg,13212,6952,1.900460,47.381169,0.280100,0.270400,0.550500,17.732547,35.643092,0.995977
airplane,airplane_0100.jpg,8384,4252,1.971778,49.284351,0.183600,0.174400,0.358000,16.552431,35.942186,0.998090
airplane,airplane_0101.jpg,11747,6192,1.897125,47.288669,0.354400,0.326500,0.680900,11.069916,37.689360,0.997376
airplane,airplane_0102.jpg,15302,7849,1.949548,48.706051,0.275400,0.314200,0.589600,25.346333,34.091652,0.997447
airplane,airplane_0103.jpg,14962,7885,1.897527,47.299826,0.228900,0.339100,0.568000,18.100428,35.553915,0.997233
airplane,airplane_0104.jpg,7723,4263,1.811635,44.801243,0.209300,0.208100,0.417400,8.780520,38.695601,0.998778
airplane,airplane_0105.jpg,12685,6388,1.985755,49.641309,0.315200,0.294800,0.610000,15.641782,36.187941,0.995219
airplane,airplane_0106.jpg,10294,5356,1.921957,47.969691,0.177100,0.234500,0.411600,15.787446,36.147685,0.998696
airplane,airplane_0107.jpg,12742,7025,1.813808,44.867368,0.272300,0.285000,0.557300,11.098702,37.678082,0.998495
airplane,airplane_0108.jpg,12659,6573,1.925909,48.076467,0.305300,0.291400,0.596700,16.279389,36.014423,0.996742
airplane,airplane_0109.jpg,12279,6435,1.908159,47.593452,0.206000,0.243100,0.449100,24.315912,34.271898,0.996892
airplane,airplane_0110.jpg,15843,8083,1.960040,48.980622,0.307000,0.327000,0.634000,21.292156,34.848607,0.996821
airplane,airplane_0111.jpg,11356,6402,1.773821,43.624516,0.242900,0.231600,0.474500,15.046020,36.356587,0.997457
airplane,airplane_0112.jpg,12540,6296,1.991741,49.792663,0.254000,0.231500,0.485500,19.672880,35.192124,0.998146
airplane,airplane_0113.jpg,10432,5360,1.946269,48.619632,0.186700,0.221200,0.407900,17.588890,35.678419,0.998605
airplane,airplane_0114.jpg,11148,6087,1.831444,45.398278,0.322300,0.266400,0.588700,15.658422,36.183324,0.995046
airplane,airplane_0115.jpg,16722,8823,1.895274,47.237173,0.345800,0.346700,0.692500,17.931612,35.594610,0.996991
airplane,airplane_0116.jpg,13235,6894,1.919785,47.910842,0.227900,0.256500,0.484400,17.553745,35.687106,0.997885
airplane,airplane_0117.jpg,12543,6670,1.880510,46.822929,0.229000,0.231400,0.460400,21.550591,34.796212,0.996464
airplane,airplane_0118.jpg,16114,8326,1.935383,48.330644,0.308200,0.433700,0.741900,20.204712,35.076277,0.996360
airplane,airplane_0119.jpg,12886,6690,1.926158,48.083191,0.251400,0.265000,0.516400,24.195157,34.293519,0.996388
airplane,airplane_0120.jpg,14169,7202,1.967370,49.170725,0.270400,0.281000,0.551400,19.364526,35.260735,0.996419
airplane,airplane_0121.jpg,11809,6446,1.831989,45.414514,0.186200,0.237900,0.424100,16.424920,35.975771,0.996409
airplane,airplane_0122.jpg,14720,7505,1.961359,49.014946,0.284700,0.311300,0.596000,19.712529,35.183380,0.996637
airplane,airplane_0123.jpg,8060,4233,1.904087,47.481390,0.245900,0.226900,0.472800,12.837033,37.046157,0.998016
airplane,airplane_0124.jpg,12608,6784,1.858491,46.192893,0.262000,0.259400,0.521400,24.178912,34.296436,0.996933
airplane,airplane_0125.jpg,14440,7511,1.922514,47.984765,0.324300,0.305400,0.629700,17.857415,35.612618,0.996068
airplane,airplane_0126.jpg,14137,7414,1.906798,47.556059,0.300900,0.298800,0.599700,20.536327,35.005576,0.996506
airplane,airplane_0127.jpg,11931,5918,2.016053,50.398123,0.324800,0.285700,0.610500,13.969689,36.678936,0.996991
airplane,airplane_0128.jpg,10222,5026,2.033824,50.831540,0.306300,0.271300,0.577600,10.535729,37.904158,0.996730
airplane,airplane_0129.jpg,10036,5227,1.920031,47.917497,0.315200,0.270300,0.585500,10.412748,37.955150,0.997058
airplane,airplane_0130.jpg,8427,4441,1.897546,47.300344,0.225700,0.197500,0.423200,14.448028,36.532718,0.997077
airplane,airplane_0131.jpg,12493,6279,1.989648,49.739854,0.470400,0.287300,0.757700,24.745705,34.195805,0.994780
airplane,airplane_0132.jpg,16484,8282,1.990340,49.757340,0.429400,0.310500,0.739900,22.178559,34.671470,0.995456
airplane,airplane_0133.jpg,11946,6107,1.956116,48.878286,0.293400,0.286500,0.579900,13.374264,36.868105,0.997367
airplane,airplane_0134.jpg,14132,7084,1.994918,49.872629,0.287800,0.453500,0.741300,24.364827,34.263170,0.995839
airplane,airplane_0135.jpg,13114,6475,2.025328,50.625286,0.320000,0.307900,0.627900,18.566566,35.443488,0.998527
airplane,airplane_0136.jpg,10377,5325,1.948732,48.684591,0.262700,0.268700,0.531400,10.256081,38.020989,0.995469
airplane,airplane_0137.jpg,13183,6562,2.008991,50.223773,0.435600,0.369000,0.804600,10.394612,37.962721,0.999031
airplane,airplane_0138.jpg,16575,8462,1.958757,48.947210,0.368100,0.376600,0.744700,16.304318,36.007777,0.997053
airplane,airplane_0139.jpg,15764,8072,1.952924,48.794722,0.613100,0.437100,1.050200,9.741452,38.244567,0.997408
airplane,airplane_0140.jpg,11452,5936,1.929245,48.166259,0.291300,0.270500,0.561800,14.362606,36.558471,0.997589
airplane,airplane_0141.jpg,10424,5249,1.985902,49.645050,0.285100,0.300500,0.585600,10.418367,37.952807,0.996863
airplane,airplane_0142.jpg,19115,9697,1.971228,49.270207,0.379800,0.363400,0.743200,23.162250,34.482996,0.995250
airplane,airplane_0143.jpg,12624,6325,1.995889,49.897022,0.286200,0.305600,0.591800,19.361978,35.261306,0.994955
airplane,airplane_0144.jpg,10364,5248,1.974848,49.363180,0.264800,0.225200,0.490000,16.033606,36.080492,0.997957
airplane,airplane_0145.jpg,9097,4580,1.986245,49.653732,0.253200,0.251100,0.504300,7.350244,39.467786,0.993968
airplane,airplane_0146.jpg,12680,7050,1.798582,44.400631,0.366900,0.471000,0.837900,9.517044,38.345783,0.996600
airplane,airplane_0147.jpg,11909,6551,1.817890,44.991183,0.281400,0.263900,0.545300,13.549701,36.811506,0.997960
airplane,airplane_0148.jpg,14763,7654,1.928795,48.154169,0.380900,0.299300,0.680200,18.624440,35.429971,0.995884
airplane,airplane_0149.jpg,8827,5054,1.746537,42.743854,0.227400,0.228000,0.455400,10.276726,38.012256,0.995390
airplane,airplane_0150.jpg,14282,7498,1.904775,47.500350,0.321900,0.314500,0.636400,10.268206,38.015858,0.997890
airplane,airplane_0151.jpg,15525,7883,1.969428,49.223833,0.391200,0.340800,0.732000,11.958679,37.353971,0.997108
airplane,airplane_0152.jpg,16385,8137,2.013641,50.338724,0.346400,0.319400,0.665800,17.285056,35.754096,0.997349
airplane,airplane_0153.jpg,16172,8357,1.935144,48.324264,0.327500,0.344100,0.671600,18.365922,35.490676,0.996617
airplane,airplane_0154.jpg,7841,4871,1.609731,37.877822,0.263900,0.263600,0.527500,3.051219,43.286069,0.999894
airplane,airplane_0155.jpg,12593,6481,1.943064,48.534900,0.262900,0.266200,0.529100,18.425479,35.476616,0.994607
airplane,airplane_0156.jpg,14337,7841,1.828466,45.309339,0.343600,0.385800,0.729400,11.448610,37.543276,0.997707
airplane,airplane_0157.jpg,8918,4771,1.869210,46.501458,0.220200,0.204600,0.424800,12.607967,37.124353,0.997124
airplane,airplane_0158.jpg,16229,8232,1.971453,49.275987,0.310000,0.326900,0.636900,19.670631,35.192621,0.996054
airplane,airplane_0159.jpg,7810,4228,1.847209,45.864277,0.205900,0.209400,0.415300,12.532941,37.150274,0.997412
airplane,airplane_0160.jpg,7253,3634,1.995872,49.896595,0.222700,0.207700,0.430400,15.634989,36.189828,0.996681
airplane,airplane_0161.jpg,11266,5929,1.900152,47.372626,0.209400,0.217500,0.426900,28.512501,33.580450,0.994977
airplane,airplane_0162.jpg,9717,5163,1.882045,46.866317,0.246200,0.260300,0.506500,11.736771,37.435317,0.998734
airplane,airplane_0163.jpg,13929,7683,1.812964,44.841697,0.341100,0.312900,0.654000,11.412113,37.557143,0.996335
airplane,airplane_0164.jpg,13107,6662,1.967427,49.172198,0.263300,0.255800,0.519100,22.125177,34.681936,0.995279
airplane,airplane_0165.jpg,13742,7299,1.882724,46.885461,0.306200,0.299800,0.606000,17.312593,35.747183,0.996066
airplane,airplane_0166.jpg,13578,6705,2.025056,50.618648,0.306000,0.278400,0.584400,13.329947,36.882519,0.995332
airplane,airplane_0167.jpg,15610,8442,1.849088,45.919283,0.353200,0.314900,0.668100,13.044580,36.976503,0.998002
airplane,airplane_0168.jpg,16247,8430,1.927284,48.113498,0.275900,0.369100,0.645000,16.738180,35.893721,0.995335
airplane,airplane_0169.jpg,13479,6973,1.933027,48.267676,0.294000,0.298800,0.592800,17.478760,35.705698,0.996957
airplane,airplane_0170.jpg,13454,6868,1.958940,48.951985,0.333000,0.402600,0.735600,16.045479,36.077277,0.997079
airplane,airplane_0171.jpg,9196,4637,1.983179,49.575903,0.253800,0.225600,0.479400,13.892117,36.703119,0.997284
airplane,airplane_0172.jpg,9423,4883,1.929756,48.179985,0.295000,0.284300,0.579300,7.693498,39.269565,0.998628
airplane,airplane_0173.jpg,10614,5338,1.988385,49.707933,0.343600,0.292700,0.636300,9.688814,38.268098,0.997796
airplane,airplane_0174.jpg,11255,5887,1.911840,47.694358,0.477500,0.368000,0.845500,11.077135,37.686529,0.997322
airplane,airplane_0175.jpg,13851,7050,1.964681,49.101148,0.329000,0.303700,0.632700,16.616543,35.925397,0.998666
airplane,airplane_0176.jpg,10503,5712,1.838761,45.615538,0.274900,0.259300,0.534200,13.396250,36.860971,0.998955
airplane,airplane_0177.jpg,13912,7011,1.984310,49.604658,0.353300,0.339900,0.693200,17.420849,35.720110,0.995684
airplane,airplane_0178.jpg,14113,7470,1.889290,47.070077,0.271400,0.234300,0.505700,27.477825,33.740980,0.996529
airplane,airplane_0179.jpg,16685,8610,1.937863,48.396764,0.234200,0.344700,0.578900,23.902465,34.346377,0.997039
airplane,airplane_0180.jpg,11467,5986,1.915636,47.798029,0.157500,0.235300,0.392800,25.666185,34.037190,0.996754
airplane,airplane_0181.jpg,14429,7628,1.891584,47.134244,0.187200,0.275100,0.462300,25.561204,34.054991,0.993844
airplane,airplane_0182.jpg,13233,6600,2.005000,50.124688,0.275900,0.234600,0.510500,24.632691,34.215685,0.997811
airplane,airplane_0183.jpg,9765,5138,1.900545,47.383513,0.278700,0.191600,0.470300,39.827709,32.128950,0.995618
airplane,airplane_0184.jpg,11883,6072,1.957016,48.901792,0.191100,0.233400,0.424500,18.257632,35.516359,0.997570
airplane,airplane_0185.jpg,11488,6399,1.795281,44.298398,0.170700,0.232200,0.402900,18.198124,35.530537,0.998075
airplane,airplane_0186.jpg,12192,7835,1.556094,35.736549,0.376400,0.290400,0.666800,3.650508,42.507271,0.999864
airplane,airplane_0187.jpg,10778,5610,1.921212,47.949527,0.349700,0.250600,0.600300,17.717548,35.646767,0.998940
airplane,airplane_0188.jpg,9815,5260,1.865970,46.408558,0.234400,0.230300,0.464700,15.864016,36.126672,0.999229
airplane,airplane_0189.jpg,16709,8864,1.885041,46.950745,0.239300,0.308900,0.548200,20.090103,35.100982,0.997198
airplane,airplane_0190.jpg,23331,11516,2.025964,50.640778,0.473800,0.475900,0.949700,12.210631,37.263423,0.998970
airplane,airplane_0191.jpg,11357,5834,1.946692,48.630800,0.215400,0.275100,0.490500,14.425370,36.539534,0.996819
airplane,airplane_0192.jpg,9235,5288,1.746407,42.739578,0.171900,0.227300,0.399200,14.601525,36.486822,0.996687
airplane,airplane_0193.jpg,29569,15385,1.921937,47.969157,0.455800,0.486800,0.942600,32.078486,33.068665,0.995423
airplane,airplane_0194.jpg,12188,5976,2.039491,50.968165,0.195000,0.524600,0.719600,17.737385,35.641908,0.995817
airplane,airplane_0195.jpg,12287,6381,1.925560,48.067063,0.322100,0.292400,0.614500,21.805787,34.745086,0.997159
airplane,airplane_0196.jpg,11955,5999,1.992832,49.820159,0.175200,0.210700,0.385900,22.028539,34.700947,0.996352
airplane,airplane_0197.jpg,11105,5865,1.893436,47.185952,0.182300,0.228600,0.410900,17.438652,35.715675,0.997589
airplane,airplane_0198.jpg,11538,6001,1.922680,47.989253,0.173200,0.219400,0.392600,20.669068,34.977595,0.996199
airplane,airplane_0199.jpg,12980,6858,1.892680,47.164869,0.209000,0.333500,0.542500,21.113925,34.885114,0.997037
airplane,airplane_0200.jpg,16179,8185,1.976665,49.409729,0.335700,0.328900,0.664600,21.893814,34.727589,0.996178
airplane,airplane_0201.jpg,13106,6924,1.892837,47.169235,0.196900,0.262200,0.459100,18.069866,35.561254,0.996207
airplane,airplane_0202.jpg,7742,4290,1.804662,44.587962,0.191700,0.194800,0.386500,19.652595,35.196605,0.997309
airplane,airplane_0203.jpg,11717,6130,1.911419,47.682854,0.219600,0.237400,0.457000,22.004783,34.705633,0.996808
airplane,airplane_0204.jpg,19299,9860,1.957302,48.909270,0.331400,0.385300,0.716700,26.239096,33.941315,0.993008
airplane,airplane_0205.jpg,14798,7528,1.965728,49.128261,0.362300,0.313800,0.676100,20.626662,34.986514,0.997010
airplane,airplane_0206.jpg,12441,6799,1.829828,45.350052,0.282000,0.298500,0.580500,14.564809,36.497756,0.997278
airplane,airplane_0207.jpg,13185,6694,1.969674,49.230186,0.269600,0.277400,0.547000,18.145923,35.543013,0.996889
airplane,airplane_0208.jpg,13467,6948,1.938256,48.407218,0.259800,0.288900,0.548700,18.308991,35.504159,0.996932
airplane,airplane_0209.jpg,11560,6172,1.872975,46.608997,0.189300,0.238600,0.427900,21.180541,34.871433,0.996969
airplane,airplane_0210.jpg,8479,4422,1.917458,47.847624,0.155000,0.188900,0.343900,19.225332,35.292065,0.996659
airplane,airplane_0211.jpg,12347,6277,1.967022,49.161740,0.326900,0.248800,0.575700,18.913409,35.363105,0.997493
airplane,airplane_0212.jpg,12210,6245,1.955164,48.853399,0.250600,0.331600,0.582200,18.233968,35.521992,0.997892
airplane,airplane_0213.jpg,11769,6104,1.928080,48.134931,0.265700,0.254500,0.520200,20.941239,34.920780,0.996311
airplane,airplane_0214.jpg,12039,6460,1.863622,46.341058,0.242000,0.243700,0.485700,25.575773,34.052516,0.996947
airplane,airplane_0215.jpg,12028,6127,1.963114,49.060525,0.234200,0.244400,0.478600,17.427850,35.718365,0.995750
airplane,airplane_0216.jpg,14911,7622,1.956311,48.883375,0.342000,0.335900,0.677900,19.221242,35.292989,0.996412
airplane,airplane_0217.jpg,11567,6505,1.778171,43.762428,0.215000,0.267700,0.482700,13.104726,36.956524,0.997334
airplane,airplane_0218.jpg,12359,6453,1.915233,47.787038,0.232300,0.276000,0.508300,17.326782,35.743624,0.995973
airplane,airplane_0219.jpg,11594,6129,1.891663,47.136450,0.239300,0.241700,0.481000,20.711832,34.968618,0.994895
airplane,airplane_0220.jpg,11817,6181,1.911827,47.694000,0.286500,0.279100,0.565600,20.648463,34.981926,0.994241
airplane,airplane_0221.jpg,11620,5948,1.953598,48.812392,0.261100,0.283600,0.544700,15.907724,36.114723,0.995410
airplane,airplane_0222.jpg,11723,6312,1.857256,46.157127,0.297600,0.309700,0.607300,13.407969,36.857174,0.995469
airplane,airplane_0223.jpg,13263,6720,1.973661,49.332730,0.278300,0.278800,0.557100,18.870460,35.372979,0.996862
airplane,airplane_0224.jpg,14413,7394,1.949283,48.699091,0.235500,0.280800,0.516300,18.878021,35.371239,0.995942
airplane,airplane_0225.jpg,13736,7506,1.830003,45.355271,0.273000,0.262300,0.535300,18.826486,35.383111,0.996330
airplane,airplane_0226.jpg,17434,8935,1.951203,48.749570,0.316200,0.294500,0.610700,25.047755,34.143116,0.996499
airplane,airplane_0227.jpg,14063,7359,1.910993,47.671194,0.247000,0.273400,0.520400,22.953539,34.522307,0.996336
airplane,airplane_0228.jpg,16907,8577,1.971202,49.269533,0.284100,0.310700,0.594800,24.111235,34.308609,0.996164
airplane,airplane_0229.jpg,13021,6798,1.915416,47.792028,0.250500,0.293900,0.544400,20.238075,35.069112,0.995399
airplane,airplane_0230.jpg,11251,6062,1.855988,46.120345,0.461600,0.263700,0.725300,13.863525,36.712067,0.998601
airplane,airplane_0231.jpg,13529,6822,1.983143,49.574987,0.294700,0.319100,0.613800,18.051167,35.565751,0.997782
airplane,airplane_0232.jpg,11893,6131,1.939814,48.448667,0.288400,0.243100,0.531500,17.077947,35.806447,0.998112
airplane,airplane_0233.jpg,18458,9580,1.926722,48.098386,0.400400,0.356200,0.756600,20.653355,34.980898,0.996226
airplane,airplane_0234.jpg,15578,8160,1.909069,47.618436,0.340800,0.344100,0.684900,16.350407,35.995518,0.997698
airplane,airplane_0235.jpg,10386,5388,1.927617,48.122473,0.182000,0.224900,0.406900,21.314483,34.844056,0.997055
airplane,airplane_0236.jpg,10886,5660,1.923322,48.006614,0.181900,0.233900,0.415800,17.928550,35.595352,0.997598
airplane,airplane_0237.jpg,11964,6045,1.979156,49.473420,0.187300,0.236700,0.424000,21.423761,34.821846,0.996710
airplane,airplane_0238.jpg,13247,7059,1.876611,46.712463,0.271100,0.267200,0.538300,18.631771,35.428262,0.997929
airplane,airplane_0239.jpg,13572,7002,1.938303,48.408488,0.295900,0.284200,0.580100,21.727536,34.760699,0.996736
airplane,airplane_0240.jpg,11553,5869,1.968478,49.199342,0.297900,0.268600,0.566500,17.696279,35.651984,0.997601
airplane,airplane_0241.jpg,10604,5928,1.788799,44.096567,0.201000,0.270100,0.471100,16.197256,36.036389,0.997437
airplane,airplane_0242.jpg,16313,8116,2.009980,50.248268,0.269400,0.344700,0.614100,17.407756,35.723376,0.997072
airplane,airplane_0243.jpg,11292,5811,1.943211,48.538789,0.238600,0.235700,0.474300,25.533596,34.059684,0.996846
airplane,airplane_0244.jpg,12579,6445,1.951746,48.763813,0.179500,0.247800,0.427300,24.718475,34.200587,0.997592
airplane,airplane_0245.jpg,16196,8775,1.845698,45.819956,0.262500,0.341500,0.604000,17.543884,35.689546,0.997523
airplane,airplane_0246.jpg,13851,7088,1.954148,48.826800,0.345100,0.329300,0.674400,22.284378,34.650799,0.996194
airplane,airplane_0247.jpg,13492,6589,2.047655,51.163653,0.335400,0.298900,0.634300,15.318355,36.278682,0.997918
airplane,airplane_0248.jpg,13745,6867,2.001602,50.040015,0.348600,0.298900,0.647500,19.244938,35.287638,0.997618
airplane,airplane_0249.jpg,14769,7533,1.960573,48.994516,0.290100,0.290000,0.580100,20.250912,35.066358,0.997443
car,car_0000.jpg,15323,4896,3.129698,68.048032,0.175600,0.174500,0.350100,55.498767,30.687970,0.993925
car,car_0001.jpg,9314,3165,2.942812,66.018896,0.111100,0.136600,0.247700,28.356967,33.604206,0.997181
car,car_0002.jpg,10754,3529,3.047322,67.184304,0.142800,0.149100,0.291900,29.379233,33.450399,0.996391
car,car_0003.jpg,11389,3630,3.137466,68.127140,0.108500,0.141600,0.250100,29.706300,33.402318,0.996932
car,car_0004.jpg,10828,3436,3.151339,68.267455,0.148800,0.158400,0.307200,25.442100,34.075274,0.997097
car,car_0005.jpg,10461,3518,2.973565,66.370328,0.179600,0.160800,0.340400,31.734433,33.115496,0.996810
car,car_0006.jpg,14074,4486,3.137316,68.125622,0.163100,0.174800,0.337900,43.332767,31.762639,0.995087
car,car_0007.jpg,11213,3382,3.315494,69.838580,0.300000,0.206600,0.506600,26.322367,33.927554,0.994287
car,car_0008.jpg,13407,4465,3.002688,66.696502,0.166700,0.150500,0.317200,38.736000,32.249656,0.995833
car,car_0009.jpg,12593,4041,3.116308,67.910744,0.160100,0.138000,0.298100,38.035433,32.328920,0.995219
car,car_0010.jpg,12010,3735,3.215529,68.900916,0.102700,0.142600,0.245300,37.517533,32.388461,0.995213
car,car_0011.jpg,12571,3786,3.320391,69.883064,0.104300,0.147000,0.251300,35.655100,32.609587,0.997114
car,car_0012.jpg,13835,4299,3.218190,68.926635,0.102600,0.139200,0.241800,38.232767,32.306446,0.995394
car,car_0013.jpg,13204,4317,3.058606,67.305362,0.103500,0.137600,0.241100,40.661033,32.039019,0.995136
car,car_0014.jpg,9781,3111,3.144005,68.193436,0.131800,0.154600,0.286400,22.133700,34.680263,0.997885
car,car_0015.jpg,12523,3976,3.149648,68.250419,0.148800,0.152700,0.301500,37.684133,32.369218,0.995225
car,car_0016.jpg,12772,3948,3.235056,69.088631,0.146800,0.142800,0.289600,39.268800,32.190327,0.994823
car,car_0017.jpg,11345,3345,3.391629,70.515646,0.134200,0.139000,0.273200,29.840900,33.382684,0.995207
car,car_0018.jpg,10930,3490,3.131805,68.069533,0.102100,0.146800,0.248900,30.931567,33.226784,0.997540
car,car_0019.jpg,10438,3126,3.339091,70.051734,0.123900,0.162500,0.286400,30.095200,33.345831,0.996753
car,car_0020.jpg,12780,3896,3.280287,69.514867,0.165200,0.171000,0.336200,34.045633,32.810189,0.997150
car,car_0021.jpg,11699,3497,3.345439,70.108556,0.165200,0.166600,0.331800,36.209700,32.542554,0.994552
car,car_0022.jpg,14783,4825,3.063834,67.361158,0.180900,0.171800,0.352700,53.188033,30.872664,0.994863
car,car_0023.jpg,12725,3937,3.232156,69.060904,0.164300,0.172100,0.336400,36.860333,32.465211,0.994194
car,car_0024.jpg,10663,3272,3.258863,69.314452,0.174300,0.163700,0.338000,27.608800,33.720328,0.996988
car,car_0025.jpg,12561,3879,3.238206,69.118701,0.158800,0.161000,0.319800,36.128867,32.552260,0.996285
car,car_0026.jpg,11155,3372,3.308126,69.771403,0.148000,0.154200,0.302200,26.500800,33.898214,0.996998
car,car_0027.jpg,11274,3508,3.213797,68.884158,0.115200,0.161100,0.276300,30.916633,33.228882,0.996135
car,car_0028.jpg,12873,4030,3.194293,68.694166,0.177900,0.153600,0.331500,43.839300,31.712167,0.995507
car,car_0029.jpg,13025,4225,3.082840,67.562380,0.201500,0.205500,0.407000,39.173533,32.200876,0.995656
car,car_0030.jpg,12718,3980,3.195477,68.705771,0.163000,0.155700,0.318700,31.980867,33.081901,0.996951
car,car_0031.jpg,12414,3804,3.263407,69.357177,0.300100,0.508300,0.808400,36.921800,32.457975,0.995756
car,car_0032.jpg,11543,3539,3.261656,69.340726,0.171300,0.158300,0.329600,29.487067,33.434488,0.997131
car,car_0033.jpg,15396,4824,3.191542,68.667186,0.173100,0.174500,0.347600,56.644867,30.599198,0.994779
car,car_0034.jpg,13252,4132,3.207164,68.819801,0.152700,0.166000,0.318700,36.969533,32.452364,0.995407
car,car_0035.jpg,12116,3681,3.291497,69.618686,0.142800,0.152800,0.295600,32.369633,33.029426,0.996790
car,car_0036.jpg,11920,3739,3.188018,68.632550,0.161300,0.159800,0.321100,34.553200,32.745921,0.995693
car,car_0037.jpg,10597,3154,3.359860,70.236859,0.155800,0.154000,0.309800,26.927200,33.828892,0.997189
car,car_0038.jpg,11906,3879,3.069348,67.419788,0.158100,0.156500,0.314600,33.118100,32.930149,0.994320
car,car_0039.jpg,12017,3721,3.229508,69.035533,0.119600,0.150700,0.270300,31.700533,33.120138,0.996315
car,car_0040.jpg,13411,4290,3.126107,68.011334,0.150800,0.157100,0.307900,39.971567,32.113292,0.995974
car,car_0041.jpg,11911,3683,3.234048,69.079003,0.122700,0.156100,0.278800,31.874700,33.096343,0.997271
car,car_0042.jpg,13101,4020,3.258955,69.315319,0.156800,0.157600,0.314400,42.310133,31.866360,0.993878
car,car_0043.jpg,10189,3538,2.879876,65.276278,0.161600,0.158400,0.320000,29.246500,33.470065,0.998087
car,car_0044.jpg,12620,3915,3.223499,68.977813,0.149500,0.147800,0.297300,30.938933,33.225750,0.997127
car,car_0045.jpg,11603,3609,3.215018,68.895975,0.132300,0.152700,0.285000,30.663667,33.264563,0.995988
car,car_0046.jpg,10158,3326,3.054119,67.257334,0.120200,0.150700,0.270900,29.658300,33.409341,0.996111
car,car_0047.jpg,11398,3525,3.233475,69.073522,0.153100,0.157000,0.310100,33.020733,32.942936,0.995517
car,car_0048.jpg,9500,3224,2.946650,66.063158,0.175700,0.158300,0.334000,27.221300,33.781715,0.997839
car,car_0049.jpg,10755,3333,3.226823,69.009763,0.160100,0.151100,0.311200,24.212967,34.290324,0.995446
car,car_0050.jpg,11295,3549,3.182587,68.579017,0.148000,0.154900,0.302900,34.848400,32.708975,0.996011
car,car_0051.jpg,12206,3794,3.217185,68.916926,0.196300,0.146800,0.343100,34.201100,32.790403,0.997304
car,car_0052.jpg,10644,3369,3.159394,68.348365,0.149700,0.143500,0.293200,29.682200,33.405843,0.997119
car,car_0053.jpg,13627,4376,3.114031,67.887283,0.157100,0.167700,0.324800,38.252367,32.304221,0.995462
car,car_0054.jpg,11205,3471,3.228176,69.022758,0.111800,0.157700,0.269500,30.080300,33.347982,0.996197
car,car_0055.jpg,12492,3889,3.212137,68.868076,0.134700,0.150100,0.284800,41.359400,31.965061,0.996491
car,car_0056.jpg,11995,3617,3.316284,69.845769,0.125900,0.141000,0.266900,30.655033,33.265786,0.995652
car,car_0057.jpg,10925,3322,3.288682,69.592677,0.155900,0.145500,0.301400,28.050467,33.651403,0.996835
car,car_0058.jpg,11900,3578,3.325880,69.932773,0.155200,0.142900,0.298100,32.076933,33.068875,0.996820
car,car_0059.jpg,12870,4062,3.168390,68.438228,0.161400,0.236300,0.397700,32.358533,33.030915,0.997496
car,car_0060.jpg,12049,3781,3.186723,68.619802,0.169400,0.170900,0.340300,38.091767,32.322492,0.997023
car,car_0061.jpg,12268,3863,3.175770,68.511575,0.153200,0.145400,0.298600,34.251433,32.784016,0.995327
car,car_0062.jpg,12230,3788,3.228617,69.026983,0.173300,0.146300,0.319600,37.808533,32.354905,0.995378
car,car_0063.jpg,11094,3420,3.243860,69.172526,0.143700,0.150800,0.294500,25.929433,33.992873,0.995932
car,car_0064.jpg,12813,3870,3.310853,69.796301,0.166700,0.158200,0.324900,32.518500,33.009499,0.995176
car,car_0065.jpg,10429,3416,3.052986,67.245182,0.177600,0.164200,0.341800,31.158433,33.195047,0.997753
car,car_0066.jpg,12923,3894,3.318695,69.867678,0.162000,0.151800,0.313800,38.608533,32.263971,0.994556
car,car_0067.jpg,10709,3234,3.311379,69.801102,0.153700,0.150900,0.304600,29.159833,33.482953,0.997177
car,car_0068.jpg,11822,3563,3.317990,69.861276,0.153100,0.187500,0.340600,33.886800,32.830498,0.996051
car,car_0069.jpg,11872,3559,3.335768,70.021900,0.148900,0.150800,0.299700,29.150233,33.484383,0.996893
car,car_0070.jpg,11301,3500,3.228857,69.029289,0.107600,0.398700,0.506300,31.747033,33.113772,0.995537
car,car_0071.jpg,9734,3215,3.027683,66.971440,0.116500,0.150100,0.266600,29.992167,33.360725,0.992620
car,car_0072.jpg,12676,4000,3.169000,68.444304,0.165400,0.195700,0.361100,34.221700,32.787788,0.995727
car,car_0073.jpg,9423,3305,2.851135,64.926244,0.146100,0.148200,0.294300,27.385133,33.755655,0.997749
car,car_0074.jpg,11386,3518,3.236498,69.102406,0.154400,0.162000,0.316400,28.147567,33.636395,0.997173
car,car_0075.jpg,13110,3969,3.303099,69.725400,0.153600,0.154600,0.308200,32.707000,32.984396,0.996824
car,car_0076.jpg,13069,4143,3.154477,68.299028,0.156000,0.169800,0.325800,38.542533,32.271401,0.996667
car,car_0077.jpg,12526,3913,3.201124,68.760977,0.161300,0.161200,0.322500,45.931100,31.509735,0.994012
car,car_0078.jpg,12215,3888,3.141718,68.170282,0.161700,0.170900,0.332600,33.034633,32.941109,0.995558
car,car_0079.jpg,12750,4004,3.184316,68.596078,0.198600,0.224300,0.422900,36.676733,32.486897,0.995556
car,car_0080.jpg,10869,3368,3.227138,69.012789,0.156700,0.178700,0.335400,27.116233,33.798510,0.996986
car,car_0081.jpg,9916,3243,3.057663,67.295280,0.191000,0.174200,0.365200,21.622733,34.781698,0.997288
car,car_0082.jpg,11920,3838,3.105784,67.802013,0.160200,0.158900,0.319100,36.510133,32.506669,0.993541
car,car_0083.jpg,11085,3378,3.281528,69.526387,0.146700,0.154300,0.301000,29.480000,33.435529,0.994025
car,car_0084.jpg,13110,4158,3.152958,68.283753,0.175800,0.171300,0.347100,34.561467,32.744882,0.994691
car,car_0085.jpg,12422,3806,3.263794,69.360811,0.163600,0.158800,0.322400,33.564300,32.872028,0.995803
car,car_0086.jpg,14196,4508,3.149068,68.244576,0.181800,0.181500,0.363300,37.328333,32.410418,0.997822
car,car_0087.jpg,13746,4525,3.037790,67.081333,0.164900,0.171000,0.335900,42.608733,31.835817,0.996942
car,car_0088.jpg,10428,3360,3.103571,67.779056,0.158000,0.172600,0.330600,23.088067,34.496928,0.997165
car,car_0089.jpg,10621,3234,3.284168,69.550890,0.157100,0.168100,0.325200,23.200667,34.475799,0.995203
car,car_0090.jpg,10956,3448,3.177494,68.528660,0.168600,0.155400,0.324000,25.996433,33.981666,0.996341
car,car_0091.jpg,12440,3858,3.224469,68.987138,0.184000,0.192800,0.376800,38.122433,32.318997,0.996318
car,car_0092.jpg,11172,3366,3.319073,69.871106,0.178600,0.145300,0.323900,31.674567,33.123697,0.992285
car,car_0093.jpg,11423,3601,3.172174,68.475882,0.151600,0.141200,0.292800,30.289367,33.317902,0.996325
car,car_0094.jpg,10322,3215,3.210575,68.852935,0.153300,0.167400,0.320700,21.659267,34.774366,0.998384
car,car_0095.jpg,10950,3327,3.291253,69.616438,0.161900,0.150500,0.312400,28.324767,33.609140,0.996419
car,car_0096.jpg,12482,4007,3.115049,67.897773,0.194600,0.174800,0.369400,36.009300,32.566657,0.996756
car,car_0097.jpg,13514,4230,3.194799,68.699127,1.548200,0.188100,1.736300,45.550733,31.545850,0.996162
car,car_0098.jpg,12220,3752,3.256930,69.296236,0.171800,0.155700,0.327500,33.522167,32.877483,0.996385
car,car_0099.jpg,11519,3528,3.265023,69.372341,0.166300,0.171100,0.337400,31.667900,33.124611,0.996175
car,car_0100.jpg,12290,3844,3.197190,68.722539,0.169600,0.204600,0.374200,33.026600,32.942165,0.995450
car,car_0101.jpg,11616,3584,3.241071,69.146006,0.174300,0.175600,0.349900,31.980800,33.081910,0.994877
car,car_0102.jpg,12246,4108,2.981013,66.454352,0.171300,0.229600,0.400900,31.651333,33.126884,0.995875
car,car_0103.jpg,12309,3797,3.241770,69.152653,0.174900,0.160500,0.335400,31.816900,33.104225,0.996998
car,car_0104.jpg,12250,3848,3.183472,68.587755,0.166700,0.172800,0.339500,35.297267,32.653393,0.995406
car,car_0105.jpg,10558,3201,3.298344,69.681758,0.184200,0.161300,0.345500,25.271033,34.104574,0.997022
car,car_0106.jpg,10775,3457,3.116864,67.916473,0.157100,0.148000,0.305100,30.622033,33.270463,0.997449
car,car_0107.jpg,11924,3612,3.301218,69.708152,0.155800,0.176700,0.332500,28.851100,33.529180,0.996087
car,car_0108.jpg,12632,3971,3.181063,68.563965,0.190600,0.179400,0.370000,42.172933,31.880466,0.995886
car,car_0109.jpg,14272,4648,3.070568,67.432735,0.177000,0.191300,0.368300,44.984367,31.600188,0.996448
car,car_0110.jpg,11385,3571,3.188183,68.634168,0.160700,0.162700,0.323400,29.017000,33.504279,0.997735
car,car_0111.jpg,10684,3059,3.492645,71.368401,0.215200,0.147500,0.362700,21.557900,34.794739,0.997870
car,car_0112.jpg,11541,3572,3.230963,69.049476,0.169700,0.173600,0.343300,28.503167,33.581872,0.995708
car,car_0113.jpg,11135,3483,3.196957,68.720251,0.165700,0.165300,0.331000,29.917667,33.371526,0.996405
car,car_0114.jpg,11137,3312,3.362621,70.261291,0.151200,0.151200,0.302400,25.843367,34.007313,0.995419
car,car_0115.jpg,11308,3370,3.355490,70.198090,0.146500,0.155100,0.301600,24.867600,34.174465,0.997435
car,car_0116.jpg,11711,3620,3.235083,69.088891,0.167200,0.342100,0.509300,34.182133,32.792812,0.996127
car,car_0117.jpg,11300,3417,3.306994,69.761062,0.170900,0.163800,0.334700,28.866000,33.526938,0.996350
car,car_0118.jpg,12172,3630,3.353168,70.177456,0.162100,0.162300,0.324400,31.553933,33.140269,0.997029
car,car_0119.jpg,12082,3761,3.212443,68.871048,0.165800,0.161800,0.327600,34.187967,32.792071,0.996273
car,car_0120.jpg,13251,4091,3.239061,69.126858,0.168900,0.181700,0.350600,33.661667,32.859447,0.993886
car,car_0121.jpg,12065,3657,3.299152,69.689184,0.161200,0.181500,0.342700,32.653233,32.991542,0.995430
car,car_0122.jpg,12768,4019,3.176910,68.522870,0.187700,0.191300,0.379000,31.736100,33.115268,0.997812
car,car_0123.jpg,11428,3223,3.545765,71.797340,0.155400,0.163400,0.318800,29.039300,33.500942,0.995312
car,car_0124.jpg,11623,3662,3.173949,68.493504,0.157600,0.153100,0.310700,30.518900,33.285115,0.996747
car,car_0125.jpg,12517,3822,3.274987,69.465527,0.149500,0.166200,0.315700,35.718733,32.601843,0.997252
car,car_0126.jpg,13184,4150,3.176867,68.522451,0.135600,0.190200,0.325800,38.149867,32.315873,0.996240
car,car_0127.jpg,10491,3341,3.140078,68.153656,0.178300,0.181500,0.359800,30.944200,33.225011,0.997747
car,car_0128.jpg,15335,5032,3.047496,67.186175,0.135700,0.168800,0.304500,56.131333,30.638750,0.993275
car,car_0129.jpg,10609,3186,3.329881,69.968894,0.146400,0.149400,0.295800,26.007800,33.979767,0.995275
car,car_0130.jpg,13784,4385,3.143444,68.187754,0.113500,0.166200,0.279700,40.059667,32.103730,0.996360
car,car_0131.jpg,11996,4075,2.943804,66.030343,0.165000,0.153500,0.318500,37.642333,32.374038,0.997631
car,car_0132.jpg,11397,3556,3.205006,68.798807,0.177600,0.185800,0.363400,28.638933,33.561235,0.994502
car,car_0133.jpg,9901,3374,2.934499,65.922634,0.269500,0.779900,1.049400,29.913767,33.372093,0.997381
car,car_0134.jpg,13646,4248,3.212335,68.869999,0.177600,0.158000,0.335600,43.831167,31.712973,0.994764
car,car_0135.jpg,11011,3409,3.229979,69.040051,0.173000,0.171800,0.344800,29.136000,33.486504,0.996791
car,car_0136.jpg,13140,4026,3.263785,69.360731,0.160200,0.166800,0.327000,42.889667,31.807277,0.996922
car,car_0137.jpg,13379,4139,3.232423,69.063458,0.171800,0.180800,0.352600,36.152300,32.549444,0.994448
car,car_0138.jpg,12461,3781,3.295689,69.657331,0.146900,0.151900,0.298800,36.575200,32.498937,0.996491
car,car_0139.jpg,10421,3152,3.306155,69.753383,0.155200,0.145100,0.300300,27.506400,33.736466,0.996090
car,car_0140.jpg,11501,3464,3.320150,69.880880,0.148500,0.153300,0.301800,27.842900,33.683659,0.997157
car,car_0141.jpg,12316,3782,3.256478,69.291978,0.157700,0.158500,0.316200,35.151933,32.671311,0.996943
car,car_0142.jpg,12221,3747,3.261543,69.339661,0.155800,0.147600,0.303400,37.909067,32.343373,0.992980
car,car_0143.jpg,12986,4069,3.191448,68.666256,0.155800,0.169800,0.325600,36.719900,32.481789,0.995591
car,car_0144.jpg,11930,3686,3.236571,69.103101,0.158900,0.145100,0.304000,37.937700,32.340094,0.996606
car,car_0145.jpg,13258,4183,3.169496,68.449238,0.153700,0.167600,0.321300,46.847100,31.423976,0.994456
car,car_0146.jpg,10654,3270,3.258104,69.307302,0.134200,0.150500,0.284700,25.181733,34.119947,0.994600
car,car_0147.jpg,12227,3649,3.350781,70.156212,0.112200,0.159200,0.271400,29.652100,33.410249,0.996595
car,car_0148.jpg,10705,3181,3.365294,70.284914,0.117200,0.149000,0.266200,26.077200,33.968194,0.996534
car,car_0149.jpg,10204,3148,3.241423,69.149353,0.154800,0.139700,0.294500,23.837500,34.358197,0.997732
car,car_0150.jpg,12693,3955,3.209355,68.841094,0.112200,0.153600,0.265800,35.455333,32.633988,0.996417
car,car_0151.jpg,10907,3308,3.297158,69.670854,0.125000,0.150000,0.275000,28.460800,33.588333,0.995095
car,car_0152.jpg,14399,4575,3.147322,68.226960,0.162700,0.154700,0.317400,39.333767,32.183148,0.996572
car,car_0153.jpg,11166,3435,3.250655,69.236969,0.138000,0.186400,0.324400,21.727067,34.760793,0.997803
car,car_0154.jpg,12173,3929,3.098244,67.723651,0.161000,0.158800,0.319800,31.640900,33.128315,0.997823
car,car_0155.jpg,12626,3829,3.297467,69.673689,0.152200,0.162800,0.315000,34.405733,32.764495,0.994119
car,car_0156.jpg,11193,3304,3.387712,70.481551,0.152500,0.153400,0.305900,28.606767,33.566116,0.997154
car,car_0157.jpg,11510,3706,3.105774,67.801911,0.153600,0.152400,0.306000,32.415800,33.023236,0.994998
car,car_0158.jpg,12384,3848,3.218295,68.927649,0.140200,0.152400,0.292600,34.631933,32.736036,0.996681
car,car_0159.jpg,11495,3537,3.249929,69.230100,0.155400,0.144200,0.299600,29.627267,33.413888,0.995946
car,car_0160.jpg,10300,3119,3.302340,69.718447,0.190700,0.149100,0.339800,24.338933,34.267788,0.996217
car,car_0161.jpg,11436,3557,3.215069,68.896467,0.155100,0.157500,0.312600,30.413000,33.300211,0.996457
car,car_0162.jpg,11941,3737,3.195344,68.704464,0.146000,0.150100,0.296100,34.012467,32.814422,0.997137
car,car_0163.jpg,12816,4022,3.186474,68.617353,0.165400,0.145800,0.311200,35.806233,32.591217,0.996533
car,car_0164.jpg,12332,3776,3.265890,69.380474,0.120500,0.201800,0.322300,34.680300,32.729975,0.996267
car,car_0165.jpg,13107,4024,3.257207,69.298848,0.167000,0.163500,0.330500,42.859867,31.810295,0.996364
car,car_0166.jpg,12092,3606,3.353300,70.178630,0.154900,0.149500,0.304400,31.951767,33.085855,0.992997
car,car_0167.jpg,11394,3507,3.248931,69.220642,0.115600,0.145700,0.261300,33.550633,32.873796,0.996555
car,car_0168.jpg,11855,3540,3.348870,70.139182,0.162600,0.147700,0.310300,31.221700,33.186238,0.995235
car,car_0169.jpg,12855,3899,3.296999,69.669389,0.109100,0.151400,0.260500,32.547967,33.005565,0.995286
car,car_0170.jpg,11602,3456,3.357060,70.212032,0.155200,0.139400,0.294600,32.453000,33.018255,0.996675
car,car_0171.jpg,10828,3217,3.365869,70.289989,0.150800,0.149200,0.300000,26.381067,33.917880,0.993662
car,car_0172.jpg,11436,3466,3.299481,69.692200,0.131400,0.155400,0.286800,26.885433,33.835633,0.996226
car,car_0173.jpg,10329,3229,3.198823,68.738503,0.153000,0.146700,0.299700,24.328533,34.269644,0.997898
car,car_0174.jpg,11910,3735,3.188755,68.639798,0.225900,0.144000,0.369900,31.538333,33.142416,0.996640
car,car_0175.jpg,11425,3410,3.350440,70.153173,0.119600,0.137400,0.257000,28.901867,33.521545,0.996320
car,car_0176.jpg,12035,3757,3.203354,68.782717,0.163000,0.148300,0.311300,30.480000,33.290654,0.996397
car,car_0177.jpg,13610,4206,3.235854,69.096253,0.157800,0.170300,0.328100,42.090700,31.888942,0.996035
car,car_0178.jpg,12055,3764,3.202710,68.776441,0.160700,0.166900,0.327600,35.761500,32.596646,0.995261
car,car_0179.jpg,11924,3553,3.356037,70.202952,0.158100,0.150000,0.308100,26.921300,33.829843,0.995283
car,car_0180.jpg,11193,3419,3.273764,69.454123,0.108700,0.160200,0.268900,25.566367,34.054113,0.995998
car,car_0181.jpg,12526,3794,3.301529,69.711001,0.147500,0.275800,0.423300,32.324467,33.035490,0.995522
car,car_0182.jpg,12834,4031,3.183825,68.591242,0.156700,0.152900,0.309600,40.822133,32.021847,0.996521
car,car_0183.jpg,12039,3675,3.275918,69.474209,0.136400,0.149800,0.286200,28.805733,33.536014,0.995350
car,car_0184.jpg,13267,4116,3.223275,68.975654,0.110800,0.139500,0.250300,41.934133,31.905127,0.995855
car,car_0185.jpg,12377,3747,3.303176,69.726105,0.145600,0.127700,0.273300,33.187267,32.921089,0.996926
car,car_0186.jpg,11010,3409,3.229686,69.037239,0.101700,0.139300,0.241000,27.835100,33.684876,0.997111
car,car_0187.jpg,12293,3848,3.194647,68.697633,0.102900,0.128800,0.231700,31.954500,33.085483,0.997562
car,car_0188.jpg,12033,3684,3.266287,69.384193,0.145500,0.181400,0.326900,32.552300,33.004987,0.996988
car,car_0189.jpg,12832,3887,3.301261,69.708541,0.193600,0.157800,0.351400,34.452833,32.758554,0.994423
car,car_0190.jpg,13499,4226,3.194274,68.693977,0.173300,0.136900,0.310200,42.948700,31.801303,0.993802
car,car_0191.jpg,13939,4542,3.068912,67.415166,0.109300,0.137600,0.246900,44.007067,31.695579,0.997194
car,car_0192.jpg,11507,3601,3.195501,68.706005,0.102200,0.146800,0.249000,28.799167,33.537004,0.997202
car,car_0193.jpg,14075,4309,3.266419,69.385435,0.106300,0.134100,0.240400,41.451233,31.955429,0.996428
car,car_0194.jpg,12261,3877,3.162497,68.379414,0.167500,0.176100,0.343600,35.703367,32.603712,0.995627
car,car_0195.jpg,13288,4112,3.231518,69.054786,0.111600,0.150800,0.262400,42.345700,31.862710,0.994972
car,car_0196.jpg,11694,3703,3.157980,68.334188,0.148800,0.137100,0.285900,30.681733,33.262005,0.998318
car,car_0197.jpg,11950,3756,3.181576,68.569038,0.110900,0.158000,0.268900,29.966867,33.364390,0.996730
car,car_0198.jpg,13784,4575,3.012896,66.809344,0.127800,0.165000,0.292800,40.488833,32.057451,0.995480
car,car_0199.jpg,12970,3967,3.269473,69.414032,0.114600,0.146900,0.261500,43.433833,31.752522,0.992843
car,car_0200.jpg,12305,3880,3.171392,68.468102,0.115500,0.150800,0.266300,32.245733,33.046081,0.995063
car,car_0201.jpg,11256,3673,3.064525,67.368515,0.158100,0.153800,0.311900,32.402533,33.025014,0.996125
car,car_0202.jpg,12579,4262,2.951431,66.118133,0.177700,0.171900,0.349600,33.534367,32.875903,0.996495
car,car_0203.jpg,11273,3643,3.094428,67.683846,0.165500,0.170600,0.336100,31.964200,33.084165,0.996049
car,car_0204.jpg,11967,3900,3.068462,67.410379,0.182600,0.166000,0.348600,32.642333,32.992992,0.997671
car,car_0205.jpg,12987,4086,3.178414,68.537769,0.175700,0.171800,0.347500,34.915300,32.700646,0.996034
car,car_0206.jpg,11392,3707,3.073105,67.459621,0.167800,0.165900,0.333700,31.242033,33.183411,0.996523
car,car_0207.jpg,12195,3797,3.211746,68.864289,0.137000,0.158800,0.295800,33.480633,32.882867,0.995991
car,car_0208.jpg,10988,3343,3.286868,69.575901,0.149800,0.151800,0.301600,27.581967,33.724551,0.995562
car,car_0209.jpg,12061,4039,2.986135,66.511898,0.157500,0.153800,0.311300,30.725667,33.255790,0.996236
car,car_0210.jpg,12597,3880,3.246649,69.199016,0.150700,0.156200,0.306900,37.061667,32.441554,0.996044
car,car_0211.jpg,13251,4171,3.176936,68.523130,0.146000,0.191500,0.337500,38.540067,32.271679,0.995556
car,car_0212.jpg,12879,4013,3.209320,68.840749,0.114200,0.156900,0.271100,32.470733,33.015883,0.996245
car,car_0213.jpg,12725,3910,3.254476,69.273084,0.110100,0.145400,0.255500,37.662533,32.371708,0.996366
car,car_0214.jpg,12412,3911,3.173613,68.490171,0.105300,0.160400,0.265700,33.539833,32.875195,0.995645
car,car_0215.jpg,11769,3641,3.232354,69.062792,0.104500,0.151300,0.255800,30.469900,33.292093,0.996226
car,car_0216.jpg,10721,3467,3.092299,67.661599,0.153400,0.145500,0.298900,34.308600,32.776774,0.997563
car,car_0217.jpg,12196,3796,3.212856,68.875041,0.103400,0.139500,0.242900,32.295467,33.039388,0.997228
car,car_0218.jpg,11371,3482,3.265652,69.378243,0.102300,0.137800,0.240100,29.247033,33.469985,0.997050
car,car_0219.jpg,10452,3545,2.948378,66.083046,0.138600,0.154900,0.293500,28.682433,33.554644,0.997912
car,car_0220.jpg,10519,3442,3.056072,67.278258,0.131600,0.146800,0.278400,24.914267,34.166323,0.997413
car,car_0221.jpg,12524,4080,3.069608,67.422549,0.104300,0.156000,0.260300,36.471633,32.511251,0.995625
car,car_0222.jpg,11058,3736,2.959850,66.214505,0.133600,0.147100,0.280700,34.637133,32.735384,0.997521
car,car_0223.jpg,11655,3860,3.019430,66.881167,0.106900,0.151000,0.257900,26.569067,33.887041,0.993127
car,car_0224.jpg,11108,3679,3.019299,66.879726,0.098800,0.137000,0.235800,27.767633,33.695415,0.997879
car,car_0225.jpg,12431,4284,2.901727,65.537768,0.134300,0.160400,0.294700,34.048433,32.809832,0.996335
car,car_0226.jpg,12894,4045,3.187639,68.628820,0.154400,0.149800,0.304200,40.842567,32.019673,0.995109
car,car_0227.jpg,10808,3545,3.048801,67.200222,0.145600,0.143500,0.289100,31.303433,33.174884,0.997678
car,car_0228.jpg,12203,3736,3.266328,69.384578,0.100700,0.148000,0.248700,29.551900,33.424950,0.996254
car,car_0229.jpg,11126,3724,2.987648,66.528851,0.099200,0.146500,0.245700,33.595300,32.868018,0.997279
car,car_0230.jpg,12742,3979,3.202312,68.772563,0.130600,0.153200,0.283800,38.363067,32.291670,0.995685
car,car_0231.jpg,9782,3365,2.906984,65.600082,0.138700,0.137500,0.276200,28.329633,33.608394,0.998179
car,car_0232.jpg,11579,3716,3.115985,67.907419,0.162900,0.143100,0.306000,33.774100,32.844966,0.994885
car,car_0233.jpg,8858,3146,2.815639,64.484082,0.128300,0.128100,0.256400,22.267100,34.654167,0.998234
car,car_0234.jpg,12666,3865,3.277102,69.485236,0.141300,0.151000,0.292300,36.930400,32.456963,0.996428
car,car_0235.jpg,13062,4051,3.224389,68.986373,0.149300,0.151300,0.300600,39.098833,32.209166,0.991812
car,car_0236.jpg,9487,3209,2.956373,66.174765,0.145000,0.153200,0.298200,22.888167,34.534694,0.997519
car,car_0237.jpg,10240,3412,3.001172,66.679688,0.135700,0.145400,0.281100,29.399300,33.447434,0.997671
car,car_0238.jpg,12766,4419,2.888889,65.384615,0.162900,0.161300,0.324200,36.094600,32.556381,0.996074
car,car_0239.jpg,10826,3484,3.107348,67.818215,0.154000,0.147400,0.301400,28.880400,33.524772,0.995415
car,car_0240.jpg,10932,3303,3.309718,69.785950,0.138800,0.143900,0.282700,27.620967,33.718415,0.995184
car,car_0241.jpg,11738,3640,3.224725,68.989606,0.145100,0.149400,0.294500,29.652233,33.410230,0.997172
car,car_0242.jpg,12400,3969,3.124213,67.991935,0.131600,0.155300,0.286900,38.571767,32.268108,0.995891
car,car_0243.jpg,12289,3805,3.229698,69.037350,0.111100,0.266500,0.377600,31.328967,33.171343,0.997434
car,car_0244.jpg,12792,4053,3.156181,68.316135,0.200500,0.137800,0.338300,35.340433,32.648085,0.994072
car,car_0245.jpg,13219,4025,3.284224,69.551403,0.113900,0.135100,0.249000,41.213800,31.980377,0.996102
car,car_0246.jpg,11264,3522,3.198183,68.732244,0.148600,0.138900,0.287500,33.054433,32.938506,0.995682
car,car_0247.jpg,11844,3778,3.134992,68.101993,0.146300,0.156500,0.302800,37.953833,32.338247,0.996422
car,car_0248.jpg,11059,3692,2.995395,66.615426,0.191900,0.204800,0.396700,33.744133,32.848821,0.997093
car,car_0249.jpg,12109,3744,3.234241,69.080849,0.162900,0.156600,0.319500,31.558267,33.139672,0.996743
cat,cat_0000.jpg,39582,21402,1.849453,45.929968,1.391500,1.157500,2.549000,11.471427,37.534629,0.998586
cat,cat_0001.jpg,36644,18082,2.026546,50.654950,1.080700,0.757300,1.838000,6.848963,39.774556,0.998897
cat,cat_0002.jpg,21182,10041,2.109551,52.596544,0.609400,0.391600,1.001000,28.423794,33.593983,0.995910
cat,cat_0003.jpg,30319,15027,2.017635,50.437020,0.662600,0.620200,1.282800,9.603438,38.306536,0.998850
cat,cat_0004.jpg,48544,22312,2.175690,54.037574,1.021100,0.855100,1.876200,24.229907,34.287286,0.997637
cat,cat_0005.jpg,24422,12363,1.975410,49.377610,0.503300,0.596700,1.100000,25.245620,34.108943,0.996090
cat,cat_0006.jpg,29875,14049,2.126486,52.974059,0.599200,0.660300,1.259500,6.787283,39.813844,0.999259
cat,cat_0007.jpg,36540,18979,1.925286,48.059661,0.746100,0.643600,1.389700,14.653507,36.471388,0.998807
cat,cat_0008.jpg,43131,20881,2.065562,51.587026,0.727800,0.750500,1.478300,16.052399,36.075404,0.998483
cat,cat_0009.jpg,37587,17655,2.128972,53.028973,1.110100,0.696200,1.806300,12.084042,37.308681,0.996401
cat,cat_0010.jpg,67730,31730,2.134573,53.152222,1.638500,1.624800,3.263300,13.541464,36.814147,0.997337
cat,cat_0011.jpg,7004,3562,1.966311,49.143347,0.151100,0.164500,0.315600,21.736396,34.758928,0.992930
cat,cat_0012.jpg,39117,17700,2.210000,54.751131,1.364800,0.807400,2.172200,9.858651,38.192629,0.997044
cat,cat_0013.jpg,21468,10724,2.001865,50.046581,0.871800,0.859100,1.730900,7.416621,39.428743,0.999642
cat,cat_0014.jpg,45206,21436,2.108882,52.581516,1.021300,0.780600,1.801900,13.396512,36.860886,0.998327
cat,cat_0015.jpg,12101,6437,1.879913,46.806049,0.399000,0.333500,0.732500,9.185283,38.499878,0.997992
cat,cat_0016.jpg,8627,4467,1.931274,48.220702,0.237600,0.208900,0.446500,14.374319,36.554931,0.996068
cat,cat_0017.jpg,52525,24874,2.111643,52.643503,1.566000,1.141100,2.707100,7.951343,39.126399,0.999398
cat,cat_0018.jpg,18217,8907,2.045245,51.106110,0.317500,0.343200,0.660700,42.503461,31.846561,0.993203
cat,cat_0019.jpg,58507,29070,2.012625,50.313638,1.570300,1.463000,3.033300,11.288423,37.604471,0.998891
cat,cat_0020.jpg,40056,19496,2.054575,51.328141,1.221700,0.985900,2.207600,7.380292,39.450068,0.998259
cat,cat_0021.jpg,55443,28985,1.912817,47.721083,2.383100,1.491100,3.874200,7.543463,39.355096,0.998997
cat,cat_0022.jpg,95254,45236,2.105712,52.510131,9.842900,2.180600,12.023500,29.429116,33.443031,0.996200
cat,cat_0023.jpg,25817,13163,1.961331,49.014215,0.745600,0.773500,1.519100,9.799788,38.218637,0.999422
cat,cat_0024.jpg,35820,16965,2.111406,52.638191,0.835800,0.686800,1.522600,13.142280,36.944097,0.997557
cat,cat_0025.jpg,26909,11742,2.291688,56.364042,0.455400,0.481900,0.937300,13.419934,36.853300,0.997510
cat,cat_0026.jpg,21424,10109,2.119300,52.814600,0.332400,0.684600,1.017000,14.144412,36.624955,0.998863
cat,cat_0027.jpg,56658,27574,2.054762,51.332557,1.287400,0.992800,2.280200,15.027721,36.361872,0.996747
cat,cat_0028.jpg,14030,7293,1.923763,48.018532,0.190000,0.262700,0.452700,35.772575,32.595302,0.995415
cat,cat_0029.jpg,66411,31272,2.123657,52.911415,1.352800,1.331200,2.684000,12.862077,37.037693,0.998092
cat,cat_0030.jpg,39946,20566,1.942332,48.515496,0.792000,0.858400,1.650400,11.912431,37.370800,0.998398
cat,cat_0031.jpg,51169,24094,2.123724,52.912896,1.126400,1.088400,2.214800,10.750393,37.816560,0.999480
cat,cat_0032.jpg,14768,7579,1.948542,48.679577,0.294100,0.389400,0.683500,11.342568,37.583690,0.998986
cat,cat_0033.jpg,53966,28133,1.918245,47.869029,1.097200,0.775600,1.872800,13.428648,36.850481,0.998660
cat,cat_0034.jpg,75470,36742,2.054053,51.315755,1.925700,1.264200,3.189900,10.869741,37.768612,0.998959
cat,cat_0035.jpg,66351,31009,2.139734,53.265211,1.690800,1.834200,3.525000,30.294708,33.317136,0.995142
cat,cat_0036.jpg,16306,8440,1.931991,48.239912,0.372300,0.473700,0.846000,13.418968,36.853613,0.999214
cat,cat_0037.jpg,14477,7046,2.054641,51.329695,0.354500,0.368400,0.722900,8.983518,38.596339,0.997767
cat,cat_0038.jpg,23424,11402,2.054376,51.323429,0.803700,0.596000,1.399700,4.799400,41.318934,0.999584
cat,cat_0039.jpg,27792,14110,1.969667,49.229994,0.432900,0.544500,0.977400,10.953224,37.735384,0.999307
cat,cat_0040.jpg,61811,28946,2.135390,53.170148,1.387000,1.116400,2.503400,18.205624,35.528748,0.998123
cat,cat_0041.jpg,29814,13998,2.129876,53.048903,0.629900,0.677700,1.307600,11.821443,37.404099,0.996272
cat,cat_0042.jpg,47003,21714,2.164640,53.802949,1.419200,1.207400,2.626600,7.740408,39.243165,0.998281
cat,cat_0043.jpg,27531,13505,2.038578,50.946206,0.603600,0.635600,1.239200,29.346658,33.455217,0.995865
cat,cat_0044.jpg,56039,26958,2.078752,51.894217,2.370700,2.576100,4.946800,12.530221,37.151216,0.998446
cat,cat_0045.jpg,17992,8459,2.126965,52.984660,0.491100,0.469400,0.960500,7.188221,39.564589,0.999206
cat,cat_0046.jpg,24265,12355,1.963982,49.083041,0.480900,0.495000,0.975900,20.695462,34.972052,0.997897
cat,cat_0047.jpg,13876,7112,1.951069,48.746036,0.448000,0.379300,0.827300,7.250406,39.527180,0.997506
cat,cat_0048.jpg,49547,23151,2.140167,53.274668,1.184800,1.824600,3.009400,8.633930,38.768718,0.999057
cat,cat_0049.jpg,20796,10665,1.949930,48.716099,0.636600,0.521800,1.158400,6.345202,40.106349,0.998833
cat,cat_0050.jpg,37970,17736,2.140843,53.289439,1.013800,2.219700,3.233500,6.999893,39.679889,0.999424
cat,cat_0051.jpg,20188,9542,2.115699,52.734298,0.569300,1.415800,1.985100,5.792056,40.502476,0.999362
cat,cat_0052.jpg,54881,27964,1.962559,49.046118,1.877800,2.011400,3.889200,8.612402,38.779561,0.999466
cat,cat_0053.jpg,22822,11724,1.946605,48.628516,0.385300,0.578100,0.963400,10.081073,38.095736,0.999207
cat,cat_0054.jpg,24528,11714,2.093905,52.242335,0.496100,0.479700,0.975800,19.530332,35.223707,0.998264
cat,cat_0055.jpg,11532,5456,2.113636,52.688172,0.261800,0.356400,0.618200,6.358718,40.097108,0.995227
cat,cat_0056.jpg,36909,17409,2.120110,52.832642,1.301100,1.891300,3.192400,10.664649,37.851338,0.998849
cat,cat_0057.jpg,33117,15509,2.135341,53.169067,0.726100,0.921800,1.647900,16.003663,36.088610,0.996340
cat,cat_0058.jpg,43218,19415,2.226011,55.076588,1.138000,0.844500,1.982500,8.572912,38.799520,0.999013
cat,cat_0059.jpg,87803,44008,1.995160,49.878706,1.481700,1.222400,2.704100,22.275800,34.652470,0.995821
cat,cat_0060.jpg,22969,11300,2.032655,50.803257,0.470000,0.461800,0.931800,24.601740,34.221145,0.996993
cat,cat_0061.jpg,11994,6149,1.950561,48.732700,0.217000,0.286000,0.503000,9.682631,38.270870,0.999417
cat,cat_0062.jpg,17935,9137,1.962898,49.054921,0.729400,0.467600,1.197000,3.350966,42.879104,0.999087
cat,cat_0063.jpg,10770,5706,1.887487,47.019499,0.187800,0.200900,0.388700,9.915747,38.167549,0.996237
cat,cat_0064.jpg,45408,22688,2.001410,50.035236,0.729100,0.675700,1.404800,26.956701,33.824136,0.996094
cat,cat_0065.jpg,46049,23332,1.973641,49.332233,1.084800,0.925800,2.010600,10.420138,37.952069,0.999093
cat,cat_0066.jpg,29890,13983,2.137596,53.218468,0.437100,0.520200,0.957300,10.317225,37.995175,0.999182
cat,cat_0067.jpg,35084,17090,2.052896,51.288337,0.932200,0.556900,1.489100,7.907171,39.150592,0.999164
cat,cat_0068.jpg,52334,25970,2.015171,50.376428,0.462900,0.720000,1.182900,60.287937,30.328499,0.993614
cat,cat_0069.jpg,79159,35547,2.226883,55.094178,1.391000,1.168600,2.559600,15.486458,36.231283,0.995021
cat,cat_0070.jpg,82442,39333,2.096001,52.290095,1.220500,1.325800,2.546300,34.280671,32.780310,0.992287
cat,cat_0071.jpg,14910,7631,1.953872,48.819584,0.268400,0.303900,0.572300,11.148434,37.658665,0.994630
cat,cat_0072.jpg,70222,32907,2.133953,53.138618,1.090100,0.956900,2.047000,19.592202,35.209971,0.996498
cat,cat_0073.jpg,66112,29623,2.231779,55.192703,1.781100,1.033300,2.814400,9.755569,38.238278,0.997654
cat,cat_0074.jpg,16405,7550,2.172848,53.977446,0.238300,0.236400,0.474700,17.059803,35.811064,0.996490
cat,cat_0075.jpg,22976,10944,2.099415,52.367688,0.452900,0.443100,0.896000,22.128965,34.681193,0.994407
cat,cat_0076.jpg,48599,21980,2.211056,54.772732,0.964800,0.661100,1.625900,13.101902,36.957460,0.998371
cat,cat_0077.jpg,39264,18274,2.148626,53.458639,1.082200,0.685000,1.767200,4.506061,41.592833,0.999446
cat,cat_0078.jpg,30159,14906,2.023279,50.575284,0.491100,0.442000,0.933100,28.908171,33.520597,0.996758
cat,cat_0079.jpg,31401,15172,2.069668,51.683067,0.827600,0.609700,1.437300,7.918855,39.144180,0.999400
cat,cat_0080.jpg,27690,14075,1.967318,49.169375,0.560000,0.690100,1.250100,11.564668,37.499472,0.998108
cat,cat_0081.jpg,22619,11228,2.014517,50.360317,0.358600,0.470500,0.829100,12.175575,37.275909,0.998823
cat,cat_0082.jpg,16607,7982,2.080556,51.935931,0.325900,0.320700,0.646600,10.736906,37.822012,0.998880
cat,cat_0083.jpg,34748,16159,2.150381,53.496604,0.865700,0.590700,1.456400,8.196342,38.994603,0.998697
cat,cat_0084.jpg,66680,30825,2.163179,53.771746,1.402100,1.051300,2.453400,8.342970,38.917597,0.999029
cat,cat_0085.jpg,30753,12573,2.445956,59.116184,0.372400,0.367600,0.740000,18.683794,35.416153,0.989327
cat,cat_0086.jpg,48248,22865,2.110125,52.609435,0.795700,0.784100,1.579800,24.297349,34.275215,0.998517
cat,cat_0087.jpg,17582,8509,2.066283,51.603913,0.214200,0.238400,0.452600,25.276448,34.103643,0.991250
cat,cat_0088.jpg,44675,21118,2.115494,52.729715,0.875200,0.618000,1.493200,18.201889,35.529639,0.996523
cat,cat_0089.jpg,58103,26353,2.204796,54.644339,1.250200,0.881600,2.131800,10.042274,38.112483,0.998561
cat,cat_0090.jpg,19812,9983,1.984574,49.611347,0.296500,0.385800,0.682300,12.103821,37.301579,0.998429
cat,cat_0091.jpg,11900,5817,2.045728,51.117647,0.224200,0.212400,0.436600,7.785290,39.218056,0.999214
cat,cat_0092.jpg,40605,19293,2.104649,52.486147,0.469000,0.483700,0.952700,17.777692,35.632050,0.997798
cat,cat_0093.jpg,37482,15241,2.459287,59.337815,0.409100,0.591400,1.000500,25.211424,34.114830,0.992961
cat,cat_0094.jpg,42858,21581,1.985914,49.645340,0.845300,0.722700,1.568000,12.838907,37.045523,0.999409
cat,cat_0095.jpg,52124,24613,2.117743,52.779909,1.107600,0.732000,1.839600,6.968990,39.699105,0.999248
cat,cat_0096.jpg,22553,10953,2.059071,51.434399,0.350500,0.343400,0.693900,15.081189,36.346448,0.998959
cat,cat_0097.jpg,47261,23158,2.040807,50.999767,1.175500,0.858600,2.034100,5.948736,40.386557,0.999064
cat,cat_0098.jpg,41357,19863,2.082112,51.971855,0.700000,0.546300,1.246300,14.351181,36.561927,0.998788
cat,cat_0099.jpg,44124,20743,2.127175,52.989303,1.031400,0.903700,1.935100,4.994945,41.145496,0.999358
cat,cat_0100.jpg,68376,32984,2.073005,51.760852,1.174500,0.897600,2.072100,20.280205,35.060080,0.996564
cat,cat_0101.jpg,30674,15810,1.940164,48.457977,1.038900,1.011100,2.050000,3.082168,43.242240,0.999154
cat,cat_0102.jpg,25440,11835,2.149556,53.478774,0.338700,0.381800,0.720500,22.019513,34.702726,0.998208
cat,cat_0103.jpg,25745,12496,2.060259,51.462420,0.279300,0.389600,0.668900,32.572831,33.002249,0.995594
cat,cat_0104.jpg,38856,19081,2.036371,50.893041,1.001400,0.704300,1.705700,3.910582,42.208390,0.999024
cat,cat_0105.jpg,80241,40738,1.969684,49.230443,1.430600,1.351500,2.782100,8.444719,38.864952,0.999259
cat,cat_0106.jpg,35204,17016,2.068876,51.664584,0.962000,0.847600,1.809600,10.560809,37.893832,0.998522
cat,cat_0107.jpg,33705,15390,2.190058,54.339119,0.541700,0.724800,1.266500,10.186373,38.050608,0.998828
cat,cat_0108.jpg,10425,5367,1.942426,48.517986,0.167500,0.231400,0.398900,24.879467,34.172393,0.996220
cat,cat_0109.jpg,18702,9232,2.025780,50.636296,0.326200,0.412400,0.738600,6.826711,39.788689,0.997266
cat,cat_0110.jpg,70791,36037,1.964398,49.093811,1.342800,0.985200,2.328000,23.576191,34.406067,0.996151
cat,cat_0111.jpg,29959,14646,2.045541,51.113188,0.836900,0.643500,1.480400,9.096424,38.542097,0.999235
cat,cat_0112.jpg,41820,21021,1.989439,49.734577,0.442800,0.590300,1.033100,57.666029,30.521603,0.992732
cat,cat_0113.jpg,58371,28181,2.071289,51.720889,0.927100,0.952700,1.879800,28.343628,33.606249,0.997609
cat,cat_0114.jpg,38470,19261,1.997300,49.932415,0.608200,0.518400,1.126600,14.011678,36.665902,0.998744
cat,cat_0115.jpg,54858,25213,2.175782,54.039520,1.292400,0.913000,2.205400,10.156764,38.063250,0.999362
cat,cat_0116.jpg,38020,17149,2.217039,54.894792,0.409300,0.434300,0.843600,35.023516,32.687206,0.993984
cat,cat_0117.jpg,55969,29023,1.928436,48.144509,1.224800,0.985900,2.210700,7.273970,39.513089,0.997903
cat,cat_0118.jpg,31584,15815,1.997091,49.927178,0.323500,0.453700,0.777200,46.775032,31.430663,0.995567
cat,cat_0119.jpg,28773,14152,2.033140,50.815000,0.421700,0.555400,0.977100,7.386077,39.446665,0.999299
cat,cat_0120.jpg,44261,20505,2.158547,53.672533,1.007600,0.703200,1.710800,6.998766,39.680589,0.999548
cat,cat_0121.jpg,8632,4663,1.851169,45.980074,0.202700,0.191300,0.394000,13.800295,36.731920,0.998535
cat,cat_0122.jpg,20690,10011,2.066727,51.614306,0.326600,0.368700,0.695300,11.180164,37.646322,0.999096
cat,cat_0123.jpg,57077,26824,2.127833,53.003837,0.944000,0.684900,1.628900,28.980441,33.509754,0.996815
cat,cat_0124.jpg,30869,14546,2.122164,52.878292,1.042800,0.702300,1.745100,4.868329,41.257004,0.999184
cat,cat_0125.jpg,39405,18846,2.090895,52.173582,0.942500,0.718300,1.660800,13.846093,36.717531,0.998378
cat,cat_0126.jpg,17144,8494,2.018366,50.454970,0.292900,0.267500,0.560400,17.106930,35.799083,0.998161
cat,cat_0127.jpg,40615,20147,2.015933,50.395174,1.282800,1.009300,2.292100,7.283534,39.507382,0.998920
cat,cat_0128.jpg,46409,23479,1.976617,49.408520,1.031400,0.947900,1.979300,11.870333,37.386174,0.998141
cat,cat_0129.jpg,49655,23176,2.142518,53.325949,1.333600,1.286400,2.620000,6.593245,39.939812,0.999614
cat,cat_0130.jpg,49117,22535,2.179587,54.119755,2.371400,1.094500,3.465900,9.950201,38.152485,0.999185
cat,cat_0131.jpg,30986,14109,2.196187,54.466533,0.827400,1.571900,2.399300,8.723923,38.723685,0.999304
cat,cat_0132.jpg,21667,11189,1.936455,48.359256,0.498600,0.553200,1.051800,12.393498,37.198865,0.999155
cat,cat_0133.jpg,17835,8481,2.102936,52.447435,0.224200,0.333800,0.558000,44.979353,31.600672,0.985372
cat,cat_0134.jpg,41548,19639,2.115586,52.731780,1.177000,0.952500,2.129500,9.550375,38.330599,0.999232
cat,cat_0135.jpg,49950,25903,1.928348,48.142142,1.090600,0.862300,1.952900,8.723938,38.723678,0.998819
cat,cat_0136.jpg,56265,27462,2.048831,51.191682,1.191600,0.828800,2.020400,15.023998,36.362948,0.998966
cat,cat_0137.jpg,11573,5870,1.971550,49.278493,0.200000,0.215000,0.415000,8.267375,38.957127,0.998669
cat,cat_0138.jpg,77189,39938,1.932721,48.259467,1.131000,1.064200,2.195200,22.814159,34.548759,0.996282
cat,cat_0139.jpg,97793,46445,2.105566,52.506826,1.450800,1.254000,2.704800,21.159990,34.875649,0.997933
cat,cat_0140.jpg,41959,20318,2.065115,51.576539,1.140400,0.819800,1.960200,4.867096,41.258105,0.998932
cat,cat_0141.jpg,14783,7056,2.095096,52.269499,0.277700,0.264100,0.541800,8.042814,39.076723,0.998867
cat,cat_0142.jpg,48712,23101,2.108653,52.576367,1.110200,0.697400,1.807600,8.389573,38.893405,0.998700
cat,cat_0143.jpg,43707,20061,2.178705,54.101174,0.836500,0.868500,1.705000,11.040911,37.700754,0.999318
cat,cat_0144.jpg,10413,5397,1.929405,48.170556,0.161000,0.184900,0.345900,30.382673,33.304544,0.997366
cat,cat_0145.jpg,41777,20336,2.054337,51.322498,1.386600,0.940400,2.327000,9.898989,38.174895,0.999318
cat,cat_0146.jpg,15379,7334,2.096946,52.311594,0.340400,0.328400,0.668800,9.365592,38.415451,0.998920
cat,cat_0147.jpg,16145,8115,1.989526,49.736761,0.328400,0.534500,0.862900,4.396406,41.699825,0.999600
cat,cat_0148.jpg,21827,10395,2.099759,52.375498,0.325100,0.399900,0.725000,12.127299,37.293163,0.998553
cat,cat_0149.jpg,12928,6793,1.903136,47.455136,0.183700,0.193600,0.377300,11.650919,37.467202,0.998664
cat,cat_0150.jpg,11870,6238,1.902853,47.447346,0.157500,0.232200,0.389700,19.768028,35.171170,0.998392
cat,cat_0151.jpg,72664,33965,2.139379,53.257459,2.071500,1.358800,3.430300,9.290523,38.450402,0.999445
cat,cat_0152.jpg,60406,31825,1.898068,47.314836,1.044000,1.137400,2.181400,12.121100,37.295383,0.998500
cat,cat_0153.jpg,32256,14902,2.164542,53.800843,0.414200,0.525900,0.940100,10.493513,37.921595,0.999247
cat,cat_0154.jpg,12264,6596,1.859309,46.216569,0.194900,0.268300,0.463200,13.227118,36.916151,0.998509
cat,cat_0155.jpg,58775,27912,2.105725,52.510421,1.147900,0.929600,2.077500,9.313684,38.439588,0.998825
cat,cat_0156.jpg,27645,13837,1.997904,49.947549,0.274400,0.339300,0.613700,55.681131,30.673723,0.992078
cat,cat_0157.jpg,18016,8874,2.030201,50.743783,0.256800,0.346200,0.603000,13.418644,36.853717,0.998748
cat,cat_0158.jpg,15354,7378,2.081052,51.947375,0.223400,0.264600,0.488000,19.817892,35.160229,0.994280
cat,cat_0159.jpg,35461,17589,2.016090,50.399030,0.888300,0.769300,1.657600,7.598436,39.323562,0.999210
cat,cat_0160.jpg,62763,31537,1.990139,49.752243,1.403900,1.209600,2.613500,24.626519,34.216773,0.997861
cat,cat_0161.jpg,18572,9081,2.045149,51.103812,0.740700,0.425200,1.165900,12.019459,37.331955,0.998063
cat,cat_0162.jpg,22270,10612,2.098568,52.348451,0.961900,0.629500,1.591400,6.664409,39.893187,0.999394
cat,cat_0163.jpg,27644,13065,2.115882,52.738388,0.712600,1.855800,2.568400,13.524463,36.819603,0.998432
cat,cat_0164.jpg,45275,22107,2.047994,51.171728,1.173700,0.908400,2.082100,13.978923,36.676067,0.999085
cat,cat_0165.jpg,52470,26398,1.987651,49.689346,1.819500,1.546200,3.365700,6.719299,39.857564,0.999343
cat,cat_0166.jpg,52499,27115,1.936161,48.351397,1.202400,2.904200,4.106600,34.221131,32.787860,0.997038
cat,cat_0167.jpg,75160,36227,2.074696,51.800160,1.855500,3.931500,5.787000,10.925578,37.746359,0.998613
cat,cat_0168.jpg,42801,20705,2.067182,51.624962,1.171500,2.645500,3.817000,6.659003,39.896711,0.998748
cat,cat_0169.jpg,54307,29778,1.823729,45.167290,1.622400,1.115800,2.738200,2.532924,44.094582,0.999928
cat,cat_0170.jpg,51253,23444,2.186188,54.258287,1.742200,1.412400,3.154600,7.581781,39.333092,0.998369
cat,cat_0171.jpg,24490,13258,1.847187,45.863618,1.129100,0.738100,1.867200,6.935199,39.720214,0.999581
cat,cat_0172.jpg,12257,6093,2.011653,50.289630,0.370700,0.508000,0.878700,10.568366,37.890725,0.999340
cat,cat_0173.jpg,28150,13456,2.092004,52.198934,0.844400,0.766100,1.610500,11.480999,37.531007,0.997276
cat,cat_0174.jpg,40535,18684,2.169503,53.906501,1.273400,1.015400,2.288800,11.151550,37.657451,0.998557
cat,cat_0175.jpg,23686,11321,2.092218,52.203833,0.491300,0.450700,0.942000,7.866853,39.172793,0.998743
cat,cat_0176.jpg,40120,20197,1.986434,49.658524,1.090000,0.950300,2.040300,8.407695,38.884034,0.998915
cat,cat_0177.jpg,54775,26980,2.030208,50.743953,1.044500,0.740200,1.784700,19.464176,35.238443,0.998668
cat,cat_0178.jpg,62505,31533,1.982209,49.551236,1.222800,1.189500,2.412300,25.481841,34.068496,0.995546
cat,cat_0179.jpg,47851,23743,2.015373,50.381392,1.024000,1.020900,2.044900,15.824456,36.137516,0.998868
cat,cat_0180.jpg,51699,25071,2.062104,51.505832,0.963400,0.742600,1.706000,12.069038,37.314077,0.999080
cat,cat_0181.jpg,17608,8992,1.958185,48.932303,0.324400,0.427700,0.752100,6.629980,39.915682,0.998319
cat,cat_0182.jpg,7091,3755,1.888415,47.045551,0.150800,0.186300,0.337100,10.627306,37.866572,0.996335
cat,cat_0183.jpg,43107,23172,1.860306,46.245389,0.810600,0.774500,1.585100,30.753130,33.251910,0.996558
cat,cat_0184.jpg,23253,11642,1.997337,49.933342,0.715500,0.476500,1.192000,14.416557,36.542188,0.998856
cat,cat_0185.jpg,45200,21974,2.056976,51.384956,0.762700,0.590100,1.352800,16.090259,36.065173,0.998481
cat,cat_0186.jpg,32523,15148,2.147016,53.423731,0.519600,0.647300,1.166900,11.940107,37.360721,0.998081
cat,cat_0187.jpg,42929,20894,2.054609,51.328938,1.028500,0.786200,1.814700,5.433958,40.779641,0.999483
cat,cat_0188.jpg,34453,16046,2.147139,53.426407,1.116000,0.963700,2.079700,3.535669,42.646088,0.999692
cat,cat_0189.jpg,9419,5373,1.753024,42.955728,0.150000,0.170200,0.320200,15.226598,36.304775,0.996958
cat,cat_0190.jpg,32244,17128,1.882532,46.880040,0.467000,0.595300,1.062300,6.576061,39.951145,0.999355
cat,cat_0191.jpg,44549,22091,2.016613,50.411906,0.957700,0.684600,1.642300,25.404509,34.081695,0.997492
cat,cat_0192.jpg,58770,26666,2.203930,54.626510,1.127900,0.850800,1.978700,20.311669,35.053348,0.996812
cat,cat_0193.jpg,57879,27075,2.137729,53.221376,1.072000,1.013100,2.085100,17.977391,35.583537,0.998639
cat,cat_0194.jpg,55712,26839,2.075785,51.825460,1.004300,0.732000,1.736300,13.925613,36.692660,0.998491
cat,cat_0195.jpg,20967,9811,2.137091,53.207421,0.377400,0.370400,0.747800,7.170912,39.575060,0.996839
cat,cat_0196.jpg,35662,15768,2.261669,55.784869,0.804100,0.567600,1.371700,13.562107,36.807532,0.996342
cat,cat_0197.jpg,6748,3519,1.917590,47.851215,0.146800,0.196600,0.343400,10.416515,37.953579,0.998012
cat,cat_0198.jpg,4959,2804,1.768545,43.456342,0.085800,0.105700,0.191500,23.416644,34.435557,0.996145
cat,cat_0199.jpg,17746,8930,1.987234,49.678801,0.243100,0.330700,0.573800,16.258761,36.019929,0.998785
cat,cat_0200.jpg,25108,11970,2.097577,52.325952,0.736900,0.569900,1.306800,3.448450,42.754565,0.998925
cat,cat_0201.jpg,69826,34169,2.043548,51.065506,1.480800,1.025400,2.506200,19.283118,35.279031,0.998530
cat,cat_0202.jpg,18532,8919,2.077811,51.872437,0.347200,0.454900,0.802100,5.062448,41.087198,0.997950
cat,cat_0203.jpg,46341,21538,2.151593,53.522798,1.142100,0.896900,2.039000,16.906901,35.850164,0.998187
cat,cat_0204.jpg,23227,11179,2.077735,51.870668,0.381200,0.565300,0.946500,5.764525,40.523169,0.999267
cat,cat_0205.jpg,52887,23548,2.245923,55.474880,1.393300,1.185700,2.579000,8.935867,38.619437,0.999111
cat,cat_0206.jpg,24263,12354,1.963979,49.082966,0.312900,0.331300,0.644200,20.322856,35.050956,0.998048
cat,cat_0207.jpg,57446,29042,1.978032,49.444696,1.115000,0.844300,1.959300,12.959366,37.004966,0.998543
cat,cat_0208.jpg,35030,16565,2.114700,52.711961,0.912000,0.624600,1.536600,10.936019,37.742211,0.998652
cat,cat_0209.jpg,35726,16794,2.127307,52.992219,0.446300,0.629100,1.075400,22.245112,34.658458,0.998792
cat,cat_0210.jpg,68275,32454,2.103747,52.465763,1.202600,1.119600,2.322200,20.034490,35.113021,0.996953
cat,cat_0211.jpg,49850,25822,1.930524,48.200602,1.386300,0.905800,2.292100,6.012309,40.340391,0.999547
cat,cat_0212.jpg,66559,30912,2.153177,53.556995,1.236800,1.369600,2.606400,12.345646,37.215665,0.998455
cat,cat_0213.jpg,28459,14085,2.020518,50.507748,0.790000,0.611600,1.401600,5.015552,41.127616,0.999412
cat,cat_0214.jpg,51917,26662,1.947228,48.644953,0.858500,0.838200,1.696700,18.637233,35.426989,0.996774
cat,cat_0215.jpg,24635,13394,1.839256,45.630201,0.467600,0.538600,1.006200,6.476209,40.017595,0.999164
cat,cat_0216.jpg,23476,12170,1.929006,48.159823,0.314800,0.412700,0.727500,17.927909,35.595507,0.998576
cat,cat_0217.jpg,37847,18966,1.995518,49.887706,1.010700,0.853300,1.864000,6.597634,39.936921,0.999508
cat,cat_0218.jpg,21193,11046,1.918613,47.879017,0.355000,0.352200,0.707200,9.007246,38.584883,0.998838
cat,cat_0219.jpg,14910,7507,1.986146,49.651241,0.264700,0.287600,0.552300,9.254446,38.467299,0.999279
cat,cat_0220.jpg,48436,25530,1.897219,47.291271,1.092600,0.848800,1.941400,4.892700,41.235318,0.999716
cat,cat_0221.jpg,10899,5770,1.888908,47.059363,0.372500,0.206100,0.578600,11.996361,37.340308,0.995549
cat,cat_0222.jpg,44791,17634,2.540036,60.630484,0.830500,0.745600,1.576100,18.105202,35.552770,0.991815
cat,cat_0223.jpg,37176,22827,1.628598,38.597482,1.247800,1.079500,2.327300,2.817796,43.631708,0.999964
cat,cat_0224.jpg,64961,33310,1.950195,48.723080,1.429500,1.073100,2.502600,6.645542,39.905500,0.999628
cat,cat_0225.jpg,37642,19287,1.951677,48.762021,0.968400,0.606000,1.574400,6.717416,39.858781,0.998905
cat,cat_0226.jpg,39367,18634,2.112644,52.665938,1.000100,0.757200,1.757300,6.639548,39.909418,0.999667
cat,cat_0227.jpg,35724,17632,2.026089,50.643825,1.013900,0.681900,1.695800,6.215217,40.196241,0.999349
cat,cat_0228.jpg,21973,10493,2.094063,52.245938,0.310400,0.302900,0.613300,16.016191,36.085211,0.998563
cat,cat_0229.jpg,48342,24387,1.982286,49.553184,1.089800,0.806400,1.896200,10.655074,37.855239,0.999122
cat,cat_0230.jpg,73251,34292,2.136096,53.185622,1.330900,1.200100,2.531000,17.405280,35.723994,0.997629
cat,cat_0231.jpg,44507,22025,2.020749,50.513402,0.939600,0.679000,1.618600,8.140948,39.024054,0.999516
cat,cat_0232.jpg,40117,19446,2.062995,51.526784,0.951600,0.654600,1.606200,11.108775,37.674142,0.998323
cat,cat_0233.jpg,30705,14826,2.071024,51.714704,0.372100,0.409200,0.781300,19.342396,35.265701,0.996858
cat,cat_0234.jpg,32695,15137,2.159939,53.702401,0.482500,0.684800,1.167300,10.160900,38.061482,0.998960
cat,cat_0235.jpg,54039,25287,2.137027,53.206018,1.126500,0.790600,1.917100,9.559590,38.326411,0.999118
cat,cat_0236.jpg,44251,22086,2.003577,50.089264,0.645300,0.785100,1.430400,50.298658,31.115240,0.992993
cat,cat_0237.jpg,64911,32772,1.980685,49.512409,0.966800,0.973900,1.940700,46.506954,31.455625,0.994442
cat,cat_0238.jpg,18460,9146,2.018369,50.455038,0.337400,0.383300,0.720700,8.714794,38.728233,0.999183
cat,cat_0239.jpg,10834,5432,1.994477,49.861547,0.176500,0.250300,0.426800,10.809366,37.792802,0.997985
cat,cat_0240.jpg,49827,25315,1.968280,49.194212,1.218600,1.121900,2.340500,15.070359,36.349568,0.997421
cat,cat_0241.jpg,61473,30137,2.039785,50.975225,1.135200,1.177000,2.312200,33.667834,32.858652,0.995477
cat,cat_0242.jpg,49780,22977,2.166514,53.842909,1.413200,1.101600,2.514800,5.545558,40.691351,0.999373
cat,cat_0243.jpg,15902,7662,2.075437,51.817381,0.257300,0.266200,0.523500,15.923641,36.110380,0.998240
cat,cat_0244.jpg,40379,20183,2.000644,50.016097,1.175400,0.759500,1.934900,10.381346,37.968267,0.999307
cat,cat_0245.jpg,24597,11843,2.076923,51.851852,0.530200,0.429000,0.959200,6.324762,40.120362,0.998544
cat,cat_0246.jpg,19233,9227,2.084426,52.025165,0.231500,0.342800,0.574300,36.009977,32.566575,0.994001
cat,cat_0247.jpg,43451,21995,1.975494,49.379761,0.547300,0.810300,1.357600,21.714476,34.763310,0.996642
cat,cat_0248.jpg,33608,15888,2.115307,52.725542,11.096700,1.393100,12.489800,8.413755,38.880905,0.999202
cat,cat_0249.jpg,32350,15476,2.090333,52.160742,0.823600,0.760500,1.584100,9.884663,38.181185,0.998284
dog,dog_0000.jpg,8562,4880,1.754508,43.003971,0.182900,0.190000,0.372900,53.336086,30.860592,0.991424
dog,dog_0001.jpg,9981,6126,1.629285,38.623384,0.240100,0.240300,0.480400,4.622333,41.482192,0.999785
dog,dog_0002.jpg,54954,27918,1.968407,49.197511,1.115100,1.014600,2.129700,15.783755,36.148700,0.998811
dog,dog_0003.jpg,47965,22384,2.142825,53.332638,1.053300,1.078600,2.131900,9.205691,38.490240,0.998961
dog,dog_0004.jpg,27897,13300,2.097519,52.324623,0.543700,0.559500,1.103200,12.692614,37.095293,0.998582
dog,dog_0005.jpg,20266,11462,1.768103,43.442218,0.248600,0.324700,0.573300,25.698096,34.031794,0.994246
dog,dog_0006.jpg,65153,31446,2.071901,51.735147,1.058400,0.851400,1.909800,16.050240,36.075988,0.998276
dog,dog_0007.jpg,45674,24166,1.890011,47.090248,0.935100,0.653400,1.588500,9.069100,38.555162,0.999410
dog,dog_0008.jpg,28623,13965,2.049624,51.210565,0.475100,0.505700,0.980800,8.419178,38.878107,0.997983
dog,dog_0009.jpg,58714,28397,2.067613,51.635044,1.255100,0.944700,2.199800,9.791201,38.222444,0.998601
dog,dog_0010.jpg,7145,3825,1.867974,46.466060,0.127400,0.190500,0.317900,21.143859,34.878961,0.989392
dog,dog_0011.jpg,29487,14526,2.029946,50.737613,0.454000,0.728100,1.182100,10.081876,38.095390,0.998952
dog,dog_0012.jpg,14970,8154,1.835909,45.531062,0.182000,0.291300,0.473300,52.605333,30.920506,0.989642
dog,dog_0013.jpg,20001,10052,1.989753,49.742513,0.268200,0.270400,0.538600,29.102786,33.491458,0.997614
dog,dog_0014.jpg,25650,12630,2.030879,50.760234,0.331800,0.386100,0.717900,19.931889,35.135319,0.997287
dog,dog_0015.jpg,39215,18506,2.119042,52.808874,0.941300,0.656700,1.598000,10.050484,38.108934,0.998407
dog,dog_0016.jpg,41086,19641,2.091849,52.195395,0.820800,0.587300,1.408100,12.808242,37.055908,0.999110
dog,dog_0017.jpg,44656,23442,1.904957,47.505374,1.125600,0.836400,1.962000,6.110807,40.269818,0.999027
dog,dog_0018.jpg,23123,11214,2.061976,51.502833,0.466600,0.558300,1.024900,8.550302,38.810989,0.999530
dog,dog_0019.jpg,17851,9341,1.911037,47.672399,0.206300,0.286100,0.492400,44.259739,31.670715,0.993742
dog,dog_0020.jpg,41403,18956,2.184163,54.215878,0.790000,0.772100,1.562100,13.418568,36.853742,0.995079
dog,dog_0021.jpg,47794,22729,2.102776,52.443821,1.109200,0.712700,1.821900,9.263332,38.463131,0.998771
dog,dog_0022.jpg,92101,45556,2.021710,50.536911,1.311300,1.174100,2.485400,34.509733,32.751388,0.997334
dog,dog_0023.jpg,65232,29961,2.177230,54.070088,1.570800,1.324000,2.894800,7.520528,39.368320,0.999547
dog,dog_0024.jpg,3926,2368,1.657939,39.684157,0.078700,0.114300,0.193000,57.020152,30.570520,0.995881
dog,dog_0025.jpg,34533,16931,2.039631,50.971534,0.371600,0.536300,0.907900,26.394179,33.915722,0.996069
dog,dog_0026.jpg,39879,19608,2.033813,50.831265,0.861100,0.574200,1.435300,10.521876,37.909872,0.999095
dog,dog_0027.jpg,12543,6436,1.948881,48.688512,0.232900,0.235100,0.468000,7.018045,39.668642,0.999312
dog,dog_0028.jpg,16172,8507,1.901023,47.396735,0.270300,0.269400,0.539700,14.688074,36.461155,0.997775
dog,dog_0029.jpg,36838,18258,2.017636,50.437049,0.512400,0.520100,1.032500,17.167777,35.783663,0.997410
dog,dog_0030.jpg,28550,15016,1.901305,47.404553,0.458100,0.655500,1.113600,5.700612,40.571589,0.999019
dog,dog_0031.jpg,71924,35751,2.011804,50.293365,1.788100,1.606700,3.394800,6.716345,39.859474,0.999356
dog,dog_0032.jpg,6498,3490,1.861891,46.291167,0.223400,0.213700,0.437100,14.685358,36.461958,0.998045
dog,dog_0033.jpg,26622,13605,1.956781,48.895650,0.835900,0.674000,1.509900,15.285211,36.288089,0.999008
dog,dog_0034.jpg,4983,2819,1.767648,43.427654,0.204300,0.196500,0.400800,23.830558,34.359461,0.996191
dog,dog_0035.jpg,44276,22008,2.011814,50.293613,1.144500,0.951900,2.096400,6.612696,39.927018,0.999347
dog,dog_0036.jpg,25308,12382,2.043935,51.074759,0.666000,0.535000,1.201000,11.140875,37.661611,0.998923
dog,dog_0037.jpg,21301,10364,2.055288,51.345007,0.388900,0.371100,0.760000,27.281490,33.772123,0.991259
dog,dog_0038.jpg,44924,22714,1.977811,49.439053,0.935200,0.876500,1.811700,18.130544,35.546695,0.995785
dog,dog_0039.jpg,51794,24475,2.116200,52.745492,1.208100,2.532100,3.740200,9.792796,38.221736,0.998614
dog,dog_0040.jpg,46094,21696,2.124539,52.930967,0.882900,0.887500,1.770400,24.664888,34.210012,0.994083
dog,dog_0041.jpg,38634,19110,2.021664,50.535797,2.144900,1.213500,3.358400,4.247178,41.849799,0.999828
dog,dog_0042.jpg,33392,16675,2.002519,50.062889,0.675500,0.637600,1.313100,23.810711,34.363080,0.995340
dog,dog_0043.jpg,14724,8069,1.824761,45.198316,0.464200,0.464300,0.928500,6.366553,40.091760,0.999465
dog,dog_0044.jpg,50466,23427,2.154181,53.578647,0.730500,0.886000,1.616500,42.663105,31.830279,0.985822
dog,dog_0045.jpg,51633,27057,1.908305,47.597467,1.231300,1.161500,2.392800,8.174722,39.006073,0.999416
dog,dog_0046.jpg,39230,19041,2.060291,51.463166,0.591800,0.569300,1.161100,16.239886,36.024974,0.998620
dog,dog_0047.jpg,16998,9320,1.823820,45.170020,0.272900,0.395700,0.668600,16.421836,35.976587,0.996314
dog,dog_0048.jpg,35887,16096,2.229560,55.148104,0.459200,0.549400,1.008600,16.586003,35.933386,0.996223
dog,dog_0049.jpg,45694,24586,1.858537,46.194249,0.855700,0.767300,1.623000,10.977462,37.725784,0.999029
dog,dog_0050.jpg,27194,14036,1.937447,48.385673,0.483600,0.523600,1.007200,7.393672,39.442202,0.999373
dog,dog_0051.jpg,33228,18500,1.796108,44.324064,0.344200,0.381200,0.725400,50.442538,31.102834,0.995463
dog,dog_0052.jpg,65386,32165,2.032831,50.807512,1.523700,0.988800,2.512500,18.866284,35.373940,0.997506
dog,dog_0053.jpg,41504,21812,1.902806,47.446029,0.831400,0.852100,1.683500,15.273851,36.291318,0.999139
dog,dog_0054.jpg,2580,1686,1.530249,34.651163,0.069000,0.082300,0.151300,33.821520,32.838872,0.987952
dog,dog_0055.jpg,49691,23072,2.153736,53.569057,1.137500,0.999700,2.137200,5.834555,40.470727,0.999617
dog,dog_0056.jpg,42417,22725,1.866535,46.424783,0.966500,0.630900,1.597400,9.171866,38.506226,0.998890
dog,dog_0057.jpg,56109,28127,1.994845,49.870787,1.236400,0.872400,2.108800,11.596162,37.487661,0.999208
dog,dog_0058.jpg,18112,8882,2.039180,50.960689,0.242300,0.251300,0.493600,27.663938,33.711664,0.995275
dog,dog_0059.jpg,36690,18220,2.013721,50.340692,0.883600,0.678500,1.562100,9.963091,38.146863,0.999032
dog,dog_0060.jpg,22346,10986,2.034043,50.836839,0.343000,0.447300,0.790300,10.896101,37.758092,0.999095
dog,dog_0061.jpg,27070,14260,1.898317,47.321758,0.382200,0.582100,0.964300,9.858529,38.192683,0.998926
dog,dog_0062.jpg,29265,14518,2.015774,50.391252,0.299600,0.321300,0.620900,32.825363,32.968708,0.996270
dog,dog_0063.jpg,55783,26932,2.071254,51.720058,1.148200,1.036300,2.184500,8.045129,39.075473,0.998891
dog,dog_0064.jpg,4897,2694,1.817743,44.986727,0.112200,0.150600,0.262800,21.927451,34.720922,0.995360
dog,dog_0065.jpg,62144,29036,2.140240,53.276262,1.030000,0.796700,1.826700,20.670296,34.977337,0.997287
dog,dog_0066.jpg,46002,22280,2.064722,51.567323,0.802100,0.779100,1.581200,15.030050,36.361199,0.997961
dog,dog_0067.jpg,32970,17412,1.893522,47.188353,0.385000,0.556700,0.941700,31.715099,33.118143,0.995882
dog,dog_0068.jpg,50483,25357,1.990890,49.771210,1.310100,0.882100,2.192200,6.352607,40.101284,0.999391
dog,dog_0069.jpg,47736,21650,2.204896,54.646388,1.216800,1.035600,2.252400,7.663320,39.286634,0.999170
dog,dog_0070.jpg,35383,17053,2.074884,51.804539,1.080800,0.768000,1.848800,5.908793,40.415816,0.999295
dog,dog_0071.jpg,24954,12711,1.963181,49.062275,0.555100,0.635500,1.190600,7.119537,39.606286,0.999587
dog,dog_0072.jpg,12006,6158,1.949659,48.708979,0.167600,0.192700,0.360300,29.512914,33.430683,0.994560
dog,dog_0073.jpg,83757,39798,2.104553,52.483971,1.582000,1.213300,2.795300,18.201688,35.529687,0.997943
dog,dog_0074.jpg,21320,11399,1.870340,46.533771,0.408500,0.419000,0.827500,5.218719,40.955164,0.999527
dog,dog_0075.jpg,71132,33599,2.117087,52.765281,1.614900,1.134500,2.749400,8.014012,39.092304,0.998916
dog,dog_0076.jpg,12879,6619,1.945762,48.606258,0.305400,0.236700,0.542100,10.078174,38.096985,0.999079
dog,dog_0077.jpg,61539,31700,1.941293,48.487951,1.258100,0.833300,2.091400,10.472686,37.930223,0.998016
dog,dog_0078.jpg,3901,2280,1.710965,41.553448,0.093400,0.131800,0.225200,34.424207,32.762164,0.987875
dog,dog_0079.jpg,31701,16775,1.889776,47.083688,0.587700,0.521700,1.109400,13.962946,36.681033,0.998842
dog,dog_0080.jpg,67070,33308,2.013630,50.338452,1.056800,0.795400,1.852200,25.337606,34.093148,0.990580
dog,dog_0081.jpg,51563,24441,2.109693,52.599732,0.880900,0.833700,1.714600,16.576451,35.935888,0.998640
dog,dog_0082.jpg,21215,10961,1.935499,48.333726,0.648100,0.553000,1.201100,4.139548,41.961275,0.999658
dog,dog_0083.jpg,20229,10195,1.984208,49.602056,0.279600,0.372000,0.651600,14.575424,36.494592,0.998479
dog,dog_0084.jpg,63172,31817,1.985479,49.634332,1.094000,0.786900,1.880900,32.146888,33.059414,0.992718
dog,dog_0085.jpg,34319,17643,1.945191,48.591159,0.842100,0.513200,1.355300,6.232428,40.184231,0.999364
dog,dog_0086.jpg,46680,24276,1.922887,47.994859,0.476900,0.692600,1.169500,33.791057,32.842786,0.996651
dog,dog_0087.jpg,32573,15868,2.052748,51.284806,0.404300,0.517500,0.921800,14.593291,36.489271,0.997979
dog,dog_0088.jpg,29073,14837,1.959493,48.966395,0.315700,0.333700,0.649400,21.046449,34.899015,0.996654
dog,dog_0089.jpg,83824,40550,2.067176,51.624833,1.512300,1.170300,2.682600,11.875754,37.384192,0.998797
dog,dog_0090.jpg,58816,28850,2.038683,50.948721,0.899300,0.677400,1.576700,32.580132,33.001275,0.996985
dog,dog_0091.jpg,44528,22213,2.004592,50.114535,0.856100,0.788400,1.644500,13.036458,36.979207,0.999004
dog,dog_0092.jpg,16842,8218,2.049404,51.205320,0.272700,0.352900,0.625600,11.868598,37.386809,0.999033
dog,dog_0093.jpg,27659,13813,2.002389,50.059655,0.428700,0.568100,0.996800,12.748213,37.076311,0.998753
dog,dog_0094.jpg,36956,18089,2.043010,51.052603,0.500200,0.674600,1.174800,11.743734,37.432742,0.999004
dog,dog_0095.jpg,33424,16568,2.017383,50.430828,0.512300,0.633400,1.145700,10.267115,38.016319,0.998686
dog,dog_0096.jpg,36815,17339,2.123248,52.902350,1.056100,0.696800,1.752900,5.433763,40.779796,0.999380
dog,dog_0097.jpg,18791,10107,1.859206,46.213613,0.232300,0.329500,0.561800,33.768486,32.845688,0.996721
dog,dog_0098.jpg,11399,5683,2.005807,50.144750,0.194700,0.248300,0.443000,9.380254,38.408657,0.998549
dog,dog_0099.jpg,37191,18332,2.028748,50.708505,0.816500,0.597900,1.414400,6.955752,39.707363,0.999185
dog,dog_0100.jpg,43519,21735,2.002254,50.056297,0.480800,0.718800,1.199600,24.002594,34.328222,0.998119
dog,dog_0101.jpg,12585,6654,1.891344,47.127533,0.275200,0.308500,0.583700,14.380857,36.552956,0.999139
dog,dog_0102.jpg,29962,14883,2.013169,50.327081,1.150800,0.529600,1.680400,5.698859,40.572925,0.999337
dog,dog_0103.jpg,27314,12837,2.127756,53.002123,0.402400,0.632900,1.035300,9.347595,38.423805,0.999378
dog,dog_0104.jpg,40781,19787,2.061000,51.479856,0.854200,0.578000,1.432200,11.520067,37.516254,0.998859
dog,dog_0105.jpg,39510,20264,1.949763,48.711719,0.491900,0.661200,1.153100,13.553683,36.810230,0.998289
dog,dog_0106.jpg,62505,32578,1.918626,47.879370,1.150300,0.899600,2.049900,12.918163,37.018796,0.998730
dog,dog_0107.jpg,15929,7598,2.096473,52.300835,0.258800,0.368500,0.627300,19.037518,35.334700,0.993496
dog,dog_0108.jpg,27221,13531,2.011751,50.292054,0.472700,0.449800,0.922500,9.009102,38.583988,0.999082
dog,dog_0109.jpg,44042,25270,1.742857,42.622951,0.693300,0.596900,1.290200,4.689943,41.419128,0.999736
dog,dog_0110.jpg,34345,17430,1.970453,49.250255,0.471500,0.476500,0.948000,11.909320,37.371934,0.998814
dog,dog_0111.jpg,28703,14489,1.981020,49.520956,0.729500,0.945800,1.675300,8.081398,39.055938,0.998634
dog,dog_0112.jpg,41804,19996,2.090618,52.167257,1.528800,1.140400,2.669200,4.794447,41.323418,0.999720
dog,dog_0113.jpg,65084,33052,1.969140,49.216397,1.924800,3.194200,5.119000,50.251876,31.119281,0.994332
dog,dog_0114.jpg,43059,21060,2.044587,51.090364,0.995400,0.989900,1.985300,15.670594,36.179949,0.997883
dog,dog_0115.jpg,18419,8857,2.079598,51.913785,0.308800,0.345600,0.654400,10.308353,37.998911,0.998937
dog,dog_0116.jpg,73960,38137,1.939324,48.435641,0.985800,0.983800,1.969600,47.832512,31.333572,0.993862
dog,dog_0117.jpg,16255,8356,1.945309,48.594279,0.236800,0.321900,0.558700,19.440230,35.243790,0.997179
dog,dog_0118.jpg,8164,4251,1.920489,47.929936,0.146000,0.195600,0.341600,30.360854,33.307664,0.997958
dog,dog_0119.jpg,21702,10870,1.996504,49.912450,0.256400,0.302600,0.559000,38.914071,32.229737,0.995392
dog,dog_0120.jpg,37706,18352,2.054599,51.328701,1.053600,0.752200,1.805800,5.794397,40.500721,0.999016
dog,dog_0121.jpg,67689,33086,2.045850,51.120566,1.122100,0.794400,1.916500,21.211227,34.865146,0.995862
dog,dog_0122.jpg,50009,27958,1.788719,44.094063,0.926600,0.933300,1.859900,3.023260,43.326049,0.999912
dog,dog_0123.jpg,32167,16632,1.934043,48.294836,0.721100,0.787100,1.508200,10.847741,37.777410,0.998988
dog,dog_0124.jpg,72390,38174,1.896317,47.266197,1.764600,1.453100,3.217700,8.073186,39.060354,0.999402
dog,dog_0125.jpg,45334,23056,1.966256,49.141924,1.662800,1.480700,3.143500,3.901212,42.218808,0.999425
dog,dog_0126.jpg,47638,22952,2.075549,51.819976,1.168700,1.360400,2.529100,6.720012,39.857103,0.999337
dog,dog_0127.jpg,21730,11455,1.896988,47.284860,0.405900,0.530900,0.936800,6.058814,40.306927,0.999228
dog,dog_0128.jpg,48501,22177,2.186996,54.275170,0.899600,0.700800,1.600400,18.478815,35.464062,0.996969
dog,dog_0129.jpg,78623,38731,2.029976,50.738334,1.333400,1.258100,2.591500,34.271792,32.781436,0.991437
dog,dog_0130.jpg,55785,28255,1.974341,49.350184,1.200000,0.906100,2.106100,11.352457,37.579905,0.998853
dog,dog_0131.jpg,80644,39925,2.019887,50.492287,1.345300,1.201300,2.546600,18.864911,35.374256,0.997784
dog,dog_0132.jpg,34041,17072,1.993967,49.848712,0.782500,0.534900,1.317400,6.832894,39.784757,0.998786
dog,dog_0133.jpg,50441,25829,1.952882,48.793640,0.803200,0.606500,1.409700,17.030868,35.818436,0.997821
dog,dog_0134.jpg,18792,9964,1.885990,46.977437,0.379000,0.367700,0.746700,4.474505,41.623353,0.999564
dog,dog_0135.jpg,46638,23254,2.005590,50.139371,0.701000,0.544400,1.245400,26.465644,33.903979,0.995000
dog,dog_0136.jpg,49271,22436,2.196069,54.464086,0.944700,0.726300,1.671000,12.024557,37.330113,0.998669
dog,dog_0137.jpg,56339,26535,2.123196,52.901187,1.462700,1.019500,2.482200,6.576559,39.950816,0.998971
dog,dog_0138.jpg,13382,6579,2.034048,50.836945,0.329800,0.339300,0.669100,12.423745,37.188278,0.997950
dog,dog_0139.jpg,38326,20331,1.885102,46.952460,0.844600,0.816300,1.660900,13.174235,36.933550,0.998895
dog,dog_0140.jpg,36146,17813,2.029192,50.719305,0.936000,0.823800,1.759800,14.735451,36.447169,0.997563
dog,dog_0141.jpg,41686,20451,2.038336,50.940364,1.261200,0.971900,2.233100,9.005583,38.585685,0.999074
dog,dog_0142.jpg,75275,35994,2.091321,52.183328,1.382200,2.296600,3.678800,34.424479,32.762130,0.996747
dog,dog_0143.jpg,57142,27272,2.095263,52.273284,1.490400,1.337000,2.827400,11.423690,37.552740,0.996372
dog,dog_0144.jpg,32069,16107,1.990998,49.773925,0.524800,0.622900,1.147700,16.927141,35.844968,0.996951
dog,dog_0145.jpg,35654,18011,1.979568,49.483929,0.919200,0.931500,1.850700,9.620413,38.298867,0.998767
dog,dog_0146.jpg,50153,27031,1.855388,46.102925,1.161000,0.986200,2.147200,13.718273,36.757809,0.998707
dog,dog_0147.jpg,9997,5694,1.755708,43.042913,0.271900,0.274900,0.546800,11.258510,37.615994,0.998874
dog,dog_0148.jpg,72560,37381,1.941093,48.482635,1.009600,1.004400,2.014000,38.536692,32.272059,0.996678
dog,dog_0149.jpg,8128,4228,1.922422,47.982283,0.565100,0.188500,0.753600,17.728117,35.644178,0.995748
dog,dog_0150.jpg,50904,24287,2.095936,52.288622,0.806700,0.904200,1.710900,34.804483,32.714452,0.995657
dog,dog_0151.jpg,19850,10131,1.959333,48.962217,0.435700,0.443800,0.879500,39.249990,32.192408,0.992893
dog,dog_0152.jpg,37753,18723,2.016397,50.406590,0.682700,0.772100,1.454800,24.615786,34.218666,0.991934
dog,dog_0153.jpg,52444,24734,2.120320,52.837312,1.262200,1.176000,2.438200,21.935177,34.719392,0.995828
dog,dog_0154.jpg,35008,17881,1.957832,48.923103,0.572500,0.804000,1.376500,9.311303,38.440699,0.999001
dog,dog_0155.jpg,37361,18029,2.072272,51.743797,1.013900,0.920600,1.934500,9.265717,38.462013,0.999368
dog,dog_0156.jpg,67131,31506,2.130737,53.067882,1.198500,0.984000,2.182500,22.678157,34.574726,0.996090
dog,dog_0157.jpg,17944,9530,1.882896,46.890325,0.264500,0.360300,0.624800,22.278646,34.651916,0.995662
dog,dog_0158.jpg,2773,1770,1.566667,36.170213,0.102100,0.102700,0.204800,31.932499,33.088474,0.994116
dog,dog_0159.jpg,51637,26789,1.927545,48.120534,1.333600,1.276900,2.610500,6.458329,40.029602,0.999417
dog,dog_0160.jpg,66261,33033,2.005903,50.147145,1.608200,1.799400,3.407600,9.263783,38.462920,0.999427
dog,dog_0161.jpg,76168,36153,2.106824,52.535185,1.721900,1.419300,3.141200,10.097068,38.088851,0.998465
dog,dog_0162.jpg,36037,18332,1.965798,49.130061,0.420100,0.559300,0.979400,16.074657,36.069386,0.997683
dog,dog_0163.jpg,60398,31528,1.915694,47.799596,1.235100,1.114600,2.349700,8.569060,38.801472,0.999357
dog,dog_0164.jpg,50650,25772,1.965311,49.117473,1.047200,1.112500,2.159700,11.566247,37.498879,0.997680
dog,dog_0165.jpg,47979,23503,2.041399,51.013985,0.810100,0.587600,1.397700,17.193525,35.777154,0.996409
dog,dog_0166.jpg,20956,10558,1.984846,49.618248,0.668600,0.384000,1.052600,8.194849,38.995394,0.999210
dog,dog_0167.jpg,15810,7862,2.010939,50.271980,0.238000,0.242700,0.480700,9.857279,38.193233,0.999332
dog,dog_0168.jpg,35185,17243,2.040538,50.993321,0.431200,0.458400,0.889600,23.133028,34.488479,0.997807
dog,dog_0169.jpg,54049,27577,1.959930,48.977779,0.626100,0.822100,1.448200,33.891391,32.829910,0.996838
dog,dog_0170.jpg,55867,26720,2.090831,52.172123,0.912900,0.750900,1.663800,21.279901,34.851108,0.996134
dog,dog_0171.jpg,36240,19186,1.888877,47.058499,0.704100,0.595900,1.300000,10.098020,38.088441,0.999389
dog,dog_0172.jpg,32873,15943,2.061908,51.501232,0.763200,0.523900,1.287100,9.045318,38.566565,0.999034
dog,dog_0173.jpg,64631,31886,2.026940,50.664542,1.193500,0.897200,2.090700,29.773335,33.392529,0.997223
dog,dog_0174.jpg,19662,9804,2.005508,50.137321,0.258000,0.363000,0.621000,21.943899,34.717666,0.996269
dog,dog_0175.jpg,64614,33830,1.909962,47.642926,1.205500,1.219600,2.425100,20.604353,34.991214,0.997359
dog,dog_0176.jpg,24317,12495,1.946138,48.616194,0.303400,0.449500,0.752900,34.238774,32.785622,0.995569
dog,dog_0177.jpg,11292,5893,1.916172,47.812611,0.288200,0.313700,0.601900,14.135466,36.627702,0.998592
dog,dog_0178.jpg,9931,5133,1.934736,48.313362,0.158900,0.207300,0.366200,36.881983,32.462661,0.992688
dog,dog_0179.jpg,28281,14177,1.994851,49.870938,0.441200,0.430500,0.871700,8.216295,38.984044,0.999234
dog,dog_0180.jpg,69989,32234,2.171279,53.944191,1.281600,0.970300,2.251900,17.455480,35.711486,0.997485
dog,dog_0181.jpg,88399,42839,2.063517,51.539045,1.467900,1.774600,3.242500,18.997083,35.343934,0.996495
dog,dog_0182.jpg,64336,33287,1.932767,48.260694,1.348900,1.138100,2.487000,10.871992,37.767713,0.999050
dog,dog_0183.jpg,80909,40844,1.980927,49.518595,1.476100,1.458800,2.934900,13.274172,36.900729,0.998655
dog,dog_0184.jpg,27364,16542,1.654214,39.548312,0.495500,0.510100,1.005600,4.042620,42.064174,0.999884
dog,dog_0185.jpg,30340,16249,1.867192,46.443639,0.431200,0.453200,0.884400,9.206078,38.490057,0.999470
dog,dog_0186.jpg,91841,45512,2.017951,50.444790,1.363200,1.280200,2.643400,20.821741,34.945633,0.997497
dog,dog_0187.jpg,6651,3507,1.896493,47.271087,0.125600,0.166200,0.291800,20.006404,35.119113,0.997982
dog,dog_0188.jpg,43807,23077,1.898297,47.321204,0.425400,0.597900,1.023300,45.702096,31.531442,0.992710
dog,dog_0189.jpg,24609,12793,1.923630,48.014954,0.431000,0.491700,0.922700,7.299268,39.498011,0.996350
dog,dog_0190.jpg,31781,15429,2.059822,51.452125,0.342300,0.433300,0.775600,40.541054,32.051853,0.994296
dog,dog_0191.jpg,20393,9396,2.170392,53.925367,0.248500,0.340500,0.589000,21.089033,34.890237,0.997521
dog,dog_0192.jpg,45170,21484,2.102495,52.437458,0.774000,0.862000,1.636000,13.672462,36.772336,0.997640
dog,dog_0193.jpg,42481,21347,1.990022,49.749300,1.033600,0.788600,1.822200,7.646766,39.296025,0.998583
dog,dog_0194.jpg,16279,8118,2.005297,50.132072,0.223200,0.237500,0.460700,19.522208,35.225514,0.998592
dog,dog_0195.jpg,38101,18519,2.057401,51.394977,0.424000,0.445100,0.869100,43.323201,31.763598,0.994318
dog,dog_0196.jpg,27616,14087,1.960389,48.989716,0.447500,0.552800,1.000300,10.856092,37.774069,0.999519
dog,dog_0197.jpg,24448,12366,1.977034,49.419175,0.329100,0.414100,0.743200,30.654724,33.265830,0.996162
dog,dog_0198.jpg,67230,33573,2.002502,50.062472,1.584700,0.976200,2.560900,10.107372,38.084421,0.999409
dog,dog_0199.jpg,14856,7402,2.007025,50.175013,0.219700,0.284400,0.504100,12.417522,37.190454,0.997861
dog,dog_0200.jpg,36610,17888,2.046623,51.139033,0.550500,0.493000,1.043500,14.892631,36.401089,0.998276
dog,dog_0201.jpg,15109,8006,1.887210,47.011715,0.376200,0.357400,0.733600,12.897217,37.025844,0.998810
dog,dog_0202.jpg,14318,7373,1.941950,48.505378,0.183300,0.201500,0.384800,21.330677,34.840757,0.996462
dog,dog_0203.jpg,7729,4384,1.763002,43.278561,0.156100,0.134500,0.290600,11.131464,37.665281,0.998948
dog,dog_0204.jpg,44623,23915,1.865900,46.406562,0.963200,0.740600,1.703800,10.338196,37.986356,0.998939
dog,dog_0205.jpg,56852,28076,2.024932,50.615634,1.094400,0.935500,2.029900,16.276015,36.015323,0.998201
dog,dog_0206.jpg,26092,13571,1.922629,47.987889,0.419300,0.461900,0.881200,9.592008,38.311708,0.998977
dog,dog_0207.jpg,10446,5415,1.929086,48.161976,0.188100,0.243900,0.432000,18.165029,35.538443,0.996724
dog,dog_0208.jpg,44937,22290,2.016016,50.397223,1.162200,0.787100,1.949300,8.880547,38.646406,0.999395
dog,dog_0209.jpg,67526,31839,2.120858,52.849273,1.248100,1.151700,2.399800,13.651817,36.778899,0.998659
dog,dog_0210.jpg,41192,20077,2.051701,51.259953,0.903200,0.867500,1.770700,8.423716,38.875767,0.998895
dog,dog_0211.jpg,25152,13491,1.864354,46.362118,0.436000,0.413800,0.849800,6.990460,39.685746,0.999094
dog,dog_0212.jpg,60318,29245,2.062506,51.515302,1.332000,0.918600,2.250600,14.212546,36.604085,0.998478
dog,dog_0213.jpg,45953,22519,2.040632,50.995582,0.557400,0.597100,1.154500,23.655597,34.391465,0.995023
dog,dog_0214.jpg,48263,24727,1.951834,48.766136,0.775000,0.752200,1.527200,16.434963,35.973116,0.998220
dog,dog_0215.jpg,40230,19383,2.075530,51.819538,1.122100,0.911200,2.033300,5.710251,40.564251,0.998557
dog,dog_0216.jpg,44946,23221,1.935576,48.335781,0.520600,0.645100,1.165700,43.378078,31.758101,0.993009
dog,dog_0217.jpg,30727,16325,1.882205,46.870830,0.956900,0.901700,1.858600,4.142452,41.958229,0.999643
dog,dog_0218.jpg,56263,28887,1.947693,48.657199,1.136800,0.989600,2.126400,9.902984,38.173143,0.998802
dog,dog_0219.jpg,57093,27447,2.080118,51.925805,1.137900,1.823200,2.961100,19.038770,35.334415,0.997293
dog,dog_0220.jpg,42493,22252,1.909626,47.633728,1.227600,1.110100,2.337700,8.665553,38.752841,0.998987
dog,dog_0221.jpg,81636,37183,2.195519,54.452692,1.855300,1.575600,3.430900,20.220671,35.072848,0.998207
dog,dog_0222.jpg,52272,26145,1.999312,49.982782,1.189000,1.129900,2.318900,17.912148,35.599327,0.995262
dog,dog_0223.jpg,53507,27117,1.973190,49.320650,0.932800,0.744100,1.676900,21.218839,34.863587,0.997310
dog,dog_0224.jpg,61012,31799,1.918677,47.880745,0.935900,0.793300,1.729200,27.088741,33.802915,0.997104
dog,dog_0225.jpg,35418,16347,2.166636,53.845502,0.497600,0.457000,0.954600,17.144467,35.789564,0.997382
dog,dog_0226.jpg,11331,5672,1.997708,49.942635,0.173200,0.236700,0.409900,25.499421,34.065500,0.997564
dog,dog_0227.jpg,30468,15324,1.988254,49.704608,0.635000,0.598300,1.233300,8.003164,39.098187,0.998936
dog,dog_0228.jpg,41353,20609,2.006551,50.163229,0.890400,0.674400,1.564800,9.359564,38.418248,0.999289
dog,dog_0229.jpg,32166,15694,2.049573,51.209351,0.372900,0.725700,1.098600,41.192269,31.982646,0.991810
dog,dog_0230.jpg,65911,32222,2.045528,51.112864,1.002000,0.945300,1.947300,26.845311,33.842119,0.996848
dog,dog_0231.jpg,19131,9458,2.022732,50.561915,0.249600,0.260300,0.509900,16.500428,35.955851,0.998457
dog,dog_0232.jpg,58595,26754,2.190140,54.340814,1.257700,1.258100,2.515800,14.087286,36.642530,0.998375
dog,dog_0233.jpg,55267,27717,1.993975,49.848915,0.991700,0.788200,1.779900,12.627818,37.117521,0.998168
dog,dog_0234.jpg,27846,13196,2.110185,52.610788,0.413400,0.469100,0.882500,15.161986,36.323243,0.995318
dog,dog_0235.jpg,25889,12335,2.098824,52.354282,0.329300,0.468700,0.798000,18.204411,35.529037,0.994355
dog,dog_0236.jpg,32935,16297,2.020924,50.517686,0.885500,0.566200,1.451700,5.709490,40.564830,0.999727
dog,dog_0237.jpg,80604,39790,2.025735,50.635204,1.290600,1.061100,2.351700,24.602488,34.221013,0.995297
dog,dog_0238.jpg,56131,25216,2.226007,55.076517,1.179700,1.051600,2.231300,11.403439,37.560445,0.998211
dog,dog_0239.jpg,30833,15378,2.005007,50.124866,0.466100,0.537200,1.003300,9.675485,38.274076,0.999130
dog,dog_0240.jpg,22026,10537,2.090348,52.161082,0.273500,0.397600,0.671100,22.173272,34.672506,0.996907
dog,dog_0241.jpg,9881,4973,1.986929,49.671086,0.168800,0.220400,0.389200,10.937426,37.741652,0.997984
dog,dog_0242.jpg,46155,23319,1.979287,49.476763,0.826800,0.768700,1.595500,15.440223,36.244268,0.998987
dog,dog_0243.jpg,30280,15163,1.996966,49.924042,0.878400,0.746700,1.625100,5.291492,40.895022,0.999690
dog,dog_0244.jpg,58339,29286,1.992044,49.800305,1.197600,0.996000,2.193600,20.747675,34.961109,0.995445
dog,dog_0245.jpg,22669,11565,1.960138,48.983193,0.398300,0.328100,0.726400,36.065488,32.559885,0.996826
dog,dog_0246.jpg,52108,26749,1.948035,48.666232,0.862600,0.751900,1.614500,48.216999,31.298802,0.989723
dog,dog_0247.jpg,37376,20014,1.867493,46.452269,0.538400,0.687000,1.225400,27.563139,33.727517,0.998166
dog,dog_0248.jpg,36000,17159,2.098024,52.336111,1.193900,2.319000,3.512900,7.048007,39.650140,0.999554
dog,dog_0249.jpg,34272,18450,1.857561,46.165966,1.020600,1.062500,2.083100,6.447620,40.036809,0.999404
flower,flower_0000.jpg,12921,8058,1.603500,37.636406,0.325000,0.331600,0.656600,28.746618,33.544936,0.994477
flower,flower_0001.jpg,28602,16348,1.749572,42.843158,0.355300,0.491000,0.846300,58.587719,30.452738,0.993388
flower,flower_0002.jpg,130172,70633,1.842935,45.738715,1.817100,1.845000,3.662100,60.113088,30.341113,0.996723
flower,flower_0003.jpg,5506,3662,1.503550,33.490737,0.246300,0.250300,0.496600,12.041641,37.323947,0.998778
flower,flower_0004.jpg,97444,58035,1.679056,40.442716,2.064400,2.017700,4.082100,8.853754,38.659529,0.999009
flower,flower_0005.jpg,60104,33507,1.793774,44.251631,1.415700,1.425400,2.841100,8.825400,38.673460,0.999556
flower,flower_0006.jpg,13890,7706,1.802492,44.521238,0.177300,0.250100,0.427400,56.006287,30.648436,0.984984
flower,flower_0007.jpg,37606,19740,1.905066,47.508376,0.389300,0.714100,1.103400,33.286079,32.908177,0.990407
flower,flower_0008.jpg,29795,15117,1.970960,49.263299,0.469800,0.903800,1.373600,11.286861,37.605072,0.995892
flower,flower_0009.jpg,92179,50338,1.831201,45.391033,1.473600,1.348200,2.821800,31.570510,33.137988,0.995372
flower,flower_0010.jpg,57278,30834,1.857625,46.167813,1.193200,0.990800,2.184000,12.115232,37.297486,0.999212
flower,flower_0011.jpg,33960,19238,1.765256,43.351001,0.417100,0.603700,1.020800,21.147361,34.878242,0.997778
flower,flower_0012.jpg,68344,15560,4.392288,77.232822,0.750500,0.594900,1.345400,9.929185,38.161667,0.998464
flower,flower_0013.jpg,165983,79047,2.099801,52.376448,3.396800,3.507600,6.904400,6.218909,40.193662,0.998564
flower,flower_0014.jpg,54543,23311,2.339797,57.261243,1.081700,0.948900,2.030600,21.324494,34.842016,0.992323
flower,flower_0015.jpg,8852,4556,1.942932,48.531405,0.179100,0.225300,0.404400,6.847842,39.775266,0.996904
flower,flower_0016.jpg,58122,31935,1.820009,45.055229,1.264200,1.139200,2.403400,8.839356,38.666597,0.999348
flower,flower_0017.jpg,57363,27590,2.079123,51.902794,1.927200,1.137100,3.064300,12.183976,37.272913,0.998962
flower,flower_0018.jpg,67301,27486,2.448556,59.159596,1.012200,1.006300,2.018500,25.293850,34.100654,0.996762
flower,flower_0019.jpg,11303,5951,1.899345,47.350261,0.177500,0.249600,0.427100,17.358115,35.735778,0.997511
flower,flower_0020.jpg,74258,38192,1.944334,48.568504,0.951200,1.095500,2.046700,34.499291,32.752702,0.995896
flower,flower_0021.jpg,15007,7672,1.956074,48.877191,0.248300,0.366100,0.614400,13.925967,36.692550,0.996593
flower,flower_0022.jpg,151009,83964,1.798497,44.398016,1.680600,1.625700,3.306300,86.384933,28.766424,0.992868
flower,flower_0023.jpg,83766,44949,1.863579,46.339804,1.393500,1.527300,2.920800,19.256606,35.285006,0.997944
flower,flower_0024.jpg,47953,25933,1.849111,45.919963,0.637000,0.651600,1.288600,52.596489,30.921236,0.996076
flower,flower_0025.jpg,10227,5564,1.838066,45.594994,0.230400,0.292200,0.522600,9.103100,38.538911,0.998948
flower,flower_0026.jpg,5238,2989,1.752426,42.936235,0.100800,0.122300,0.223100,19.458153,35.239787,0.997147
flower,flower_0027.jpg,39801,21103,1.886035,46.978719,1.064000,0.881100,1.945100,12.891861,37.027648,0.998994
flower,flower_0028.jpg,152939,86811,1.761747,43.238154,1.691500,2.324000,4.015500,92.508382,28.468993,0.979591
flower,flower_0029.jpg,10212,5483,1.862484,46.308265,0.391400,0.355100,0.746500,6.435711,40.044838,0.999091
flower,flower_0030.jpg,37013,19915,1.858549,46.194580,0.407700,0.506800,0.914500,44.333464,31.663487,0.996818
flower,flower_0031.jpg,14273,4604,3.100130,67.743292,0.123200,0.136100,0.259300,34.611498,32.738600,0.994970
flower,flower_0032.jpg,31727,16882,1.879339,46.789800,0.343100,0.381000,0.724100,39.121239,32.206678,0.994979
flower,flower_0033.jpg,40573,22747,1.783664,43.935622,1.060900,1.022600,2.083500,9.455389,38.374009,0.997542
flower,flower_0034.jpg,150368,78586,1.913420,47.737551,2.265600,1.795600,4.061200,49.691483,31.167984,0.995517
flower,flower_0035.jpg,69282,16688,4.151606,75.912936,1.019300,0.760700,1.780000,6.732233,39.849212,0.999720
flower,flower_0036.jpg,87244,42239,2.065485,51.585209,1.802200,1.532600,3.334800,19.042726,35.333513,0.997397
flower,flower_0037.jpg,54382,30405,1.788587,44.089956,1.401100,1.395300,2.796400,8.319894,38.929625,0.998806
flower,flower_0038.jpg,37442,19979,1.874068,46.640137,0.965300,1.097300,2.062600,10.889028,37.760912,0.999422
flower,flower_0039.jpg,20931,10322,2.027805,50.685586,0.267900,0.442700,0.710600,35.741540,32.599071,0.993679
flower,flower_0040.jpg,29744,16335,1.820875,45.081361,0.371200,0.977000,1.348200,48.035907,31.315144,0.996802
flower,flower_0041.jpg,33504,17452,1.919780,47.910697,0.633600,0.676800,1.310400,11.866261,37.387665,0.999113
flower,flower_0042.jpg,265644,69036,3.847905,74.011835,2.859600,2.142200,5.001800,13.949133,36.685331,0.998642
flower,flower_0043.jpg,21424,11749,1.823474,45.159634,0.477200,3.645300,4.122500,18.960099,35.352398,0.997713
flower,flower_0044.jpg,80149,23603,3.395712,70.551099,0.659200,0.713700,1.372900,57.670579,30.521260,0.994044
flower,flower_0045.jpg,81543,36851,2.212776,54.807893,4.351700,5.861800,10.213500,22.447673,34.619090,0.997948
flower,flower_0046.jpg,35284,19549,1.804901,44.595284,0.955100,0.949900,1.905000,17.290481,35.752733,0.998597
flower,flower_0047.jpg,22514,7560,2.978042,66.420894,0.173300,0.243000,0.416300,81.531321,29.017559,0.992310
flower,flower_0048.jpg,299544,162922,1.838573,45.609994,6.140400,6.388700,12.529100,34.354150,32.771012,0.996410
flower,flower_0049.jpg,69128,35052,1.972156,49.294063,1.287500,1.016700,2.304200,27.912222,33.672860,0.995455
flower,flower_0050.jpg,18404,8781,2.095889,52.287546,0.294900,0.426000,0.720900,28.241262,33.621963,0.997133
flower,flower_0051.jpg,53804,28138,1.912147,47.702773,1.270400,1.123100,2.393500,15.414823,36.251418,0.998612
flower,flower_0052.jpg,49775,26517,1.877098,46.726268,0.633700,0.873300,1.507000,30.720038,33.256586,0.996567
flower,flower_0053.jpg,47049,26225,1.794051,44.260239,1.637900,2.454000,4.091900,8.111278,39.039911,0.998266
flower,flower_0054.jpg,34647,18946,1.828724,45.317055,1.075800,1.188200,2.264000,10.550378,37.898123,0.999084
flower,flower_0055.jpg,20728,12003,1.726902,42.092821,0.390700,0.459900,0.850600,57.809169,30.510836,0.993478
flower,flower_0056.jpg,46998,24324,1.932166,48.244606,1.057200,1.092700,2.149900,44.258881,31.670799,0.991319
flower,flower_0057.jpg,22997,12204,1.884382,46.932209,0.992000,0.505000,1.497000,32.709031,32.984127,0.994653
flower,flower_0058.jpg,17687,9099,1.943840,48.555436,0.352300,0.407500,0.759800,23.086282,34.497264,0.996738
flower,flower_0059.jpg,73499,38544,1.906886,47.558470,1.361500,1.112500,2.474000,26.272925,33.935719,0.994625
flower,flower_0060.jpg,97216,50441,1.927321,48.114508,2.189500,2.863000,5.052500,8.823148,38.674568,0.999067
flower,flower_0061.jpg,21346,6683,3.194075,68.692027,0.191700,0.728800,0.920500,36.226905,32.540491,0.992207
flower,flower_0062.jpg,72331,23195,3.118388,67.932145,0.417300,0.660600,1.077900,50.525427,31.095704,0.997035
flower,flower_0063.jpg,121881,61252,1.989829,49.744423,3.041100,2.182700,5.223800,11.323132,37.591138,0.998427
flower,flower_0064.jpg,28985,8732,3.319400,69.874073,0.232100,0.320300,0.552400,31.309961,33.173978,0.997494
flower,flower_0065.jpg,280824,143889,1.951671,48.761858,4.479300,4.618900,9.098200,14.056412,36.652059,0.998034
flower,flower_0066.jpg,12575,6557,1.917798,47.856859,0.339300,0.665700,1.005000,27.497467,33.737877,0.995223
flower,flower_0067.jpg,28823,15503,1.859189,46.213094,0.370500,0.541800,0.912300,29.142487,33.485537,0.997393
flower,flower_0068.jpg,49194,23978,2.051631,51.258284,0.789100,0.900200,1.689300,45.862846,31.516194,0.990442
flower,flower_0069.jpg,21856,11355,1.924791,48.046303,0.328000,0.459000,0.787000,21.420626,34.822482,0.997893
flower,flower_0070.jpg,115396,57971,1.990581,49.763423,1.704000,1.593600,3.297600,35.744887,32.598664,0.994362
flower,flower_0071.jpg,74243,36454,2.036621,50.899075,1.382200,1.511700,2.893900,23.992540,34.330041,0.998036
flower,flower_0072.jpg,42444,22509,1.885646,46.967769,0.649700,0.925600,1.575300,20.836882,34.942476,0.997922
flower,flower_0073.jpg,8942,4949,1.806830,44.654440,0.136700,0.146800,0.283500,67.444029,29.841369,0.992789
flower,flower_0074.jpg,86203,41093,2.097754,52.329965,3.083200,2.542500,5.625700,6.180613,40.220488,0.999573
flower,flower_0075.jpg,56338,27948,2.015815,50.392275,1.788600,4.042600,5.831200,13.714154,36.759113,0.997542
flower,flower_0076.jpg,518842,296182,1.751767,42.914799,11.176900,9.507200,20.684100,70.816931,29.629433,0.990445
flower,flower_0077.jpg,161750,45951,3.520054,71.591345,3.198600,2.344200,5.542800,20.448745,35.024137,0.997329
flower,flower_0078.jpg,46411,28234,1.643798,39.165284,0.963600,1.077900,2.041500,79.819175,29.109731,0.993655
flower,flower_0079.jpg,13937,7538,1.848899,45.913755,0.290600,0.307800,0.598400,66.627835,29.894247,0.986464
flower,flower_0080.jpg,41236,20630,1.998837,49.970899,1.931300,2.355400,4.286700,6.542541,39.973339,0.998739
flower,flower_0081.jpg,70215,28264,2.484256,59.746493,1.683800,1.354500,3.038300,20.900820,34.929170,0.997305
flower,flower_0082.jpg,25833,14515,1.779745,43.812178,0.556000,0.507200,1.063200,89.775427,28.599229,0.989991
flower,flower_0083.jpg,23284,12424,1.874115,46.641471,0.634400,0.612800,1.247200,10.168863,38.058080,0.997728
flower,flower_0084.jpg,23699,11000,2.154455,53.584539,0.720800,0.680200,1.401000,12.289067,37.235614,0.998441
flower,flower_0085.jpg,174446,85797,2.033241,50.817445,8.567000,6.408800,14.975800,4.833707,41.288000,0.999689
flower,flower_0086.jpg,19750,11355,1.739322,42.506329,0.497800,0.515900,1.013700,37.729360,32.364009,0.995850
flower,flower_0087.jpg,15615,8591,1.817600,44.982389,0.980400,0.504500,1.484900,7.431210,39.420208,0.999651
flower,flower_0088.jpg,17133,9832,1.742575,42.613670,0.414500,0.418200,0.832700,21.195036,34.868462,0.998553
flower,flower_0089.jpg,94968,47873,1.983749,49.590388,2.645100,2.144300,4.789400,19.012375,35.340440,0.996543
flower,flower_0090.jpg,17468,9960,1.753815,42.981452,0.471800,0.375800,0.847600,33.609273,32.866212,0.994221
flower,flower_0091.jpg,7678,4428,1.733966,42.328731,0.251500,0.244900,0.496400,18.432032,35.475071,0.996660
flower,flower_0092.jpg,7478,4424,1.690325,40.839797,0.204200,0.186500,0.390700,26.432553,33.909413,0.994472
flower,flower_0093.jpg,15548,7559,2.056886,51.382815,0.357400,0.327100,0.684500,33.237037,32.914581,0.977668
flower,flower_0094.jpg,38851,21133,1.838404,45.605004,0.715200,0.774200,1.489400,30.554276,33.280084,0.997451
flower,flower_0095.jpg,277606,138694,2.001572,50.039264,8.178800,6.885500,15.064300,13.135128,36.946460,0.998478
flower,flower_0096.jpg,105359,52357,2.012319,50.306096,4.737900,4.139400,8.877300,4.189521,41.909160,0.999754
flower,flower_0097.jpg,56370,15603,3.612767,72.320383,0.612600,0.772900,1.385500,38.040437,32.328349,0.997147
flower,flower_0098.jpg,70629,23259,3.036631,67.068768,0.517500,1.028100,1.545600,85.679363,28.802041,0.990585
flower,flower_0099.jpg,45536,21335,2.134333,53.146961,1.903500,1.125900,3.029400,17.345442,35.738950,0.997034
flower,flower_0100.jpg,83186,43358,1.918585,47.878249,2.100100,1.754900,3.855000,17.663619,35.660007,0.995371
flower,flower_0101.jpg,120110,55980,2.145588,53.392723,6.206500,4.390100,10.596600,4.066158,42.038961,0.999675
flower,flower_0102.jpg,71257,34862,2.043973,51.075684,2.195700,1.951700,4.147400,14.702725,36.456825,0.996630
flower,flower_0103.jpg,31772,9378,3.387929,70.483445,15.540800,0.468400,16.009200,18.388878,35.485251,0.998071
flower,flower_0104.jpg,119264,32956,3.618886,72.367185,2.115900,1.977600,4.093500,13.703838,36.762381,0.999233
flower,flower_0105.jpg,69597,37904,1.836139,45.537882,1.624100,1.313300,2.937400,32.889810,32.960190,0.996601
flower,flower_0106.jpg,5274,2046,2.577713,61.205916,0.182500,0.141200,0.323700,27.009524,33.815634,0.997993
flower,flower_0107.jpg,133530,64711,2.063482,51.538231,2.498800,2.302000,4.800800,39.680260,32.145059,0.996412
flower,flower_0108.jpg,111877,57700,1.938943,48.425503,2.727800,2.023800,4.751600,31.250631,33.182216,0.995245
flower,flower_0109.jpg,20159,11347,1.776593,43.712486,0.758700,0.489800,1.248500,13.279779,36.898895,0.997665
flower,flower_0110.jpg,7292,4350,1.676322,40.345584,0.193500,0.273100,0.466600,10.234022,38.030340,0.998246
flower,flower_0111.jpg,32074,17038,1.882498,46.879092,0.532400,0.666000,1.198400,16.065890,36.071756,0.995099
flower,flower_0112.jpg,73047,20556,3.553561,71.859214,1.155900,1.166900,2.322800,7.246205,39.529698,0.999362
flower,flower_0113.jpg,101776,31854,3.195078,68.701855,1.588900,1.117400,2.706300,25.216961,34.113876,0.997368
flower,flower_0114.jpg,15530,8471,1.833314,45.453960,0.428900,0.415400,0.844300,16.279201,36.014473,0.996484
flower,flower_0115.jpg,39437,19996,1.972244,49.296346,1.960600,1.374100,3.334700,6.377972,40.083978,0.999690
flower,flower_0116.jpg,65252,32419,2.012770,50.317232,1.709100,1.495800,3.204900,22.607439,34.588290,0.995439
flower,flower_0117.jpg,113034,56656,1.995093,49.877028,3.210400,2.409400,5.619800,31.348572,33.168626,0.996672
flower,flower_0118.jpg,11339,6242,1.816565,44.951054,0.429700,0.295500,0.725200,45.025136,31.596253,0.994235
flower,flower_0119.jpg,95097,45842,2.074451,51.794484,5.507200,4.088000,9.595200,3.912831,42.205893,0.998494
flower,flower_0120.jpg,38117,20284,1.879166,46.784899,0.826200,1.244900,2.071100,20.827264,34.944481,0.997637
flower,flower_0121.jpg,61788,32238,1.916620,47.824820,2.486100,5.108900,7.595000,15.724441,36.165052,0.997986
flower,flower_0122.jpg,44933,24131,1.862045,46.295596,2.238500,1.291200,3.529700,9.735113,38.247394,0.998348
flower,flower_0123.jpg,16342,8983,1.819214,45.031208,0.579000,0.465100,1.044100,25.453846,34.073269,0.999129
flower,flower_0124.jpg,19210,6747,2.847191,64.877668,0.246600,0.291400,0.538000,48.028073,31.315852,0.996641
flower,flower_0125.jpg,238414,125370,1.901683,47.415001,9.753400,5.866400,15.619800,12.923600,37.016969,0.997419
flower,flower_0126.jpg,68999,38251,1.803848,44.562965,2.242800,2.553700,4.796500,13.155031,36.939885,0.999055
flower,flower_0127.jpg,80798,44218,1.827265,45.273398,2.601700,2.132200,4.733900,27.419638,33.750186,0.994875
flower,flower_0128.jpg,89260,16166,5.521465,81.888864,1.700100,1.165300,2.865400,19.521170,35.225745,0.995609
flower,flower_0129.jpg,64608,33816,1.910575,47.659733,2.272000,1.485300,3.757300,16.042938,36.077964,0.998668
flower,flower_0130.jpg,16176,8670,1.865744,46.402077,0.251800,0.375800,0.627600,37.371684,32.405377,0.993083
flower,flower_0131.jpg,11357,6383,1.779257,43.796777,0.413200,0.417300,0.830500,6.971633,39.697459,0.999623
flower,flower_0132.jpg,24838,13274,1.871177,46.557694,0.884900,0.703100,1.588000,10.575306,37.887874,0.997818
flower,flower_0133.jpg,68833,35407,1.944051,48.561010,2.306300,2.954700,5.261000,15.258954,36.295556,0.998417
flower,flower_0134.jpg,18948,6331,2.992892,66.587503,0.185500,0.272100,0.457600,60.445417,30.317170,0.992267
flower,flower_0135.jpg,18380,10385,1.769860,43.498368,0.439800,0.756100,1.195900,9.598082,38.308959,0.998892
flower,flower_0136.jpg,26562,12179,2.180967,54.148784,0.853300,0.955300,1.808600,10.694489,37.839203,0.998607
flower,flower_0137.jpg,115893,61141,1.895504,47.243578,4.188600,2.725400,6.914000,9.403975,38.397689,0.999251
flower,flower_0138.jpg,22265,11993,1.856500,46.135190,0.501700,0.507900,1.009600,20.744307,34.961814,0.995168
flower,flower_0139.jpg,276274,77229,3.577335,72.046229,3.249800,2.936000,6.185800,23.757490,34.372798,0.997915
flower,flower_0140.jpg,100192,25020,4.004476,75.027946,1.386800,1.266000,2.652800,30.279227,33.319356,0.995866
flower,flower_0141.jpg,34143,14506,2.353716,57.513985,0.988000,0.788700,1.776700,21.389840,34.828728,0.991617
flower,flower_0142.jpg,30788,16672,1.846689,45.849032,0.477000,0.842700,1.319700,51.294944,31.030058,0.984271
flower,flower_0143.jpg,27891,7925,3.519369,71.585816,0.340200,0.593400,0.933600,15.402166,36.254986,0.999094
flower,flower_0144.jpg,121151,59408,2.039304,50.963673,5.430200,4.215000,9.645200,6.059675,40.306310,0.999104
flower,flower_0145.jpg,7158,4243,1.687014,40.723666,0.339400,0.218100,0.557500,37.605457,32.378295,0.995114
flower,flower_0146.jpg,47406,22326,2.123354,52.904696,1.813600,1.173700,2.987300,12.761604,37.071751,0.998719
flower,flower_0147.jpg,663063,150101,4.417446,77.362483,10.907100,7.269600,18.176700,8.946533,38.614256,0.999567
flower,flower_0148.jpg,121494,22658,5.362080,81.350519,1.497300,1.545900,3.043200,15.535165,36.217645,0.995203
flower,flower_0149.jpg,133689,71638,1.866174,46.414439,3.032000,2.234700,5.266700,31.724225,33.116893,0.995280
flower,flower_0150.jpg,164196,86571,1.896663,47.275817,3.013800,2.629700,5.643500,55.330243,30.701178,0.993043
flower,flower_0151.jpg,115609,40204,2.875560,65.224161,1.700900,0.872200,2.573100,84.678778,28.853058,0.993860
flower,flower_0152.jpg,61825,30643,2.017590,50.435908,2.103800,1.535800,3.639600,16.710861,35.900815,0.998858
flower,flower_0153.jpg,90213,43250,2.085850,52.057907,2.293800,2.282300,4.576100,27.847563,33.682932,0.995880
flower,flower_0154.jpg,13446,6764,1.987877,49.695077,0.259000,0.311600,0.570600,21.646614,34.776904,0.999005
flower,flower_0155.jpg,22396,12410,1.804674,44.588319,0.365700,0.603500,0.969200,58.369613,30.468935,0.991242
flower,flower_0156.jpg,59872,31349,1.909854,47.639965,2.107700,1.675700,3.783400,12.757367,37.073193,0.999070
flower,flower_0157.jpg,45349,24657,1.839194,45.628349,1.669900,1.518600,3.188500,5.111824,41.045045,0.999687
flower,flower_0158.jpg,80797,46392,1.741615,42.582027,2.220200,1.812300,4.032500,10.017382,38.123261,0.997540
flower,flower_0159.jpg,39365,15598,2.523721,60.375968,1.428400,1.164900,2.593300,12.353681,37.212840,0.994209
flower,flower_0160.jpg,8386,5038,1.664549,39.923682,0.199000,0.442600,0.641600,11.768636,37.423542,0.997699
flower,flower_0161.jpg,33488,17399,1.924708,48.044075,0.603900,0.692900,1.296800,19.299330,35.275381,0.997889
flower,flower_0162.jpg,5330,2980,1.788591,44.090056,0.199300,0.221000,0.420300,15.817153,36.139520,0.996364
flower,flower_0163.jpg,29750,15765,1.887092,47.008403,0.512000,0.619900,1.131900,28.044952,33.652257,0.991357
flower,flower_0164.jpg,315884,175016,1.804886,44.594851,6.400200,6.640000,13.040200,17.733743,35.642799,0.997599
flower,flower_0165.jpg,9590,5312,1.805346,44.608968,0.347500,0.284100,0.631600,41.196944,31.982154,0.995547
flower,flower_0166.jpg,41186,20641,1.995349,49.883456,1.505200,1.185100,2.690300,6.475817,40.017858,0.999437
flower,flower_0167.jpg,110174,52653,2.092454,52.209233,1.931400,1.798500,3.729900,46.347894,31.470504,0.993533
flower,flower_0168.jpg,106996,25750,4.155184,75.933680,2.285500,1.255500,3.541000,24.426612,34.252171,0.997663
flower,flower_0169.jpg,39346,22496,1.749022,42.825192,1.269300,0.741400,2.010700,66.998494,29.870153,0.989355
flower,flower_0170.jpg,18764,10060,1.865209,46.386698,0.247100,0.326400,0.573500,66.557044,29.898863,0.993299
flower,flower_0171.jpg,83189,46800,1.777543,43.742562,2.073300,1.911600,3.984900,18.972060,35.349659,0.994985
flower,flower_0172.jpg,18971,9029,2.101119,52.406304,1.434400,0.542800,1.977200,7.909421,39.149357,0.999367
flower,flower_0173.jpg,24378,12638,1.928944,48.158175,0.418400,0.562800,0.981200,26.565805,33.887574,0.995416
flower,flower_0174.jpg,26540,14110,1.880936,46.834966,0.446500,0.554300,1.000800,34.914460,32.700750,0.994035
flower,flower_0175.jpg,70546,36292,1.943844,48.555552,2.744600,1.834600,4.579200,7.067587,39.638092,0.999328
flower,flower_0176.jpg,84165,35585,2.365182,57.719955,1.955200,1.586400,3.541600,35.173637,32.668631,0.992750
flower,flower_0177.jpg,78194,24810,3.151713,68.271223,1.347400,1.312000,2.659400,11.249428,37.619499,0.999522
flower,flower_0178.jpg,48530,25266,1.920763,47.937358,0.577800,0.798900,1.376700,38.713020,32.252233,0.994335
flower,flower_0179.jpg,44272,20103,2.202258,54.592067,1.943000,1.256900,3.199900,13.350479,36.875835,0.998847
flower,flower_0180.jpg,21356,11732,1.820320,45.064619,0.559100,0.558800,1.117900,33.080204,32.935122,0.997863
flower,flower_0181.jpg,160278,87136,1.839400,45.634460,2.407100,2.642900,5.050000,74.412232,29.414360,0.988321
flower,flower_0182.jpg,49504,20793,2.380801,57.997334,1.852000,1.342200,3.194200,12.296551,37.232971,0.998859
flower,flower_0183.jpg,55782,28360,1.966925,49.159227,2.852300,2.354500,5.206800,11.458259,37.539617,0.999148
flower,flower_0184.jpg,350259,42746,8.193960,87.795888,2.797000,2.186000,4.983000,15.747317,36.158738,0.999031
flower,flower_0185.jpg,37487,19484,1.923989,48.024649,1.041200,0.974400,2.015600,20.053497,35.108902,0.994709
flower,flower_0186.jpg,40169,19620,2.047350,51.156364,1.975900,1.389900,3.365800,5.329804,40.863691,0.998940
flower,flower_0187.jpg,86834,45043,1.927802,48.127462,1.794500,2.426500,4.221000,20.228253,35.071220,0.997183
flower,flower_0188.jpg,60605,14393,4.210727,76.251134,1.027600,0.761600,1.789200,18.434459,35.474500,0.998080
flower,flower_0189.jpg,20059,10861,1.846883,45.854729,0.432000,0.455000,0.887000,22.968241,34.519526,0.997526
flower,flower_0190.jpg,84614,44107,1.918380,47.872692,2.023200,1.722600,3.745800,34.013195,32.814329,0.995566
flower,flower_0191.jpg,232857,60655,3.839040,73.951825,3.753700,2.818100,6.571800,54.640706,30.755641,0.995114
flower,flower_0192.jpg,148146,77764,1.905072,47.508539,29.318500,6.507000,35.825500,3.995329,42.115278,0.999499
flower,flower_0193.jpg,59565,31241,1.906629,47.551414,2.086200,1.224600,3.310800,23.299263,34.457382,0.997761
flower,flower_0194.jpg,57191,12822,4.460381,77.580389,1.334200,0.867700,2.201900,9.916566,38.167191,0.999386
flower,flower_0195.jpg,139172,76686,1.814829,44.898399,3.778900,2.441600,6.220500,66.230816,29.920203,0.991265
flower,flower_0196.jpg,29133,15998,1.821040,45.086328,0.683600,0.595600,1.279200,36.451307,32.513673,0.991969
flower,flower_0197.jpg,39311,12320,3.190828,68.660171,0.385500,0.467100,0.852600,68.454617,29.776776,0.990102
flower,flower_0198.jpg,64751,31586,2.049991,51.219286,1.553300,1.798600,3.351900,19.687047,35.188998,0.997480
flower,flower_0199.jpg,93839,50487,1.858676,46.198276,1.855600,1.555300,3.410900,82.001792,28.992570,0.988214
flower,flower_0200.jpg,18014,11069,1.627428,38.553347,0.428100,0.529100,0.957200,26.866158,33.838748,0.998057
flower,flower_0201.jpg,142819,75687,1.886969,47.004950,3.106500,3.294400,6.400900,41.640122,31.935684,0.996617
flower,flower_0202.jpg,70093,36191,1.936752,48.367169,2.859100,1.902100,4.761200,15.913601,36.113119,0.997396
flower,flower_0203.jpg,42975,20868,2.059373,51.441536,1.130200,1.460100,2.590300,16.341613,35.997855,0.991709
flower,flower_0204.jpg,117879,31135,3.786061,73.587323,2.614500,2.621200,5.235700,14.616770,36.482290,0.998595
flower,flower_0205.jpg,111527,30620,3.642293,72.544765,1.571900,2.235000,3.806900,26.607098,33.880828,0.998640
flower,flower_0206.jpg,26116,14087,1.853908,46.059887,0.593200,0.516000,1.109200,74.758098,29.394221,0.987066
flower,flower_0207.jpg,62852,30496,2.060992,51.479667,2.339500,2.099300,4.438800,9.774390,38.229907,0.998114
flower,flower_0208.jpg,42599,21123,2.016712,50.414329,2.198500,1.759500,3.958000,7.859696,39.176746,0.999135
flower,flower_0209.jpg,39076,11762,3.322224,69.899683,0.643800,0.579800,1.223600,16.153831,36.048048,0.998330
flower,flower_0210.jpg,44061,22211,1.983747,49.590341,0.711800,0.936600,1.648400,40.917851,32.011675,0.992924
flower,flower_0211.jpg,2619816,799328,3.277523,69.489155,34.139800,30.870100,65.009900,7.488981,39.386576,0.999345
flower,flower_0212.jpg,50265,22190,2.265210,55.853974,1.321000,0.993800,2.314800,13.104607,36.956563,0.998183
flower,flower_0213.jpg,78992,36378,2.171422,53.947235,1.938600,1.665000,3.603600,20.942076,34.920606,0.998197
flower,flower_0214.jpg,95630,21586,4.430186,77.427585,1.043000,1.003400,2.046400,15.082269,36.346137,0.997658
flower,flower_0215.jpg,79727,40585,1.964445,49.095037,1.747300,1.906700,3.654000,20.455611,35.022679,0.996382
flower,flower_0216.jpg,120869,62390,1.937314,48.382133,2.879700,3.968400,6.848100,66.465539,29.904838,0.986793
flower,flower_0217.jpg,117476,61154,1.920986,47.943410,2.986200,3.517000,6.503200,11.748574,37.430952,0.999054
flower,flower_0218.jpg,55159,14491,3.806432,73.728675,0.387900,0.553900,0.941800,37.514651,32.388795,0.996177
flower,flower_0219.jpg,84598,39711,2.130342,53.059174,2.469600,1.841900,4.311500,28.913125,33.519853,0.996980
flower,flower_0220.jpg,48958,26470,1.849566,45.933249,0.727800,0.719800,1.447600,30.111203,33.343523,0.995289
flower,flower_0221.jpg,15385,8245,1.865979,46.408840,0.270000,0.311500,0.581500,15.954719,36.101912,0.996965
flower,flower_0222.jpg,30381,13364,2.273346,56.011981,0.628200,0.666400,1.294600,18.781318,35.393543,0.994812
flower,flower_0223.jpg,52868,13367,3.955113,74.716274,0.413000,0.555400,0.968400,23.740434,34.375917,0.997509
flower,flower_0224.jpg,93752,49996,1.875190,46.672071,1.601400,1.395500,2.996900,32.033944,33.074699,0.995952
flower,flower_0225.jpg,33107,17293,1.914474,47.766333,1.392500,0.864200,2.256700,9.678705,38.272631,0.996276
flower,flower_0226.jpg,96586,47201,2.046270,51.130599,2.693400,1.937700,4.631100,17.643493,35.664958,0.996160
flower,flower_0227.jpg,14314,4511,3.173132,68.485399,0.273500,0.223600,0.497100,34.792096,32.715998,0.994259
flower,flower_0228.jpg,39251,23897,1.642507,39.117475,0.544600,0.647200,1.191800,91.849117,28.500054,0.992826
flower,flower_0229.jpg,288352,156028,1.848079,45.889746,4.760600,5.088100,9.848700,13.401030,36.859422,0.995844
flower,flower_0230.jpg,12947,7236,1.789248,44.110605,0.177600,0.239400,0.417000,71.121974,29.610766,0.992389
flower,flower_0231.jpg,14675,5492,2.672068,62.575809,0.139700,0.212900,0.352600,50.113389,31.131266,0.993326
flower,flower_0232.jpg,79266,40509,1.956750,48.894860,1.136900,0.977000,2.113900,52.940291,30.892940,0.994325
flower,flower_0233.jpg,4958,2885,1.718544,41.811214,0.106200,0.176800,0.283000,63.401132,30.109833,0.989092
flower,flower_0234.jpg,45956,26001,1.767470,43.421969,1.322300,1.569200,2.891500,7.380219,39.450111,0.999365
flower,flower_0235.jpg,67390,34703,1.941907,48.504229,2.307600,1.667200,3.974800,20.514465,35.010202,0.996465
flower,flower_0236.jpg,24605,12234,2.011198,50.278399,0.773000,0.484200,1.257200,56.835731,30.584589,0.988497
flower,flower_0237.jpg,86407,20715,4.171229,76.026248,2.323600,2.106100,4.429700,5.955427,40.381675,0.999666
flower,flower_0238.jpg,30207,16009,1.886876,47.002350,0.567600,0.578600,1.146200,36.159865,32.548536,0.992369
flower,flower_0239.jpg,61259,17786,3.444226,70.965899,0.742100,0.778500,1.520600,47.668698,31.348471,0.990695
flower,flower_0240.jpg,104053,53593,1.941541,48.494517,1.719900,1.854900,3.574800,53.903532,30.814631,0.994602
flower,flower_0241.jpg,18528,9435,1.963752,49.077073,0.483000,0.354700,0.837700,38.856249,32.236195,0.992639
flower,flower_0242.jpg,9746,3081,3.163259,68.387031,0.173800,0.186500,0.360300,31.925142,33.089475,0.989507
flower,flower_0243.jpg,9929,5293,1.875874,46.691510,0.241700,0.283200,0.524900,55.984976,30.650089,0.993140
flower,flower_0244.jpg,22846,11390,2.005795,50.144445,0.603500,0.618500,1.222000,13.942728,36.687326,0.998623
flower,flower_0245.jpg,17091,4906,3.483693,71.294834,0.272800,0.248400,0.521200,39.785364,32.133570,0.996595
flower,flower_0246.jpg,63991,32628,1.961230,49.011580,6.871300,2.316200,9.187500,23.627977,34.396538,0.997888
flower,flower_0247.jpg,36160,18509,1.953644,48.813606,0.614300,0.692200,1.306500,49.895372,31.150201,0.991796
flower,flower_0248.jpg,108235,25862,4.185098,76.105696,4.247100,2.471100,6.718200,5.956695,40.380750,0.999574
flower,flower_0249.jpg,62930,33538,1.876379,46.705864,1.579200,1.672000,3.251200,14.220274,36.601724,0.999033
fruit,fruit_0000.jpg,4001,2347,1.704729,41.339665,0.250700,0.191700,0.442400,11.028833,37.705508,0.998456
fruit,fruit_0001.jpg,4973,2885,1.723744,41.986728,0.171500,0.268800,0.440300,16.903533,35.851029,0.999259
fruit,fruit_0002.jpg,4398,2664,1.650901,39.427012,0.171400,0.175200,0.346600,14.618333,36.481825,0.997798
fruit,fruit_0003.jpg,4493,2739,1.640380,39.038504,0.170600,0.169700,0.340300,13.199300,36.925295,0.999010
fruit,fruit_0004.jpg,5226,3016,1.732759,42.288557,0.124900,0.175700,0.300600,16.051833,36.075557,0.999000
fruit,fruit_0005.jpg,6098,3403,1.791948,44.194818,0.216100,0.280800,0.496900,24.787533,34.188470,0.997661
fruit,fruit_0006.jpg,4716,2765,1.705606,41.369805,0.205700,0.236600,0.442300,14.311600,36.573922,0.998533
fruit,fruit_0007.jpg,3793,2244,1.690285,40.838387,0.194200,0.172300,0.366500,7.364800,39.459194,0.999039
fruit,fruit_0008.jpg,4342,2624,1.654726,39.567020,0.120700,0.338300,0.459000,13.687867,36.767446,0.998656
fruit,fruit_0009.jpg,4954,2978,1.663533,39.886960,0.228300,0.167400,0.395700,20.073567,35.104558,0.999140
fruit,fruit_0010.jpg,4207,2401,1.752187,42.928453,0.160000,0.950800,1.110800,18.481900,35.463337,0.999285
fruit,fruit_0011.jpg,6017,3422,1.758328,43.127805,0.249900,0.326500,0.576400,29.126533,33.487916,0.998314
fruit,fruit_0012.jpg,3695,2239,1.650290,39.404601,0.341000,0.157200,0.498200,11.271367,37.611038,0.998863
fruit,fruit_0013.jpg,7224,4100,1.761951,43.244740,0.182600,0.198600,0.381200,31.262900,33.180511,0.998065
fruit,fruit_0014.jpg,4693,2794,1.679671,40.464522,0.199000,0.185200,0.384200,14.303800,36.576289,0.999124
fruit,fruit_0015.jpg,4787,2770,1.728159,42.134949,0.147800,0.183100,0.330900,15.212500,36.308798,0.998429
fruit,fruit_0016.jpg,3875,2425,1.597938,37.419355,0.186000,0.264500,0.450500,13.254033,36.907323,0.998698
fruit,fruit_0017.jpg,5386,3130,1.720767,41.886372,0.127700,0.184300,0.312000,15.701333,36.171438,0.998221
fruit,fruit_0018.jpg,4413,2526,1.747031,42.760027,0.178000,0.134200,0.312200,13.200300,36.924966,0.999441
fruit,fruit_0019.jpg,3634,2275,1.597363,37.396808,0.186300,0.159100,0.345400,10.993867,37.719299,0.999268
fruit,fruit_0020.jpg,5141,3018,1.703446,41.295468,0.178600,0.168000,0.346600,15.430600,36.246975,0.999053
fruit,fruit_0021.jpg,4353,2619,1.662085,39.834597,0.126900,0.344400,0.471300,19.796800,35.164854,0.999121
fruit,fruit_0022.jpg,4535,2514,1.803898,44.564498,0.163200,0.176600,0.339800,17.955033,35.588941,0.999270
fruit,fruit_0023.jpg,4232,2557,1.655065,39.579395,0.281400,0.172100,0.453500,12.467900,37.172871,0.998710
fruit,fruit_0024.jpg,4542,2632,1.725684,42.051959,0.184300,0.160000,0.344300,18.033433,35.570019,0.997397
fruit,fruit_0025.jpg,4081,2283,1.787560,44.057829,0.173700,0.164900,0.338600,11.897067,37.376405,0.999331
fruit,fruit_0026.jpg,3484,2156,1.615955,38.117107,0.164600,0.154300,0.318900,8.978400,38.598814,0.999462
fruit,fruit_0027.jpg,3641,2167,1.680203,40.483384,0.285100,0.161300,0.446400,8.039133,39.078711,0.998974
fruit,fruit_0028.jpg,5523,3150,1.753333,42.965779,0.184200,0.228100,0.412300,19.368100,35.259933,0.998890
fruit,fruit_0029.jpg,5258,2970,1.770370,43.514644,0.188400,0.170500,0.358900,19.771400,35.170429,0.998233
fruit,fruit_0030.jpg,4373,2677,1.633545,38.783444,0.169800,0.164800,0.334600,18.269967,35.513426,0.998749
fruit,fruit_0031.jpg,3877,2333,1.661809,39.824607,0.143200,0.164800,0.308000,14.375633,36.554534,0.997927
fruit,fruit_0032.jpg,5173,2981,1.735324,42.373864,0.213000,0.224700,0.437700,16.139567,36.051885,0.998979
fruit,fruit_0033.jpg,4225,2620,1.612595,37.988166,0.188800,0.163000,0.351800,11.513133,37.518868,0.999311
fruit,fruit_0034.jpg,6336,3553,1.783282,43.923611,0.190600,0.190800,0.381400,27.400467,33.753224,0.998147
fruit,fruit_0035.jpg,5313,2966,1.791301,44.174666,0.179500,0.256500,0.436000,19.315200,35.271812,0.998386
fruit,fruit_0036.jpg,4795,2725,1.759633,43.169969,0.140700,0.313300,0.454000,16.806900,35.875927,0.999264
fruit,fruit_0037.jpg,4399,2620,1.679008,40.441009,0.249300,0.229600,0.478900,13.393733,36.861787,0.999135
fruit,fruit_0038.jpg,5176,2936,1.762943,43.276662,0.218500,0.175800,0.394300,20.504033,35.012411,0.998914
fruit,fruit_0039.jpg,4842,2818,1.718240,41.800909,0.141700,0.164600,0.306300,15.482400,36.232421,0.998459
fruit,fruit_0040.jpg,5033,2871,1.753048,42.956487,0.187100,0.300600,0.487700,14.289367,36.580674,0.998593
fruit,fruit_0041.jpg,5224,3075,1.698862,41.137060,0.175600,0.172300,0.347900,15.071600,36.349210,0.999344
fruit,fruit_0042.jpg,4518,2690,1.679554,40.460381,0.167600,0.177000,0.344600,11.560933,37.500875,0.999308
fruit,fruit_0043.jpg,5258,3032,1.734169,42.335489,0.201500,0.201800,0.403300,19.202333,35.297264,0.999063
fruit,fruit_0044.jpg,7312,4135,1.768319,43.449125,0.175700,0.178400,0.354100,32.325967,33.035288,0.997863
fruit,fruit_0045.jpg,5050,3036,1.663373,39.881188,0.186100,0.175500,0.361600,20.958767,34.917146,0.999011
fruit,fruit_0046.jpg,4472,2734,1.635699,38.864043,0.131300,0.168900,0.300200,11.878900,37.383041,0.998672
fruit,fruit_0047.jpg,4782,2743,1.743347,42.639063,0.293700,0.182800,0.476500,16.348233,35.996095,0.998248
fruit,fruit_0048.jpg,4485,2615,1.715105,41.694537,0.127300,0.215000,0.342300,16.230233,36.027556,0.999197
fruit,fruit_0049.jpg,5357,3022,1.772667,43.587829,0.206500,0.291000,0.497500,19.408833,35.250809,0.998588
fruit,fruit_0050.jpg,4648,2774,1.675559,40.318417,0.228900,0.167700,0.396600,13.226533,36.916343,0.999511
fruit,fruit_0051.jpg,5091,2967,1.715875,41.720684,0.187900,0.231800,0.419700,15.402533,36.254882,0.998121
fruit,fruit_0052.jpg,4892,2956,1.654939,39.574816,0.218900,0.170900,0.389800,19.917200,35.138521,0.999143
fruit,fruit_0053.jpg,5044,3026,1.666887,40.007930,0.251900,0.175500,0.427400,21.036067,34.901158,0.998164
fruit,fruit_0054.jpg,3942,2403,1.640449,39.041096,0.131000,0.160200,0.291200,12.252300,37.248627,0.998665
fruit,fruit_0055.jpg,4023,2430,1.655556,39.597315,0.209300,0.320300,0.529600,13.941700,36.687646,0.997970
fruit,fruit_0056.jpg,4594,2682,1.712901,41.619504,0.182000,0.162800,0.344800,13.956633,36.682997,0.998647
fruit,fruit_0057.jpg,4869,2806,1.735210,42.370097,0.178900,0.173100,0.352000,18.113000,35.550900,0.998737
fruit,fruit_0058.jpg,4441,2625,1.691810,40.891691,0.342300,0.178000,0.520300,12.017367,37.332710,0.999486
fruit,fruit_0059.jpg,5213,3071,1.697493,41.089584,0.195600,0.176600,0.372200,19.915300,35.138935,0.998707
fruit,fruit_0060.jpg,4855,2832,1.714336,41.668383,0.198200,0.189800,0.388000,14.689200,36.460822,0.999024
fruit,fruit_0061.jpg,2837,1932,1.468427,31.899894,0.169200,0.186300,0.355500,5.596400,40.651716,0.999518
fruit,fruit_0062.jpg,5108,2980,1.714094,41.660141,0.235000,0.196800,0.431800,14.958267,36.381991,0.999057
fruit,fruit_0063.jpg,4991,3033,1.645565,39.230615,0.148900,0.169900,0.318800,10.729467,37.825022,0.999298
fruit,fruit_0064.jpg,4417,2623,1.683950,40.615803,0.181200,0.173400,0.354600,11.170067,37.650246,0.998960
fruit,fruit_0065.jpg,4782,2815,1.698757,41.133417,0.193900,0.216200,0.410100,13.572467,36.804216,0.999314
fruit,fruit_0066.jpg,3376,2077,1.625421,38.477488,0.182200,0.158700,0.340900,5.730100,40.549182,0.999040
fruit,fruit_0067.jpg,6433,3580,1.796927,44.349448,0.189300,0.196000,0.385300,24.654367,34.211865,0.997530
fruit,fruit_0068.jpg,5196,2939,1.767948,43.437259,0.196300,0.173200,0.369500,17.244133,35.764390,0.997652
fruit,fruit_0069.jpg,4893,2802,1.746253,42.734519,0.185900,0.144800,0.330700,16.452000,35.968617,0.998671
fruit,fruit_0070.jpg,5059,2749,1.840306,45.661198,0.134300,0.161100,0.295400,21.406733,34.825300,0.998308
fruit,fruit_0071.jpg,5886,3206,1.835933,45.531770,0.190900,0.384800,0.575700,21.229933,34.861317,0.998508
fruit,fruit_0072.jpg,3398,2091,1.625060,38.463802,0.185600,0.173000,0.358600,5.661733,40.601310,0.999098
fruit,fruit_0073.jpg,3960,2316,1.709845,41.515152,0.186400,0.160000,0.346400,13.025067,36.983004,0.999090
fruit,fruit_0074.jpg,4757,2834,1.678546,40.424637,0.194100,0.175700,0.369800,13.650600,36.779286,0.999150
fruit,fruit_0075.jpg,5491,3020,1.818212,45.000911,0.173100,0.197200,0.370300,24.161933,34.299487,0.998130
fruit,fruit_0076.jpg,4940,2806,1.760513,43.198381,0.185000,0.184300,0.369300,17.659267,35.661077,0.998781
fruit,fruit_0077.jpg,3609,2301,1.568449,36.242727,0.172200,0.154100,0.326300,12.966000,37.002743,0.999268
fruit,fruit_0078.jpg,4730,2720,1.738971,42.494715,0.130500,0.165400,0.295900,15.380700,36.261043,0.998486
fruit,fruit_0079.jpg,4296,2477,1.734356,42.341713,0.125400,0.164900,0.290300,12.944200,37.010051,0.999000
fruit,fruit_0080.jpg,5244,2984,1.757373,43.096873,0.215100,0.202600,0.417700,18.944200,35.356041,0.999107
fruit,fruit_0081.jpg,4627,2749,1.683158,40.587854,0.131000,0.178700,0.309700,13.883467,36.705824,0.999517
fruit,fruit_0082.jpg,4531,2642,1.714989,41.690576,0.195200,0.173000,0.368200,12.457100,37.176634,0.998841
fruit,fruit_0083.jpg,4752,2744,1.731778,42.255892,0.125600,0.176800,0.302400,14.884367,36.403500,0.998502
fruit,fruit_0084.jpg,4596,2646,1.736961,42.428198,0.195900,0.476200,0.672100,16.621033,35.924223,0.999124
fruit,fruit_0085.jpg,4785,2818,1.698013,41.107628,0.207100,0.223400,0.430500,15.709100,36.169291,0.998376
fruit,fruit_0086.jpg,4957,2875,1.724174,42.001210,0.261500,0.414900,0.676400,15.519967,36.221896,0.999139
fruit,fruit_0087.jpg,7160,4052,1.767029,43.407821,0.196500,0.315100,0.511600,31.819300,33.103897,0.998233
fruit,fruit_0088.jpg,4986,3004,1.659787,39.751304,0.185100,0.240100,0.425200,16.775867,35.883954,0.999029
fruit,fruit_0089.jpg,4324,2573,1.680529,40.494912,0.181900,0.201800,0.383700,13.663000,36.775343,0.999089
fruit,fruit_0090.jpg,4550,2762,1.647357,39.296703,0.193100,0.191300,0.384400,20.478800,35.017759,0.998473
fruit,fruit_0091.jpg,5367,3116,1.722401,41.941494,0.186600,0.221000,0.407600,17.950733,35.589982,0.998901
fruit,fruit_0092.jpg,2382,1726,1.380070,27.539882,0.217600,0.162800,0.380400,5.108667,41.047728,0.999375
fruit,fruit_0093.jpg,4774,2602,1.834743,45.496439,0.133900,0.171500,0.305400,19.083500,35.324223,0.998883
fruit,fruit_0094.jpg,5488,3070,1.787622,44.059767,0.189000,0.362700,0.551700,20.531900,35.006512,0.998367
fruit,fruit_0095.jpg,5842,3334,1.752250,42.930503,0.186500,0.182900,0.369400,21.902467,34.725873,0.998621
fruit,fruit_0096.jpg,7264,4077,1.781702,43.873899,0.209300,0.211400,0.420700,32.052433,33.072194,0.998022
fruit,fruit_0097.jpg,4525,2647,1.709482,41.502762,0.184700,0.174400,0.359100,17.185000,35.779308,0.997387
fruit,fruit_0098.jpg,5151,2909,1.770712,43.525529,0.130700,0.181300,0.312000,18.783700,35.392992,0.998499
fruit,fruit_0099.jpg,5151,3054,1.686640,40.710542,0.266700,0.288600,0.555300,14.789800,36.431181,0.999339
fruit,fruit_0100.jpg,3278,2192,1.495438,33.129957,0.245300,0.219100,0.464400,6.355433,40.099352,0.999667
fruit,fruit_0101.jpg,4885,2825,1.729204,42.169908,0.150000,0.177400,0.327400,14.404100,36.545942,0.999230
fruit,fruit_0102.jpg,4771,2795,1.706977,41.416894,0.151000,0.172600,0.323600,15.946167,36.104241,0.999289
fruit,fruit_0103.jpg,3562,2126,1.675447,40.314430,0.150300,0.159000,0.309300,9.884867,38.181095,0.998999
fruit,fruit_0104.jpg,4514,2528,1.785601,43.996455,0.124900,0.176500,0.301400,13.490367,36.830566,0.999096
fruit,fruit_0105.jpg,4185,2520,1.660714,39.784946,0.185500,0.172000,0.357500,14.000200,36.669461,0.999108
fruit,fruit_0106.jpg,5030,2848,1.766152,43.379722,0.182400,0.175200,0.357600,16.964467,35.835402,0.999215
fruit,fruit_0107.jpg,5390,3010,1.790698,44.155844,0.194300,0.131300,0.325600,19.719833,35.181771,0.998603
fruit,fruit_0108.jpg,4344,2456,1.768730,43.462247,0.126300,0.252800,0.379100,20.281533,35.059796,0.999123
fruit,fruit_0109.jpg,6486,3618,1.792703,44.218316,0.203300,0.192500,0.395800,31.392233,33.162581,0.998036
fruit,fruit_0110.jpg,5115,2893,1.768061,43.440860,0.180100,0.199100,0.379200,18.543933,35.448785,0.998988
fruit,fruit_0111.jpg,6298,3520,1.789205,44.109241,0.160000,0.270800,0.430800,22.721133,34.566504,0.997415
fruit,fruit_0112.jpg,4268,2643,1.614832,38.074039,0.188500,0.174500,0.363000,10.085733,38.093729,0.999400
fruit,fruit_0113.jpg,4227,2605,1.622649,38.372368,0.169300,0.179700,0.349000,11.474300,37.533542,0.998775
fruit,fruit_0114.jpg,4460,2661,1.676062,40.336323,0.201800,0.212400,0.414200,20.074433,35.104371,0.999099
fruit,fruit_0115.jpg,5004,3035,1.648764,39.348521,0.179100,0.180400,0.359500,20.774200,34.955561,0.999020
fruit,fruit_0116.jpg,4366,2662,1.640120,39.028859,0.189800,0.176700,0.366500,12.940233,37.011383,0.999218
fruit,fruit_0117.jpg,4665,2840,1.642606,39.121115,0.304500,0.211100,0.515600,13.344400,36.877813,0.999126
fruit,fruit_0118.jpg,3974,2458,1.616762,38.147962,0.186900,0.182000,0.368900,10.420400,37.951960,0.999196
fruit,fruit_0119.jpg,4433,2627,1.687476,40.739905,0.190200,0.171400,0.361600,12.759433,37.072490,0.998802
fruit,fruit_0120.jpg,5097,2942,1.732495,42.279772,0.181000,0.185300,0.366300,16.177600,36.041663,0.999059
fruit,fruit_0121.jpg,3881,2359,1.645189,39.216697,0.139700,0.203000,0.342700,17.184700,35.779384,0.999080
fruit,fruit_0122.jpg,4412,2712,1.626844,38.531278,0.177900,0.186300,0.364200,10.183233,38.051947,0.999615
fruit,fruit_0123.jpg,5785,3436,1.683644,40.605013,0.186500,0.316100,0.502600,18.467933,35.466621,0.999087
fruit,fruit_0124.jpg,4366,2649,1.648169,39.326615,0.182600,0.174900,0.357500,12.657200,37.107427,0.999154
fruit,fruit_0125.jpg,6698,3759,1.781857,43.878770,0.198000,0.330600,0.528600,33.716600,32.852366,0.997850
fruit,fruit_0126.jpg,3709,2200,1.685909,40.684821,0.188000,0.167100,0.355100,17.097433,35.801494,0.999031
fruit,fruit_0127.jpg,5355,2933,1.825776,45.228758,0.212500,0.185300,0.397800,19.354133,35.263066,0.998130
fruit,fruit_0128.jpg,4694,2746,1.709395,41.499787,0.129900,0.178200,0.308100,13.998767,36.669906,0.998623
fruit,fruit_0129.jpg,4431,2554,1.734926,42.360641,0.191100,0.239500,0.430600,12.857067,37.039385,0.998966
fruit,fruit_0130.jpg,3665,2181,1.680422,40.491132,0.183700,0.228200,0.411900,8.127533,39.031216,0.998937
fruit,fruit_0131.jpg,4448,2640,1.684848,40.647482,0.298900,0.417100,0.716000,12.712233,37.088585,0.999442
fruit,fruit_0132.jpg,4955,2877,1.722280,41.937437,0.186600,0.180400,0.367000,17.892467,35.604101,0.999340
fruit,fruit_0133.jpg,3523,2253,1.563693,36.048822,0.176500,0.162600,0.339100,9.737933,38.246136,0.999362
fruit,fruit_0134.jpg,3450,2133,1.617440,38.173913,0.176100,0.166200,0.342300,6.827933,39.787911,0.999365
fruit,fruit_0135.jpg,4050,2516,1.609698,37.876543,0.226900,0.347100,0.574000,16.240667,36.024765,0.998883
fruit,fruit_0136.jpg,6242,3584,1.741629,42.582506,0.226100,0.204900,0.431000,21.182700,34.870990,0.998589
fruit,fruit_0137.jpg,4288,2470,1.736032,42.397388,0.201400,0.166400,0.367800,13.535900,36.815932,0.999343
fruit,fruit_0138.jpg,4640,2819,1.645974,39.245690,0.192100,0.181400,0.373500,12.041367,37.324046,0.999000
fruit,fruit_0139.jpg,4282,2530,1.692490,40.915460,0.211500,0.185000,0.396500,12.963733,37.003503,0.999375
fruit,fruit_0140.jpg,4151,2379,1.744851,42.688509,0.178400,0.174300,0.352700,13.225433,36.916705,0.999305
fruit,fruit_0141.jpg,4234,2598,1.629715,38.639584,0.194700,0.196900,0.391600,12.026567,37.329387,0.998560
fruit,fruit_0142.jpg,5965,3465,1.721501,41.911148,0.223700,0.197800,0.421500,22.545267,34.600250,0.998983
fruit,fruit_0143.jpg,3966,2465,1.608925,37.846697,1.875900,0.263600,2.139500,13.855900,36.714456,0.999431
fruit,fruit_0144.jpg,6075,3513,1.729291,42.172840,0.221500,0.202000,0.423500,24.128367,34.305524,0.998032
fruit,fruit_0145.jpg,4402,2427,1.813762,44.865970,0.175800,0.179700,0.355500,13.685800,36.768102,0.999055
fruit,fruit_0146.jpg,4279,2351,1.820077,45.057256,0.194100,0.159400,0.353500,17.281933,35.754880,0.999065
fruit,fruit_0147.jpg,4492,2631,1.707336,41.429207,0.192900,0.184900,0.377800,12.699167,37.093051,0.998826
fruit,fruit_0148.jpg,3946,2388,1.652429,39.483021,0.175700,0.169600,0.345300,18.069367,35.561374,0.999037
fruit,fruit_0149.jpg,4323,2597,1.664613,39.925977,0.168100,0.165900,0.334000,19.096067,35.321364,0.999187
fruit,fruit_0150.jpg,4001,2462,1.625102,38.465384,0.174400,0.163100,0.337500,13.006267,36.989277,0.999064
fruit,fruit_0151.jpg,4805,2884,1.666089,39.979188,0.131900,0.410500,0.542400,16.250600,36.022110,0.998730
fruit,fruit_0152.jpg,4832,2924,1.652531,39.486755,0.171900,0.190800,0.362700,11.913700,37.370337,0.999578
fruit,fruit_0153.jpg,5235,3123,1.676273,40.343840,0.195500,0.184500,0.380000,15.622700,36.193243,0.999332
fruit,fruit_0154.jpg,4304,2415,1.782195,43.889405,0.194800,0.167700,0.362500,18.846967,35.378389,0.999247
fruit,fruit_0155.jpg,5060,3024,1.673280,40.237154,0.186400,0.179600,0.366000,19.342467,35.265685,0.999181
fruit,fruit_0156.jpg,4193,2460,1.704472,41.330789,0.194700,0.546600,0.741300,15.394633,36.257110,0.997825
fruit,fruit_0157.jpg,4331,2659,1.628808,38.605403,0.194500,0.165100,0.359600,14.147800,36.623914,0.998218
fruit,fruit_0158.jpg,4929,2886,1.707900,41.448570,0.189600,0.180100,0.369700,16.632100,35.921333,0.999240
fruit,fruit_0159.jpg,4471,2621,1.705837,41.377768,0.175100,0.201000,0.376100,13.126967,36.949160,0.999384
fruit,fruit_0160.jpg,3539,2155,1.642227,39.107092,0.181800,0.164500,0.346300,10.505467,37.916650,0.999109
fruit,fruit_0161.jpg,5449,3052,1.785387,43.989723,0.193900,0.200900,0.394800,18.896100,35.367082,0.997797
fruit,fruit_0162.jpg,5269,3052,1.726409,42.076295,0.185300,0.250000,0.435300,19.748733,35.175411,0.998439
fruit,fruit_0163.jpg,4159,2594,1.603315,37.629238,0.287500,0.180900,0.468400,11.571000,37.497095,0.998633
fruit,fruit_0164.jpg,4117,2395,1.718998,41.826573,0.194100,0.178000,0.372100,10.679200,37.845416,0.998522
fruit,fruit_0165.jpg,4252,2457,1.730566,42.215428,0.206600,0.305400,0.512000,12.865333,37.036593,0.998974
fruit,fruit_0166.jpg,4698,2726,1.723404,41.975309,0.220800,0.203900,0.424700,16.218300,36.030750,0.999279
fruit,fruit_0167.jpg,5523,3175,1.739528,42.513127,0.361500,0.252900,0.614400,19.595500,35.209240,0.998883
fruit,fruit_0168.jpg,4913,2883,1.704128,41.318950,0.189100,0.184200,0.373300,15.670500,36.179975,0.998928
fruit,fruit_0169.jpg,5300,2956,1.792963,44.226415,0.186000,0.177700,0.363700,18.654567,35.422952,0.997500
fruit,fruit_0170.jpg,4018,2424,1.657591,39.671478,0.172000,0.163200,0.335200,11.431967,37.549594,0.998486
fruit,fruit_0171.jpg,4300,2592,1.658951,39.720930,0.188300,0.167700,0.356000,15.019433,36.364268,0.997595
fruit,fruit_0172.jpg,4169,2454,1.698859,41.136963,0.150400,0.233700,0.384100,12.646400,37.111134,0.999426
fruit,fruit_0173.jpg,5132,2986,1.718687,41.816056,0.283400,0.391200,0.674600,16.279967,36.014268,0.998544
fruit,fruit_0174.jpg,4925,2914,1.690117,40.832487,0.173800,0.186200,0.360000,18.434133,35.474576,0.998770
fruit,fruit_0175.jpg,4179,2522,1.657018,39.650634,0.180300,0.189900,0.370200,16.838900,35.867666,0.999219
fruit,fruit_0176.jpg,5955,3459,1.721596,41.914358,0.246300,0.225800,0.472100,24.036400,34.322109,0.998016
fruit,fruit_0177.jpg,4850,2920,1.660959,39.793814,0.198900,0.187800,0.386700,14.368500,36.556689,0.999124
fruit,fruit_0178.jpg,5420,3049,1.777632,43.745387,0.204900,0.226100,0.431000,20.625233,34.986815,0.998461
fruit,fruit_0179.jpg,4464,2497,1.787745,44.063620,0.168900,0.154000,0.322900,17.996300,35.578971,0.999167
fruit,fruit_0180.jpg,4816,2825,1.704779,41.341362,0.170700,0.181500,0.352200,13.082067,36.964040,0.999328
fruit,fruit_0181.jpg,3308,2069,1.598840,37.454655,0.189400,0.152100,0.341500,9.509833,38.349075,0.999341
fruit,fruit_0182.jpg,3653,2201,1.659700,39.748152,0.163900,0.151500,0.315400,10.902367,37.755596,0.999173
fruit,fruit_0183.jpg,4926,2839,1.735118,42.367032,0.346500,0.233600,0.580100,16.759100,35.888297,0.998761
fruit,fruit_0184.jpg,5500,3082,1.784555,43.963636,0.207800,0.184800,0.392600,20.962100,34.916456,0.998396
fruit,fruit_0185.jpg,5136,3089,1.662674,39.855919,0.203600,0.179100,0.382700,13.086067,36.962712,0.999198
fruit,fruit_0186.jpg,4798,2737,1.753014,42.955398,0.185400,0.280500,0.465900,15.683200,36.176457,0.998207
fruit,fruit_0187.jpg,3592,2247,1.598576,37.444321,0.170700,0.193100,0.363800,6.153100,40.239864,0.998968
fruit,fruit_0188.jpg,4395,2533,1.735097,42.366325,0.196400,0.339900,0.536300,12.463100,37.174543,0.998849
fruit,fruit_0189.jpg,3570,2125,1.680000,40.476190,0.169000,0.183800,0.352800,7.838633,39.188400,0.998972
fruit,fruit_0190.jpg,4993,2908,1.716988,41.758462,0.144700,0.360700,0.505400,17.225933,35.768976,0.998897
fruit,fruit_0191.jpg,4560,2675,1.704673,41.337719,0.187500,0.179400,0.366900,10.287200,38.007832,0.998774
fruit,fruit_0192.jpg,4278,2425,1.764124,43.314633,0.189700,0.181100,0.370800,12.415267,37.191243,0.999157
fruit,fruit_0193.jpg,4911,2850,1.723158,41.967013,0.177900,0.167600,0.345500,22.988800,34.515641,0.999080
fruit,fruit_0194.jpg,6125,3394,1.804655,44.587755,0.174100,0.200400,0.374500,27.597867,33.722048,0.996687
fruit,fruit_0195.jpg,5244,2991,1.753260,42.963387,0.181900,0.195800,0.377700,20.229800,35.070888,0.998625
fruit,fruit_0196.jpg,4756,3007,1.581643,36.774601,0.187000,0.331900,0.518900,13.590200,36.798545,0.999276
fruit,fruit_0197.jpg,5565,3192,1.743421,42.641509,0.191300,0.174800,0.366100,19.439400,35.243975,0.998846
fruit,fruit_0198.jpg,5113,2880,1.775347,43.672990,0.185000,0.382500,0.567500,17.367533,35.733422,0.999103
fruit,fruit_0199.jpg,4392,2647,1.659237,39.731330,0.188400,0.163200,0.351600,12.615967,37.121598,0.998807
fruit,fruit_0200.jpg,4321,2648,1.631798,38.717889,0.191800,0.168300,0.360100,13.957800,36.682634,0.999044
fruit,fruit_0201.jpg,4088,2496,1.637821,38.943249,0.135100,0.164200,0.299300,10.497233,37.920055,0.999685
fruit,fruit_0202.jpg,5904,3241,1.821660,45.105014,0.176000,0.287000,0.463000,26.936533,33.827387,0.997627
fruit,fruit_0203.jpg,5726,3180,1.800629,44.463849,0.223700,0.229500,0.453200,25.573700,34.052868,0.997957
fruit,fruit_0204.jpg,4403,2607,1.688914,40.790370,0.400800,0.211700,0.612500,12.439833,37.182658,0.999440
fruit,fruit_0205.jpg,4728,2764,1.710564,41.539763,0.195700,0.181300,0.377000,13.518633,36.821476,0.999162
fruit,fruit_0206.jpg,3698,2266,1.631951,38.723634,0.190500,0.182200,0.372700,10.961100,37.732262,0.999288
fruit,fruit_0207.jpg,3813,2267,1.681959,40.545502,0.194800,0.218800,0.413600,15.698000,36.172360,0.999130
fruit,fruit_0208.jpg,4645,2736,1.697734,41.097955,0.206200,0.190400,0.396600,14.640533,36.475235,0.998435
fruit,fruit_0209.jpg,4594,2665,1.723827,41.989552,0.227800,0.184300,0.412100,16.187900,36.038898,0.999127
fruit,fruit_0210.jpg,5806,3103,1.871092,46.555288,0.336200,0.197600,0.533800,29.138133,33.486186,0.998042
fruit,fruit_0211.jpg,5277,3173,1.663095,39.871139,0.211000,0.201200,0.412200,16.728167,35.896320,0.998595
fruit,fruit_0212.jpg,5034,2759,1.824574,45.192690,0.197100,0.291200,0.488300,17.400833,35.725103,0.998577
fruit,fruit_0213.jpg,5157,3028,1.703104,41.283692,0.209000,0.214700,0.423700,18.357533,35.492660,0.999181
fruit,fruit_0214.jpg,4250,2517,1.688518,40.776471,0.187600,0.198600,0.386200,14.787200,36.431944,0.999461
fruit,fruit_0215.jpg,3280,2158,1.519926,34.207317,0.205700,0.261100,0.466800,7.467433,39.399090,0.999724
fruit,fruit_0216.jpg,5424,3057,1.774289,43.639381,0.178800,0.211000,0.389800,19.953967,35.130511,0.998542
fruit,fruit_0217.jpg,5048,2713,1.860671,46.255943,0.181900,0.176100,0.358000,21.177400,34.872077,0.998343
fruit,fruit_0218.jpg,4576,2620,1.746565,42.744755,0.195100,0.212000,0.407100,15.325533,36.276648,0.999369
fruit,fruit_0219.jpg,6118,3420,1.788889,44.099379,0.209400,0.320800,0.530200,25.411667,34.080472,0.997706
fruit,fruit_0220.jpg,4820,2955,1.631134,38.692946,0.228100,0.204500,0.432600,18.585500,35.439061,0.998336
fruit,fruit_0221.jpg,4311,2621,1.644792,39.202041,0.235400,0.186800,0.422200,15.566867,36.208792,0.998091
fruit,fruit_0222.jpg,6080,3453,1.760788,43.207237,0.220800,0.273900,0.494700,25.947967,33.989770,0.998804
fruit,fruit_0223.jpg,3783,2446,1.546607,35.342321,0.199500,0.180700,0.380200,9.867400,38.188776,0.999693
fruit,fruit_0224.jpg,3550,2277,1.559069,35.859155,0.199800,0.181700,0.381500,13.242500,36.911104,0.999259
fruit,fruit_0225.jpg,5608,3332,1.683073,40.584879,0.234600,0.213500,0.448100,16.928500,35.844619,0.999253
fruit,fruit_0226.jpg,4423,2423,1.825423,45.218178,0.200900,0.198400,0.399300,13.044500,36.976529,0.999049
fruit,fruit_0227.jpg,5082,2986,1.701942,41.243605,0.220100,0.350400,0.570500,16.102967,36.061745,0.999145
fruit,fruit_0228.jpg,4268,2589,1.648513,39.339269,0.193300,0.188100,0.381400,14.729633,36.448884,0.997755
fruit,fruit_0229.jpg,3972,2413,1.646084,39.249748,0.185400,0.170900,0.356300,12.681233,37.099189,0.998760
fruit,fruit_0230.jpg,5267,2962,1.778190,43.763053,0.207800,0.188800,0.396600,17.839533,35.616969,0.998745
fruit,fruit_0231.jpg,4419,2623,1.684712,40.642679,0.184300,0.171100,0.355400,14.609867,36.484341,0.999034
fruit,fruit_0232.jpg,3809,2372,1.605818,37.726437,0.183600,0.175100,0.358700,11.079867,37.685458,0.999318
fruit,fruit_0233.jpg,3579,2220,1.612162,37.971500,0.179300,0.332500,0.511800,6.231667,40.184761,0.999068
fruit,fruit_0234.jpg,4254,2592,1.641204,39.069111,0.227600,0.166400,0.394000,15.320633,36.278036,0.998739
fruit,fruit_0235.jpg,4970,2933,1.694511,40.985915,0.174400,0.182000,0.356400,15.220833,36.306419,0.999477
fruit,fruit_0236.jpg,3744,2253,1.661784,39.823718,0.196500,0.205700,0.402200,8.050167,39.072755,0.999180
fruit,fruit_0237.jpg,5461,3055,1.787561,44.057865,0.204600,0.187300,0.391900,20.187633,35.079950,0.997521
fruit,fruit_0238.jpg,4267,2343,1.821169,45.090227,0.172400,0.156800,0.329200,14.263933,36.588411,0.999161
fruit,fruit_0239.jpg,4887,2733,1.788145,44.076120,0.175400,0.167100,0.342500,19.138833,35.311649,0.998423
fruit,fruit_0240.jpg,5255,3109,1.690254,40.837298,0.174200,0.177300,0.351500,15.092733,36.343125,0.998687
fruit,fruit_0241.jpg,5435,3032,1.792546,44.213431,0.167600,0.232500,0.400100,20.752467,34.960106,0.998481
fruit,fruit_0242.jpg,4847,2787,1.739146,42.500516,0.194800,0.314700,0.509500,14.953167,36.383472,0.998678
fruit,fruit_0243.jpg,5903,3220,1.833230,45.451465,0.187300,0.264500,0.451800,36.712633,32.482648,0.997564
fruit,fruit_0244.jpg,4358,2450,1.778776,43.781551,0.181900,0.312000,0.493900,14.627167,36.479202,0.999110
fruit,fruit_0245.jpg,4407,2564,1.718799,41.819832,0.161500,0.162600,0.324100,15.674733,36.178802,0.997780
fruit,fruit_0246.jpg,4346,2586,1.680588,40.497009,0.371800,0.179800,0.551600,14.841200,36.416113,0.999003
fruit,fruit_0247.jpg,5270,2973,1.772620,43.586338,0.187100,0.184800,0.371900,19.858100,35.151427,0.998649
fruit,fruit_0248.jpg,4285,2422,1.769199,43.477246,0.181100,0.165900,0.347000,13.994967,36.671085,0.998775
fruit,fruit_0249.jpg,5423,3076,1.763004,43.278628,0.180800,0.176100,0.356900,21.123867,34.883069,0.998439
motorbike,motorbike_0000.jpg,12361,6750,1.831259,45.392768,0.352700,0.330900,0.683600,34.862704,32.707193,0.997942
motorbike,motorbike_0001.jpg,12326,6833,1.803893,44.564336,0.408500,0.322600,0.731100,40.852827,32.018582,0.997710
motorbike,motorbike_0002.jpg,13310,7525,1.768771,43.463561,0.293900,0.333400,0.627300,35.630623,32.612569,0.997864
motorbike,motorbike_0003.jpg,11872,6433,1.845484,45.813679,0.267800,0.287100,0.554900,46.931242,31.416183,0.997118
motorbike,motorbike_0004.jpg,12989,7055,1.841106,45.684810,0.355700,0.401400,0.757100,34.552515,32.746007,0.997936
motorbike,motorbike_0005.jpg,12802,6869,1.863736,46.344321,0.341000,0.307800,0.648800,32.836306,32.967261,0.997940
motorbike,motorbike_0006.jpg,11454,6483,1.766775,43.399686,0.314500,0.284500,0.599000,29.873997,33.377870,0.997910
motorbike,motorbike_0007.jpg,12515,6796,1.841524,45.697163,0.320100,0.291400,0.611500,41.825909,31.916350,0.997254
motorbike,motorbike_0008.jpg,12673,7103,1.784176,43.951708,0.293500,0.309600,0.603100,44.873932,31.610862,0.997349
motorbike,motorbike_0009.jpg,12849,6988,1.838724,45.614445,0.452600,0.306400,0.759000,37.616078,32.377069,0.998054
motorbike,motorbike_0010.jpg,13262,7216,1.837860,45.588901,0.384700,0.362600,0.747300,39.017679,32.218189,0.997573
motorbike,motorbike_0011.jpg,13007,7168,1.814593,44.891212,0.325600,0.346100,0.671700,37.045021,32.443505,0.997839
motorbike,motorbike_0012.jpg,11886,6991,1.700186,41.182904,0.255700,0.347600,0.603300,2.785381,43.681958,0.999859
motorbike,motorbike_0013.jpg,12081,6613,1.826856,45.261154,0.246700,0.309100,0.555800,31.440342,33.155931,0.998359
motorbike,motorbike_0014.jpg,12353,6668,1.852579,46.021209,0.268400,0.291600,0.560000,37.068748,32.440724,0.997613
motorbike,motorbike_0015.jpg,12733,6964,1.828403,45.307469,0.312500,0.323700,0.636200,34.850210,32.708750,0.997726
motorbike,motorbike_0016.jpg,11947,6640,1.799247,44.421194,0.296500,0.300200,0.596700,35.770781,32.595519,0.997785
motorbike,motorbike_0017.jpg,12272,6765,1.814043,44.874511,0.214600,0.296500,0.511100,35.621242,32.613713,0.997782
motorbike,motorbike_0018.jpg,12484,7111,1.755590,43.039090,0.357200,0.360200,0.717400,29.730255,33.398817,0.998361
motorbike,motorbike_0019.jpg,12999,7349,1.768812,43.464882,0.321000,0.363600,0.684600,26.479672,33.901678,0.998431
motorbike,motorbike_0020.jpg,12318,6712,1.835221,45.510635,0.227900,0.316000,0.543900,35.684366,32.606024,0.998069
motorbike,motorbike_0021.jpg,11581,6581,1.759763,43.174165,0.206300,0.289500,0.495800,33.786021,32.843433,0.997917
motorbike,motorbike_0022.jpg,12180,6985,1.743737,42.651888,0.220100,0.316600,0.536700,32.636640,32.993749,0.997948
motorbike,motorbike_0023.jpg,12579,6910,1.820405,45.067175,0.336700,0.367700,0.704400,39.438851,32.171561,0.997577
motorbike,motorbike_0024.jpg,15118,8499,1.778798,43.782246,0.262100,0.376800,0.638900,42.840980,31.812210,0.997624
motorbike,motorbike_0025.jpg,20938,11699,1.789726,44.125513,0.422100,0.443300,0.865400,57.101519,30.564327,0.994035
motorbike,motorbike_0026.jpg,14734,7770,1.896268,47.264830,0.247200,0.319900,0.567100,44.289375,31.667808,0.996873
motorbike,motorbike_0027.jpg,14835,8174,1.814901,44.900573,0.352600,0.335400,0.688000,48.800982,31.246518,0.997218
motorbike,motorbike_0028.jpg,16600,9195,1.805329,44.608434,0.235900,0.344700,0.580600,53.591376,30.839855,0.997393
motorbike,motorbike_0029.jpg,18511,10631,1.741228,42.569283,0.376000,0.391700,0.767700,55.796454,30.664738,0.995791
motorbike,motorbike_0030.jpg,14610,8497,1.719430,41.841205,0.259300,0.403900,0.663200,4.853286,41.270445,0.999857
motorbike,motorbike_0031.jpg,16142,8997,1.794154,44.263412,0.371400,0.361500,0.732900,48.782394,31.248173,0.997569
motorbike,motorbike_0032.jpg,20663,11711,1.764410,43.323816,0.287300,0.438300,0.725600,57.121066,30.562841,0.995296
motorbike,motorbike_0033.jpg,15212,8426,1.805364,44.609519,0.226300,0.532100,0.758400,45.068955,31.592029,0.997822
motorbike,motorbike_0034.jpg,15655,8944,1.750335,42.868093,0.344500,0.333100,0.677600,54.962873,30.730109,0.993358
motorbike,motorbike_0035.jpg,11521,6354,1.813189,44.848537,0.199500,0.290900,0.490400,41.929573,31.905599,0.997484
motorbike,motorbike_0036.jpg,12121,6558,1.848277,45.895553,0.262800,0.289500,0.552300,47.981724,31.320045,0.997268
motorbike,motorbike_0037.jpg,13143,7153,1.837411,45.575592,0.592200,0.317700,0.909900,46.707841,31.436906,0.996667
motorbike,motorbike_0038.jpg,15246,8261,1.845539,45.815296,0.497200,0.461100,0.958300,47.069579,31.403400,0.996280
motorbike,motorbike_0039.jpg,15649,8589,1.821982,45.114704,0.329600,0.361800,0.691400,44.572931,31.640092,0.997200
motorbike,motorbike_0040.jpg,15907,8591,1.851589,45.992330,0.278900,0.369500,0.648400,46.905553,31.418561,0.996499
motorbike,motorbike_0041.jpg,15891,8598,1.848221,45.893902,0.370700,0.373500,0.744200,49.008289,31.228108,0.996630
motorbike,motorbike_0042.jpg,14301,7612,1.878744,46.772953,0.342500,0.331600,0.674100,46.851498,31.423569,0.997366
motorbike,motorbike_0043.jpg,13819,7616,1.814470,44.887474,0.263200,0.319600,0.582800,47.692885,31.346268,0.997112
motorbike,motorbike_0044.jpg,11690,6777,1.724952,42.027374,0.298400,0.297700,0.596100,2.764265,43.715007,0.999921
motorbike,motorbike_0045.jpg,14037,7699,1.823224,45.152098,0.383400,0.379900,0.763300,28.199127,33.628447,0.997916
motorbike,motorbike_0046.jpg,13611,7329,1.857143,46.153846,0.271500,0.317500,0.589000,44.876734,31.610591,0.997344
motorbike,motorbike_0047.jpg,11919,6516,1.829190,45.330984,0.288400,0.299300,0.587700,41.320292,31.969170,0.997737
motorbike,motorbike_0048.jpg,11599,6439,1.801367,44.486594,0.322100,0.392800,0.714900,39.778489,32.134321,0.997985
motorbike,motorbike_0049.jpg,14799,8453,1.750739,42.881276,0.282100,0.390300,0.672400,57.495804,30.534442,0.995552
motorbike,motorbike_0050.jpg,11743,6462,1.817239,44.971472,0.293500,0.287400,0.580900,40.434817,32.063249,0.997578
motorbike,motorbike_0051.jpg,15011,8484,1.769331,43.481447,0.324400,0.353500,0.677900,51.431238,31.018534,0.993622
motorbike,motorbike_0052.jpg,12442,6691,1.859513,46.222472,0.309700,0.301500,0.611200,40.682937,32.036681,0.997492
motorbike,motorbike_0053.jpg,15289,8348,1.831457,45.398653,0.276200,0.453200,0.729400,47.169724,31.394170,0.992738
motorbike,motorbike_0054.jpg,14750,8092,1.822788,45.138983,0.354500,0.338600,0.693100,43.618164,31.734130,0.996766
motorbike,motorbike_0055.jpg,15941,8856,1.800023,44.445141,0.352000,0.372300,0.724300,46.854540,31.423287,0.993905
motorbike,motorbike_0056.jpg,15554,8395,1.852770,46.026746,0.256300,0.357400,0.613700,49.206379,31.210590,0.996028
motorbike,motorbike_0057.jpg,17549,9600,1.828021,45.296028,0.329400,0.730400,1.059800,49.139926,31.216459,0.993979
motorbike,motorbike_0058.jpg,14843,7921,1.873880,46.634777,0.289400,0.346100,0.635500,39.958451,32.114717,0.996562
motorbike,motorbike_0059.jpg,14149,7891,1.793055,44.229274,0.318600,0.343300,0.661900,37.108118,32.436114,0.997022
motorbike,motorbike_0060.jpg,16090,8719,1.845395,45.811063,0.433200,0.415300,0.848500,41.489634,31.951408,0.994434
motorbike,motorbike_0061.jpg,14874,8143,1.826600,45.253462,0.251500,0.479500,0.731000,43.027923,31.793300,0.995898
motorbike,motorbike_0062.jpg,14688,7964,1.844299,45.778867,0.259400,0.339700,0.599100,44.945324,31.603958,0.996102
motorbike,motorbike_0063.jpg,14239,7657,1.859606,46.225156,0.291700,0.329400,0.621100,47.824012,31.334344,0.996158
motorbike,motorbike_0064.jpg,16226,8551,1.897556,47.300629,0.354200,0.369100,0.723300,48.959186,31.232462,0.994041
motorbike,motorbike_0065.jpg,15029,7980,1.883333,46.902655,0.345000,0.348400,0.693400,49.613642,31.174792,0.996004
motorbike,motorbike_0066.jpg,13943,7744,1.800491,44.459585,0.366100,0.378900,0.745000,43.592780,31.736658,0.995305
motorbike,motorbike_0067.jpg,15583,8900,1.750899,42.886479,0.749700,0.390600,1.140300,39.391807,32.176745,0.997847
motorbike,motorbike_0068.jpg,15327,8189,1.871657,46.571410,0.405900,0.399100,0.805000,35.914417,32.578115,0.997655
motorbike,motorbike_0069.jpg,16543,9275,1.783612,43.933990,0.372600,0.470600,0.843200,37.194695,32.425994,0.998213
motorbike,motorbike_0070.jpg,16831,9434,1.784079,43.948666,0.324500,0.357900,0.682400,65.706204,29.954740,0.994902
motorbike,motorbike_0071.jpg,13332,7290,1.828807,45.319532,0.228900,0.442400,0.671300,39.780950,32.134052,0.993532
motorbike,motorbike_0072.jpg,13372,7145,1.871519,46.567454,0.389900,0.387400,0.777300,32.761472,32.977170,0.994643
motorbike,motorbike_0073.jpg,12703,6853,1.853641,46.052114,0.226600,0.312100,0.538700,29.196192,33.477542,0.995356
motorbike,motorbike_0074.jpg,11935,6486,1.840117,45.655635,0.210500,0.264000,0.474500,27.399258,33.753416,0.998296
motorbike,motorbike_0075.jpg,18146,9803,1.851066,45.977075,0.271100,0.366100,0.637200,51.549019,31.008600,0.991058
motorbike,motorbike_0076.jpg,14925,8093,1.844186,45.775544,0.328200,0.336100,0.664300,43.800000,31.716063,0.996767
motorbike,motorbike_0077.jpg,19360,10996,1.760640,43.202479,0.410800,0.408400,0.819200,51.012363,31.054049,0.994837
motorbike,motorbike_0078.jpg,18441,10025,1.839501,45.637438,0.401500,0.476100,0.877600,45.255960,31.574046,0.996145
motorbike,motorbike_0079.jpg,16562,9215,1.797287,44.360584,0.325100,0.347300,0.672400,54.378713,30.776514,0.993399
motorbike,motorbike_0080.jpg,14524,8154,1.781212,43.858441,0.317600,0.334500,0.652100,41.513661,31.948893,0.994378
motorbike,motorbike_0081.jpg,11601,6088,1.905552,47.521765,0.296800,0.301200,0.598000,38.547278,32.270866,0.995837
motorbike,motorbike_0082.jpg,10634,5712,1.861695,46.285499,0.284200,0.272000,0.556200,37.650998,32.373039,0.993308
motorbike,motorbike_0083.jpg,11838,6277,1.885933,46.975841,0.306700,0.297800,0.604500,39.478447,32.167203,0.990054
motorbike,motorbike_0084.jpg,12430,6976,1.781823,43.877715,0.343900,0.310100,0.654000,43.426608,31.753245,0.992615
motorbike,motorbike_0085.jpg,13500,7441,1.814272,44.881481,0.324800,0.307200,0.632000,44.948670,31.603635,0.994927
motorbike,motorbike_0086.jpg,10971,6183,1.774381,43.642330,0.278500,0.288500,0.567000,28.100431,33.643674,0.992613
motorbike,motorbike_0087.jpg,13680,7608,1.798107,44.385965,0.266800,0.708400,0.975200,35.830523,32.588272,0.995772
motorbike,motorbike_0088.jpg,12616,6473,1.949019,48.692137,0.305000,0.298400,0.603400,38.605525,32.264309,0.993524
motorbike,motorbike_0089.jpg,13402,7379,1.816235,44.941054,0.298300,0.424200,0.722500,47.384857,31.374408,0.995606
motorbike,motorbike_0090.jpg,11792,6139,1.920834,47.939281,0.287200,0.295000,0.582200,44.773454,31.620598,0.992779
motorbike,motorbike_0091.jpg,12582,7024,1.791287,44.174217,0.304100,0.304400,0.608500,38.313029,32.297339,0.995665
motorbike,motorbike_0092.jpg,11406,6199,1.839974,45.651412,0.267300,0.310900,0.578200,24.287356,34.277001,0.997054
motorbike,motorbike_0093.jpg,17490,9157,1.910014,47.644368,0.374200,0.366300,0.740500,40.983387,32.004725,0.995860
motorbike,motorbike_0094.jpg,16066,8472,1.896364,47.267521,0.315600,0.315500,0.631100,47.116746,31.399051,0.994271
motorbike,motorbike_0095.jpg,9780,5388,1.815145,44.907975,0.212200,0.241100,0.453300,41.649151,31.934742,0.995057
motorbike,motorbike_0096.jpg,13136,7181,1.829272,45.333435,0.299900,0.306900,0.606800,42.461130,31.850888,0.998087
motorbike,motorbike_0097.jpg,16477,9193,1.792342,44.207077,0.351700,2.248500,2.600200,38.255810,32.303830,0.994899
motorbike,motorbike_0098.jpg,17222,9227,1.866479,46.423180,0.369500,0.374000,0.743500,46.154431,31.488670,0.992787
motorbike,motorbike_0099.jpg,15015,8108,1.851875,46.000666,0.745200,0.328700,1.073900,43.384036,31.757504,0.990391
motorbike,motorbike_0100.jpg,15183,8113,1.871441,46.565237,0.612600,0.374100,0.986700,38.986838,32.221624,0.990708
motorbike,motorbike_0101.jpg,16202,9308,1.740653,42.550302,0.322400,0.338300,0.660700,57.909984,30.503269,0.992966
motorbike,motorbike_0102.jpg,19192,10606,1.809542,44.737391,0.263200,0.469200,0.732400,50.308977,31.114349,0.993858
motorbike,motorbike_0103.jpg,12457,6745,1.846850,45.853737,0.390000,0.333000,0.723000,27.696482,33.706557,0.996784
motorbike,motorbike_0104.jpg,14531,7754,1.874001,46.638222,0.321300,0.315200,0.636500,39.671410,32.146027,0.995588
motorbike,motorbike_0105.jpg,12572,6633,1.895372,47.239898,0.315200,0.623200,0.938400,33.417407,32.891076,0.993802
motorbike,motorbike_0106.jpg,12089,6553,1.844804,45.793697,0.287800,0.386300,0.674100,31.713095,33.118417,0.993259
motorbike,motorbike_0107.jpg,17149,9207,1.862605,46.311738,0.380600,0.392500,0.773100,46.618854,31.445188,0.995888
motorbike,motorbike_0108.jpg,14295,7599,1.881169,46.841553,0.420200,0.350900,0.771100,34.699960,32.727514,0.995139
motorbike,motorbike_0109.jpg,12523,6984,1.793099,44.230616,0.352600,0.333400,0.686000,26.712909,33.863592,0.996362
motorbike,motorbike_0110.jpg,13158,6957,1.891332,47.127223,0.320500,0.311000,0.631500,37.344118,32.408581,0.993458
motorbike,motorbike_0111.jpg,13341,7109,1.876635,46.713140,0.340400,0.328000,0.668400,33.192069,32.920460,0.994256
motorbike,motorbike_0112.jpg,12771,6730,1.897623,47.302482,0.313000,0.329500,0.642500,31.642105,33.128150,0.994938
motorbike,motorbike_0113.jpg,12849,6802,1.889003,47.062028,0.444400,0.341700,0.786100,21.497144,34.806996,0.996895
motorbike,motorbike_0114.jpg,12323,6469,1.904931,47.504666,0.290800,0.313700,0.604500,38.484741,32.277918,0.995376
motorbike,motorbike_0115.jpg,13649,7239,1.885481,46.963147,0.223700,0.341300,0.565000,39.502432,32.164565,0.994176
motorbike,motorbike_0116.jpg,11779,6164,1.910934,47.669581,0.190900,0.283300,0.474200,43.056402,31.790426,0.992386
motorbike,motorbike_0117.jpg,12537,6564,1.909963,47.642977,0.349700,0.306200,0.655900,34.462551,32.757329,0.995282
motorbike,motorbike_0118.jpg,10658,5765,1.848742,45.909176,0.222500,0.514800,0.737300,24.920589,34.165221,0.995558
motorbike,motorbike_0119.jpg,10260,5371,1.910259,47.651072,0.202900,0.298900,0.501800,13.872615,36.709220,0.996997
motorbike,motorbike_0120.jpg,12551,6912,1.815828,44.928691,0.291500,0.311800,0.603300,31.217940,33.186761,0.997019
motorbike,motorbike_0121.jpg,12116,6674,1.815403,44.915814,0.294100,0.321600,0.615700,26.749227,33.857691,0.996615
motorbike,motorbike_0122.jpg,13882,7188,1.931274,48.220717,0.359700,0.394000,0.753700,28.964452,33.512150,0.996099
motorbike,motorbike_0123.jpg,12154,6258,1.942154,48.510778,0.754000,0.309100,1.063100,30.484570,33.290003,0.994526
motorbike,motorbike_0124.jpg,11178,5884,1.899728,47.360887,0.309100,0.457100,0.766200,38.514107,32.274605,0.994885
motorbike,motorbike_0125.jpg,11872,6501,1.826181,45.240903,0.317400,0.309500,0.626900,23.883165,34.349885,0.996521
motorbike,motorbike_0126.jpg,13456,7218,1.864228,46.358502,0.302500,0.330800,0.633300,41.131045,31.989106,0.994720
motorbike,motorbike_0127.jpg,12669,6594,1.921292,47.951693,0.291100,0.290000,0.581100,36.810924,32.471036,0.992959
motorbike,motorbike_0128.jpg,8756,5006,1.749101,42.827775,0.287700,0.270500,0.558200,15.839637,36.133351,0.995582
motorbike,motorbike_0129.jpg,11669,6424,1.816469,44.948153,0.284100,0.282300,0.566400,23.177192,34.480195,0.997417
motorbike,motorbike_0130.jpg,12013,6686,1.796739,44.343628,0.298500,0.416500,0.715000,27.713141,33.703946,0.996581
motorbike,motorbike_0131.jpg,14910,8193,1.819846,45.050302,2.161500,0.350300,2.511800,49.808434,31.157775,0.996791
motorbike,motorbike_0132.jpg,15693,8353,1.878726,46.772446,0.356800,0.333400,0.690200,41.127717,31.989458,0.995065
motorbike,motorbike_0133.jpg,14629,7670,1.907301,47.569895,0.320100,0.347500,0.667600,38.988929,32.221391,0.994522
motorbike,motorbike_0134.jpg,12613,7030,1.794168,44.263855,0.330600,0.417800,0.748400,32.099695,33.065795,0.994863
motorbike,motorbike_0135.jpg,12968,7204,1.800111,44.447872,0.306500,0.306400,0.612900,32.691646,32.986436,0.993871
motorbike,motorbike_0136.jpg,14735,8141,1.809974,44.750594,0.299100,0.415400,0.714500,41.100059,31.992379,0.995981
motorbike,motorbike_0137.jpg,15646,8283,1.888929,47.059951,0.429200,0.685500,1.114700,42.944831,31.801695,0.991206
motorbike,motorbike_0138.jpg,11670,6105,1.911548,47.686375,0.329700,0.491300,0.821000,37.511825,32.389122,0.996262
motorbike,motorbike_0139.jpg,13932,7806,1.784781,43.970715,0.331400,0.346600,0.678000,31.920492,33.090108,0.997692
motorbike,motorbike_0140.jpg,9750,5422,1.798229,44.389744,0.268900,0.268200,0.537100,39.544562,32.159936,0.997592
motorbike,motorbike_0141.jpg,11821,6397,1.847897,45.884443,0.302200,0.278700,0.580900,39.141666,32.204411,0.997544
motorbike,motorbike_0142.jpg,12224,6403,1.909105,47.619437,0.295500,0.376800,0.672300,42.975435,31.798601,0.989710
motorbike,motorbike_0143.jpg,11462,6075,1.886749,46.998779,0.509400,0.317200,0.826600,37.514824,32.388774,0.994233
motorbike,motorbike_0144.jpg,14301,7859,1.819697,45.045801,0.459400,0.313500,0.772900,49.511059,31.183781,0.993811
motorbike,motorbike_0145.jpg,12935,7527,1.718480,41.809045,0.267500,0.308500,0.576000,54.957632,30.730524,0.992365
motorbike,motorbike_0146.jpg,13936,7184,1.939866,48.450057,0.354500,0.564600,0.919100,35.883728,32.581828,0.995184
motorbike,motorbike_0147.jpg,14634,8260,1.771671,43.556102,0.347100,0.353600,0.700700,30.244214,33.324381,0.996539
motorbike,motorbike_0148.jpg,9117,4885,1.866325,46.418778,0.227800,0.225700,0.453500,50.067926,31.135208,0.996984
motorbike,motorbike_0149.jpg,13376,7105,1.882618,46.882476,0.301100,0.312200,0.613300,46.573015,31.449460,0.988853
motorbike,motorbike_0150.jpg,14779,7868,1.878368,46.762298,0.328100,0.376700,0.704800,36.002521,32.567474,0.993384
motorbike,motorbike_0151.jpg,13263,6960,1.905603,47.523185,0.318900,0.325700,0.644600,29.902486,33.373731,0.995893
motorbike,motorbike_0152.jpg,17485,9295,1.881119,46.840149,0.393300,0.375700,0.769000,47.527632,31.361342,0.993523
motorbike,motorbike_0153.jpg,15962,8599,1.856262,46.128305,0.322300,0.384000,0.706300,47.585552,31.356053,0.992003
motorbike,motorbike_0154.jpg,15213,8098,1.878612,46.769211,0.839200,0.601500,1.440700,42.195623,31.878130,0.990961
motorbike,motorbike_0155.jpg,17333,9558,1.813455,44.856632,0.399100,0.957100,1.356200,53.835629,30.820106,0.992854
motorbike,motorbike_0156.jpg,13187,7088,1.860468,46.250095,0.330300,0.356700,0.687000,42.415970,31.855510,0.993759
motorbike,motorbike_0157.jpg,10414,5567,1.870666,46.543115,0.264800,0.282200,0.547000,27.207127,33.783977,0.994166
motorbike,motorbike_0158.jpg,11327,5980,1.894147,47.205791,0.278700,0.296000,0.574700,36.572181,32.499295,0.989154
motorbike,motorbike_0159.jpg,11235,5865,1.915601,47.797063,0.299700,0.576200,0.875900,33.624026,32.864307,0.991941
motorbike,motorbike_0160.jpg,15305,8180,1.871027,46.553414,0.383800,0.384900,0.768700,40.061226,32.103561,0.994263
motorbike,motorbike_0161.jpg,15381,8675,1.773026,43.599246,0.347200,1.318300,1.665500,64.969720,30.003694,0.993786
motorbike,motorbike_0162.jpg,14616,8236,1.774648,43.650794,0.357200,0.355300,0.712500,41.713937,31.927992,0.997765
motorbike,motorbike_0163.jpg,16368,8852,1.849074,45.918866,0.368700,0.407200,0.775900,36.604012,32.495517,0.995937
motorbike,motorbike_0164.jpg,13660,7452,1.833065,45.446559,0.312500,0.330800,0.643300,47.416368,31.371521,0.991159
motorbike,motorbike_0165.jpg,12526,6558,1.910034,47.644899,0.274500,0.295300,0.569800,45.035357,31.595268,0.989117
motorbike,motorbike_0166.jpg,12069,6922,1.743571,42.646450,0.318700,0.533400,0.852100,25.285126,34.102152,0.995668
motorbike,motorbike_0167.jpg,15152,8575,1.766997,43.406811,0.328900,0.382400,0.711300,43.215885,31.774370,0.995511
motorbike,motorbike_0168.jpg,16332,8934,1.828073,45.297575,0.632600,6.409600,7.042200,53.004048,30.887713,0.991456
motorbike,motorbike_0169.jpg,18509,9933,1.863385,46.334216,0.584400,0.368700,0.953100,52.471787,30.931545,0.996040
motorbike,motorbike_0170.jpg,11289,5971,1.890638,47.107804,0.310000,0.305300,0.615300,28.809955,33.535378,0.993801
motorbike,motorbike_0171.jpg,13166,7077,1.860393,46.247911,0.293900,0.329900,0.623800,37.629898,32.375473,0.996975
motorbike,motorbike_0172.jpg,13461,7199,1.869843,46.519575,0.308000,0.324700,0.632700,35.829030,32.588453,0.996420
motorbike,motorbike_0173.jpg,12095,6470,1.869397,46.506821,0.304800,0.300500,0.605300,38.906110,32.230626,0.995510
motorbike,motorbike_0174.jpg,11637,6192,1.879360,46.790410,0.270900,0.379800,0.650700,32.418417,33.022885,0.995286
motorbike,motorbike_0175.jpg,15338,8280,1.852415,46.016430,0.349100,0.347800,0.696900,48.978735,31.230728,0.994824
motorbike,motorbike_0176.jpg,16983,9146,1.856877,46.146146,0.367400,0.451600,0.819000,49.404533,31.193136,0.995016
motorbike,motorbike_0177.jpg,12404,6771,1.831930,45.412770,0.293400,1.210900,1.504300,38.706391,32.252977,0.996282
motorbike,motorbike_0178.jpg,11547,6221,1.856132,46.124535,0.245100,0.751700,0.996800,41.417908,31.958922,0.996699
motorbike,motorbike_0179.jpg,12141,6517,1.862974,46.322379,0.297200,0.287400,0.584600,48.488586,31.274408,0.991915
motorbike,motorbike_0180.jpg,16990,9321,1.822766,45.138317,0.359500,0.426900,0.786400,44.992233,31.599428,0.995220
motorbike,motorbike_0181.jpg,13956,7485,1.864529,46.367154,0.316300,0.315400,0.631700,43.847454,31.711360,0.991018
motorbike,motorbike_0182.jpg,14476,7938,1.823633,45.164410,0.354000,0.348500,0.702500,44.361571,31.660734,0.992028
motorbike,motorbike_0183.jpg,15528,8289,1.873326,46.619011,0.336200,0.344500,0.680700,40.884043,32.015265,0.995149
motorbike,motorbike_0184.jpg,12566,6798,1.848485,45.901639,0.210000,0.594900,0.804900,44.153554,31.681147,0.995467
motorbike,motorbike_0185.jpg,14215,7337,1.937440,48.385508,0.275600,0.350000,0.625600,34.800060,32.715004,0.992432
motorbike,motorbike_0186.jpg,16721,9154,1.826633,45.254470,0.364200,0.355400,0.719600,40.708936,32.033906,0.995448
motorbike,motorbike_0187.jpg,13061,7028,1.858423,46.190950,0.304100,0.313600,0.617700,45.806422,31.521540,0.995609
motorbike,motorbike_0188.jpg,13492,7164,1.883305,46.901868,0.318100,0.464200,0.782300,30.077929,33.348324,0.993555
motorbike,motorbike_0189.jpg,16938,9108,1.859684,46.227418,0.249900,0.333800,0.583700,48.828150,31.244101,0.994506
motorbike,motorbike_0190.jpg,11102,5843,1.900051,47.369843,0.280200,0.279600,0.559800,35.461352,32.633251,0.993478
motorbike,motorbike_0191.jpg,15065,8349,1.804408,44.580153,0.468400,0.420900,0.889300,49.888539,31.150796,0.997218
motorbike,motorbike_0192.jpg,15416,8068,1.910759,47.664764,0.369900,0.327500,0.697400,37.569264,32.382477,0.996536
motorbike,motorbike_0193.jpg,13617,7226,1.884445,46.933980,0.222700,0.319800,0.542500,35.146801,32.671946,0.995023
motorbike,motorbike_0194.jpg,17720,9837,1.801362,44.486456,0.354600,0.353400,0.708000,62.256220,30.188976,0.994495
motorbike,motorbike_0195.jpg,12918,7040,1.834943,45.502400,0.252500,0.277200,0.529700,45.348031,31.565219,0.995637
motorbike,motorbike_0196.jpg,14311,8064,1.774678,43.651736,0.217800,0.329400,0.547200,33.737996,32.849611,0.996174
motorbike,motorbike_0197.jpg,17933,9542,1.879375,46.790833,0.342000,0.364900,0.706900,40.881978,32.015485,0.993433
motorbike,motorbike_0198.jpg,18602,9701,1.917534,47.849694,0.277100,0.404900,0.682000,43.507753,31.745137,0.993346
motorbike,motorbike_0199.jpg,15800,8413,1.878046,46.753165,0.314500,0.361500,0.676000,39.622625,32.151371,0.993079
motorbike,motorbike_0200.jpg,11096,6150,1.804228,44.574621,0.346400,0.260800,0.607200,35.130225,32.673994,0.995416
motorbike,motorbike_0201.jpg,16211,8893,1.822894,45.142187,0.306500,0.348100,0.654600,44.699983,31.627730,0.992860
motorbike,motorbike_0202.jpg,14028,7403,1.894907,47.226975,0.332000,0.343300,0.675300,39.714965,32.141262,0.995734
motorbike,motorbike_0203.jpg,10911,5630,1.938011,48.400697,0.314800,0.583100,0.897900,28.245219,33.621354,0.996497
motorbike,motorbike_0204.jpg,11501,6164,1.865834,46.404660,0.299600,0.301500,0.601100,34.616463,32.737977,0.995341
motorbike,motorbike_0205.jpg,11586,6262,1.850208,45.952011,0.285200,0.383000,0.668200,33.368085,32.897491,0.995906
motorbike,motorbike_0206.jpg,11166,6630,1.684163,40.623321,0.227900,0.375200,0.603100,3.948950,42.165988,0.999890
motorbike,motorbike_0207.jpg,8679,4509,1.924817,48.047010,0.233600,0.234400,0.468000,35.518584,32.626247,0.996858
motorbike,motorbike_0208.jpg,9214,4781,1.927212,48.111569,0.262500,0.392600,0.655100,22.210802,34.665161,0.995994
motorbike,motorbike_0209.jpg,10531,6174,1.705701,41.373089,0.269000,0.270100,0.539100,3.302245,42.942710,0.999879
motorbike,motorbike_0210.jpg,13981,7017,1.992447,49.810457,0.343200,0.313400,0.656600,29.793708,33.389558,0.994891
motorbike,motorbike_0211.jpg,11831,6229,1.899342,47.350182,0.271300,0.548700,0.820000,36.108969,32.554653,0.996585
motorbike,motorbike_0212.jpg,10316,5612,1.838204,45.599069,0.175000,0.239000,0.414000,43.757026,31.720326,0.992768
motorbike,motorbike_0213.jpg,14849,7835,1.895214,47.235504,0.328600,0.330000,0.658600,52.823005,30.902573,0.991869
motorbike,motorbike_0214.jpg,8752,4849,1.804908,44.595521,0.218900,0.428900,0.647800,43.166722,31.779313,0.994653
motorbike,motorbike_0215.jpg,16159,8995,1.796442,44.334427,0.566700,0.663100,1.229800,40.225162,32.085826,0.993053
motorbike,motorbike_0216.jpg,17950,9785,1.834440,45.487465,0.258800,0.382000,0.640800,46.432222,31.462609,0.994726
motorbike,motorbike_0217.jpg,16128,8764,1.840256,45.659722,0.339400,0.440600,0.780000,50.681801,31.082283,0.994087
motorbike,motorbike_0218.jpg,18199,9626,1.890609,47.106984,0.364100,0.405600,0.769700,48.303255,31.291040,0.992066
motorbike,motorbike_0219.jpg,14439,7969,1.811896,44.809197,0.217900,0.409000,0.626900,52.064792,30.965362,0.992229
motorbike,motorbike_0220.jpg,13106,7436,1.762507,43.262628,0.196500,0.289200,0.485700,36.008492,32.566754,0.995734
motorbike,motorbike_0221.jpg,11511,6252,1.841171,45.686734,0.255300,0.283900,0.539200,36.937755,32.456099,0.996806
motorbike,motorbike_0222.jpg,13297,7480,1.777674,43.746710,0.345600,0.322700,0.668300,42.520881,31.844781,0.993342
motorbike,motorbike_0223.jpg,15054,8217,1.832055,45.416501,0.486100,0.337900,0.824000,46.407406,31.464931,0.991775
motorbike,motorbike_0224.jpg,17316,9099,1.903066,47.453222,0.355800,0.376800,0.732600,43.701747,31.725816,0.995103
motorbike,motorbike_0225.jpg,14563,7657,1.901920,47.421548,0.226900,0.328700,0.555600,40.379340,32.069211,0.990851
motorbike,motorbike_0226.jpg,14259,7755,1.838685,45.613297,0.326500,0.503000,0.829500,29.685009,33.405432,0.996786
motorbike,motorbike_0227.jpg,16310,8974,1.817473,44.978541,0.307000,0.387300,0.694300,40.256540,32.082439,0.995580
motorbike,motorbike_0228.jpg,13867,7180,1.931337,48.222399,0.219100,0.460300,0.679400,36.492297,32.508792,0.994153
motorbike,motorbike_0229.jpg,14833,7908,1.875695,46.686442,0.282100,0.499200,0.781300,38.851102,32.236770,0.997046
motorbike,motorbike_0230.jpg,11893,6275,1.895299,47.237871,0.228400,0.314300,0.542700,40.693109,32.035595,0.995720
motorbike,motorbike_0231.jpg,19577,10099,1.938509,48.413955,0.436500,0.408600,0.845100,49.123807,31.217883,0.993356
motorbike,motorbike_0232.jpg,18916,10335,1.830285,45.363713,0.426100,0.402300,0.828400,57.899396,30.504063,0.993051
motorbike,motorbike_0233.jpg,15524,8390,1.850298,45.954651,0.351900,0.328100,0.680000,30.678896,33.262406,0.994423
motorbike,motorbike_0234.jpg,12678,6561,1.932327,48.248935,0.285200,0.484100,0.769300,29.983565,33.361971,0.996727
motorbike,motorbike_0235.jpg,12961,7021,1.846033,45.829797,0.231500,0.460700,0.692200,36.717813,32.482036,0.996545
motorbike,motorbike_0236.jpg,11414,5835,1.956127,48.878570,0.275600,0.224600,0.500200,37.796308,32.356310,0.996585
motorbike,motorbike_0237.jpg,10583,5523,1.916169,47.812530,0.180700,0.400100,0.580800,38.141478,32.316828,0.994583
motorbike,motorbike_0238.jpg,14284,7606,1.877991,46.751610,0.220600,0.342000,0.562600,30.822358,33.242145,0.993629
motorbike,motorbike_0239.jpg,13964,7538,1.852481,46.018333,0.253200,0.324700,0.577900,26.217124,33.944953,0.996960
motorbike,motorbike_0240.jpg,17668,9439,1.871808,46.575730,0.316000,0.519700,0.835700,52.060702,30.965703,0.992870
motorbike,motorbike_0241.jpg,14220,7569,1.878716,46.772152,0.208100,0.825200,1.033300,42.021948,31.896042,0.995291
motorbike,motorbike_0242.jpg,14781,7753,1.906488,47.547527,0.271200,0.336800,0.608000,57.610884,30.525758,0.993833
motorbike,motorbike_0243.jpg,13511,7177,1.882541,46.880320,0.204100,0.285200,0.489300,48.658839,31.259186,0.996002
motorbike,motorbike_0244.jpg,15231,8110,1.878052,46.753332,0.376800,0.356400,0.733200,43.526796,31.743237,0.996417
motorbike,motorbike_0245.jpg,15332,8919,1.719027,41.827550,0.244800,0.330100,0.574900,33.295348,32.906968,0.996558
motorbike,motorbike_0246.jpg,15888,8353,1.902071,47.425730,0.258200,0.347800,0.606000,40.183490,32.090327,0.994454
motorbike,motorbike_0247.jpg,17055,9209,1.851993,46.004104,0.359900,0.619300,0.979200,47.812482,31.335391,0.993145
motorbike,motorbike_0248.jpg,16499,8934,1.846765,45.851264,0.234200,0.353300,0.587500,49.886737,31.150953,0.991576
motorbike,motorbike_0249.jpg,12912,6960,1.855172,46.096654,0.182800,0.323700,0.506500,60.014109,30.348270,0.990193
person,person_0000.jpg,15301,8467,1.807134,44.663747,0.564000,0.626900,1.190900,3.709106,42.438111,0.999659
person,person_0001.jpg,16965,9539,1.778488,43.772473,0.432700,0.858200,1.290900,4.287216,41.809050,0.999738
person,person_0002.jpg,13869,7519,1.844527,45.785565,0.412100,0.581500,0.993600,3.251348,43.010169,0.999800
person,person_0003.jpg,17103,9296,1.839824,45.646963,0.446900,0.447600,0.894500,4.221649,41.875982,0.999622
person,person_0004.jpg,12650,6698,1.888623,47.051383,0.420100,0.446600,0.866700,2.964793,43.410860,0.999448
person,person_0005.jpg,16818,9186,1.830830,45.379950,0.661500,0.547100,1.208600,4.456034,41.641318,0.999556
person,person_0006.jpg,16389,9004,1.820191,45.060711,0.640600,0.477100,1.117700,3.980540,42.131384,0.999621
person,person_0007.jpg,16385,9205,1.780011,43.820568,0.635600,0.662500,1.298100,4.012100,42.097086,0.999745
person,person_0008.jpg,16498,9169,1.799324,44.423566,0.639200,0.768600,1.407800,4.253698,41.843137,0.999707
person,person_0009.jpg,15173,8444,1.796897,44.348514,0.630800,0.580700,1.211500,3.526647,42.657184,0.999590
person,person_0010.jpg,16692,9145,1.825260,45.213276,0.616300,0.591700,1.208000,3.942276,42.173333,0.999834
person,person_0011.jpg,15205,8000,1.900625,47.385728,0.518800,1.124400,1.643200,3.704213,42.443844,0.999581
person,person_0012.jpg,16928,9221,1.835810,45.528119,0.588300,1.158300,1.746600,4.117177,41.984808,0.999697
person,person_0013.jpg,16612,8902,1.866098,46.412232,0.663900,0.565200,1.229100,4.347046,41.748861,0.999693
person,person_0014.jpg,16281,9067,1.795633,44.309318,0.746100,0.558600,1.304700,4.365458,41.730505,0.999184
person,person_0015.jpg,19152,10121,1.892303,47.154344,0.691600,0.707400,1.399000,5.250198,40.929046,0.999576
person,person_0016.jpg,15815,8415,1.879382,46.791021,0.496300,0.715900,1.212200,3.956039,42.158197,0.999659
person,person_0017.jpg,21990,11736,1.873722,46.630286,0.677100,0.660800,1.337900,6.339371,40.110342,0.999572
person,person_0018.jpg,16838,9229,1.824466,45.189452,0.782100,0.691100,1.473200,4.047134,42.059327,0.999549
person,person_0019.jpg,17216,9584,1.796327,44.330855,1.088900,0.587000,1.675900,4.547831,41.552760,0.999809
person,person_0020.jpg,16477,9101,1.810460,44.765431,0.721200,0.591700,1.312900,4.094594,42.008695,0.999774
person,person_0021.jpg,16919,9353,1.808938,44.718955,0.645200,0.600900,1.246100,4.467356,41.630298,0.999581
person,person_0022.jpg,16156,9018,1.791528,44.181728,0.777500,0.587000,1.364500,4.256882,41.839888,0.999867
person,person_0023.jpg,15978,8931,1.789049,44.104394,0.618700,0.719900,1.338600,3.800222,42.332714,0.999808
person,person_0024.jpg,18221,10068,1.809793,44.745074,0.749200,0.635100,1.384300,4.944519,41.189563,0.999551
person,person_0025.jpg,13953,7769,1.795984,44.320218,1.010400,0.592700,1.603100,3.236766,43.029691,0.999739
person,person_0026.jpg,14083,7611,1.850348,45.956117,0.737700,0.571400,1.309100,3.346512,42.884880,0.999658
person,person_0027.jpg,14195,7733,1.835639,45.523072,0.647300,0.817200,1.464500,3.788315,42.346343,0.999718
person,person_0028.jpg,16504,9201,1.793718,44.249879,0.440200,0.699500,1.139700,4.094691,42.008592,0.999707
person,person_0029.jpg,17003,9021,1.884824,46.944657,0.447300,0.557600,1.004900,4.135284,41.965750,0.999662
person,person_0030.jpg,19153,10660,1.796717,44.342923,1.251500,0.637200,1.888700,5.107162,41.049007,0.999696
person,person_0031.jpg,19168,10232,1.873339,46.619366,0.702100,1.041000,1.743100,5.083679,41.069022,0.999816
person,person_0032.jpg,17263,9379,1.840601,45.669930,0.661000,0.731900,1.392900,4.148839,41.951537,0.999574
person,person_0033.jpg,19548,10882,1.796361,44.331901,0.671900,0.622400,1.294300,5.821426,40.480510,0.999692
person,person_0034.jpg,16854,9057,1.860881,46.262015,0.985900,0.640100,1.626000,4.192240,41.906342,0.999787
person,person_0035.jpg,18975,10211,1.858290,46.187088,0.576200,0.601600,1.177800,4.761739,41.353148,0.999685
person,person_0036.jpg,15291,8404,1.819491,45.039566,0.659000,0.638900,1.297900,3.763484,42.374903,0.999679
person,person_0037.jpg,13828,7776,1.778292,43.766271,0.681300,0.617300,1.298600,3.469294,42.728392,0.999647
person,person_0038.jpg,16196,8767,1.847382,45.869350,0.713200,0.610400,1.323600,3.823146,42.306595,0.999710
person,person_0039.jpg,16616,8951,1.856329,46.130236,0.533100,0.535900,1.069000,3.987844,42.123422,0.999764
person,person_0040.jpg,20454,10722,1.907666,47.579935,0.581700,0.629200,1.210900,6.057566,40.307822,0.999153
person,person_0041.jpg,17612,9922,1.775045,43.663411,0.478900,0.622800,1.101700,4.900614,41.228298,0.999686
person,person_0042.jpg,16560,8957,1.848833,45.911836,0.636300,0.636200,1.272500,4.099258,42.003751,0.999688
person,person_0043.jpg,16963,9286,1.826728,45.257325,0.635100,0.780600,1.415700,4.102249,42.000583,0.999650
person,person_0044.jpg,16304,8934,1.824938,45.203631,0.738200,0.576100,1.314300,4.144241,41.956353,0.999744
person,person_0045.jpg,17823,10242,1.740187,42.534927,0.656000,0.602900,1.258900,4.775889,41.340261,0.999596
person,person_0046.jpg,16182,9066,1.784911,43.974787,0.602500,0.762100,1.364600,4.122080,41.979639,0.999807
person,person_0047.jpg,17407,9584,1.816256,44.941690,0.553800,1.094800,1.648600,4.534027,41.565962,0.999691
person,person_0048.jpg,15302,8391,1.823621,45.164031,0.855800,0.786700,1.642500,3.702799,42.445502,0.999670
person,person_0049.jpg,17437,9532,1.829312,45.334633,0.450700,0.569000,1.019700,4.366577,41.729392,0.999558
person,person_0050.jpg,15320,8375,1.829254,45.332898,0.578700,0.627700,1.206400,3.763168,42.375267,0.999784
person,person_0051.jpg,13502,7517,1.796195,44.326766,0.851100,0.401700,1.252800,3.305252,42.938758,0.999854
person,person_0052.jpg,13944,7743,1.800852,44.470740,0.672300,0.650400,1.322700,3.577459,42.595057,0.999783
person,person_0053.jpg,14508,7879,1.841350,45.692032,0.415200,0.493800,0.909000,3.380229,42.841343,0.999780
person,person_0054.jpg,17673,9512,1.857969,46.177785,0.654400,0.849600,1.504000,4.507202,41.591733,0.999759
person,person_0055.jpg,15990,8763,1.824718,45.196998,0.418600,0.433700,0.852300,3.872859,42.250487,0.999833
person,person_0056.jpg,15672,8611,1.819998,45.054875,0.508200,0.628200,1.136400,3.809779,42.321806,0.999787
person,person_0057.jpg,13722,7917,1.733232,42.304329,0.495200,0.518900,1.014100,3.511230,42.676210,0.999772
person,person_0058.jpg,16868,8946,1.885535,46.964667,0.747800,0.595000,1.342800,4.616623,41.487560,0.999518
person,person_0059.jpg,15766,8572,1.839244,45.629836,0.630300,0.536900,1.167200,3.866801,42.257285,0.999656
person,person_0060.jpg,18028,10032,1.797049,44.353228,0.601600,0.592800,1.194400,4.521428,41.578047,0.999736
person,person_0061.jpg,16834,9014,1.867539,46.453606,0.610700,1.303500,1.914200,4.252660,41.844197,0.999803
person,person_0062.jpg,15312,8436,1.815078,44.905956,0.468100,0.755400,1.223500,3.709610,42.437521,0.999786
person,person_0063.jpg,15364,8232,1.866375,46.420203,0.634000,0.565900,1.199900,3.884226,42.237758,0.999667
person,person_0064.jpg,15093,8215,1.837249,45.570794,0.892600,0.577400,1.470000,3.646403,42.512157,0.999716
person,person_0065.jpg,17457,9569,1.824329,45.185312,0.630200,0.619400,1.249600,4.426651,41.670051,0.999544
person,person_0066.jpg,18105,9595,1.886920,47.003590,0.648200,0.581800,1.230000,4.906097,41.223442,0.999797
person,person_0067.jpg,14836,8151,1.820145,45.059315,0.642400,0.860000,1.502400,3.717748,42.428004,0.999618
person,person_0068.jpg,14544,8243,1.764406,43.323707,0.644400,0.594500,1.238900,3.840698,42.286702,0.999777
person,person_0069.jpg,16461,9109,1.807114,44.663143,0.643700,0.563900,1.207600,4.337819,41.758089,0.999729
person,person_0070.jpg,16665,9353,1.781781,43.876388,0.647800,0.715600,1.363400,4.624446,41.480207,0.999730
person,person_0071.jpg,16818,8784,1.914617,47.770246,0.675300,0.614800,1.290100,4.421733,41.674879,0.999575
person,person_0072.jpg,17143,9663,1.774087,43.632970,1.095700,0.626200,1.721900,4.278758,41.817627,0.999801
person,person_0073.jpg,20499,11183,1.833050,45.446119,0.673700,0.596400,1.270100,5.079717,41.072408,0.999483
person,person_0074.jpg,18381,10226,1.797477,44.366465,0.662100,0.609800,1.271900,4.895233,41.233070,0.998998
person,person_0075.jpg,17232,9696,1.777228,43.732591,0.672100,0.611200,1.283300,4.095871,42.007341,0.999577
person,person_0076.jpg,16129,8926,1.806968,44.658689,0.738000,0.769000,1.507000,3.928935,42.188055,0.999794
person,person_0077.jpg,20684,10626,1.946546,48.626958,0.679400,0.642000,1.321400,5.784037,40.508493,0.999270
person,person_0078.jpg,17399,9567,1.818647,45.014081,0.632800,0.616500,1.249300,4.311254,41.784768,0.999592
person,person_0079.jpg,15027,8346,1.800503,44.459972,1.056200,0.603200,1.659400,3.766042,42.371952,0.999413
person,person_0080.jpg,15868,8774,1.808525,44.706327,0.613400,0.599100,1.212500,3.854640,42.270966,0.999827
person,person_0081.jpg,13472,7356,1.831430,45.397862,0.626600,0.579700,1.206300,3.431951,42.775393,0.999539
person,person_0082.jpg,12961,7121,1.820110,45.058252,0.756400,0.623300,1.379700,3.134750,43.168774,0.999669
person,person_0083.jpg,15249,8514,1.791050,44.166831,0.693800,0.604100,1.297900,3.638621,42.521435,0.999781
person,person_0084.jpg,15561,8606,1.808157,44.695071,0.638900,0.560300,1.199200,3.777278,42.359015,0.999693
person,person_0085.jpg,16453,8944,1.839557,45.639093,0.652500,0.589800,1.242300,4.092209,42.011226,0.999778
person,person_0086.jpg,18533,10249,1.808274,44.698646,0.688700,0.628100,1.316800,4.917486,41.213373,0.999636
person,person_0087.jpg,19811,11092,1.786062,44.010903,0.801500,0.646100,1.447600,4.917725,41.213162,0.999768
person,person_0088.jpg,18044,9771,1.846689,45.849036,0.672700,0.749100,1.421800,4.303889,41.792193,0.999682
person,person_0089.jpg,16997,9190,1.849510,45.931635,0.859100,0.666600,1.525700,3.897619,42.222810,0.999736
person,person_0090.jpg,14579,8224,1.772738,43.590095,0.647400,0.565300,1.212700,3.501399,42.688388,0.999858
person,person_0091.jpg,17154,9003,1.905365,47.516614,1.030600,0.566400,1.597000,4.482549,41.615553,0.999743
person,person_0092.jpg,16229,8743,1.856228,46.127303,0.569500,0.574300,1.143800,3.799230,42.333848,0.999784
person,person_0093.jpg,20076,10935,1.835940,45.531978,0.678000,0.654600,1.332600,5.070109,41.080631,0.999741
person,person_0094.jpg,14422,7791,1.851110,45.978366,0.465200,0.594400,1.059600,3.861628,42.263099,0.999803
person,person_0095.jpg,15523,8752,1.773652,43.619146,1.285700,0.657500,1.943200,3.781525,42.354134,0.999703
person,person_0096.jpg,15815,8482,1.864537,46.367373,0.641100,0.570800,1.211900,3.745870,42.395277,0.999781
person,person_0097.jpg,16621,9362,1.775369,43.673666,0.731700,0.635400,1.367100,4.060455,42.045056,0.999740
person,person_0098.jpg,15132,8344,1.813519,44.858578,0.420400,0.532600,0.953000,3.613988,42.550936,0.999743
person,person_0099.jpg,14864,7930,1.874401,46.649623,0.594700,0.539700,1.134400,3.466599,42.731768,0.999662
person,person_0100.jpg,15830,8819,1.794988,44.289324,0.657100,0.654800,1.311900,4.041616,42.065253,0.999352
person,person_0101.jpg,15748,8523,1.847706,45.878842,0.414800,0.406600,0.821400,3.751511,42.388742,0.999764
person,person_0102.jpg,18552,9897,1.874507,46.652652,0.585500,0.556900,1.142400,4.559372,41.541753,0.999733
person,person_0103.jpg,17888,10008,1.787370,44.051878,0.434500,0.498300,0.932800,4.429504,41.667252,0.999687
person,person_0104.jpg,14359,7640,1.879450,46.792952,0.640100,0.548900,1.189000,3.579229,42.592909,0.999785
person,person_0105.jpg,18933,10153,1.864769,46.374056,0.437100,0.731700,1.168800,4.817978,41.302156,0.999664
person,person_0106.jpg,17326,9579,1.808748,44.713148,0.443400,0.566400,1.009800,4.231618,41.865739,0.999738
person,person_0107.jpg,17013,9045,1.880929,46.834773,0.423500,0.536900,0.960400,4.499217,41.599434,0.999709
person,person_0108.jpg,17009,9231,1.842596,45.728732,0.792200,0.724300,1.516500,4.497798,41.600804,0.999681
person,person_0109.jpg,18857,10526,1.791469,44.179880,0.614800,0.563700,1.178500,5.287237,40.898516,0.999721
person,person_0110.jpg,14383,8085,1.778973,43.787805,0.630100,0.532500,1.162600,3.730906,42.412660,0.999699
person,person_0111.jpg,16096,8826,1.823703,45.166501,0.633600,0.835900,1.469500,4.275243,41.821195,0.999544
person,person_0112.jpg,10683,5821,1.835252,45.511560,0.574500,0.522200,1.096700,2.803701,43.653487,0.999711
person,person_0113.jpg,20231,10770,1.878459,46.764866,0.636500,0.741500,1.378000,5.720327,40.556595,0.999231
person,person_0114.jpg,16919,9366,1.806428,44.642118,0.608600,0.589300,1.197900,4.464600,41.632978,0.999765
person,person_0115.jpg,14924,8040,1.856219,46.127044,0.502900,0.565300,1.068200,3.623647,42.539345,0.999509
person,person_0116.jpg,19494,10617,1.836112,45.537088,0.608300,0.662100,1.270400,5.277130,40.906826,0.999720
person,person_0117.jpg,15412,8239,1.870615,46.541656,0.659200,0.465400,1.124600,3.470423,42.726979,0.999760
person,person_0118.jpg,14569,8020,1.816584,44.951610,0.787400,0.546300,1.333700,3.763316,42.375097,0.999618
person,person_0119.jpg,16125,9192,1.754243,42.995349,0.485800,0.563400,1.049200,4.036631,42.070613,0.999592
person,person_0120.jpg,15265,8733,1.747967,42.790698,0.659600,0.611000,1.270600,3.952372,42.162225,0.999670
person,person_0121.jpg,17264,9307,1.854948,46.090130,0.669300,0.932200,1.601500,4.353038,41.742880,0.999608
person,person_0122.jpg,15158,8622,1.758061,43.119145,0.615500,0.824300,1.439800,3.901138,42.218890,0.999697
person,person_0123.jpg,18601,10334,1.799981,44.443847,0.654600,0.615100,1.269700,4.708140,41.402310,0.999604
person,person_0124.jpg,14238,7706,1.847651,45.877230,0.458100,0.533700,0.991800,3.563548,42.611978,0.999789
person,person_0125.jpg,15139,8296,1.824855,45.201136,0.636500,1.086100,1.722600,3.672811,42.480818,0.999782
person,person_0126.jpg,18553,9806,1.892005,47.146014,0.421300,0.513000,0.934300,5.006755,41.135241,0.999675
person,person_0127.jpg,15335,8232,1.862852,46.318878,0.457500,0.546400,1.003900,3.879715,42.242805,0.999801
person,person_0128.jpg,17452,9407,1.855214,46.097868,0.618900,0.527500,1.146400,4.487315,41.610938,0.999678
person,person_0129.jpg,17621,9342,1.886213,46.983713,0.402900,0.378300,0.781200,4.988993,41.150674,0.999587
person,person_0130.jpg,20226,11575,1.747387,42.771680,0.633300,0.517700,1.151000,6.361059,40.095510,0.998840
person,person_0131.jpg,17119,9365,1.827977,45.294702,0.994600,0.579400,1.574000,4.114700,41.987422,0.999763
person,person_0132.jpg,14879,8937,1.664876,39.935480,0.545400,0.541100,1.086500,4.190150,41.908508,0.999721
person,person_0133.jpg,17943,10590,1.694334,40.979769,0.665600,0.555000,1.220600,5.235631,40.941113,0.999769
person,person_0134.jpg,14503,8202,1.768227,43.446184,0.537800,0.585700,1.123500,3.634247,42.526659,0.999698
person,person_0135.jpg,15276,8577,1.781042,43.853103,0.416500,0.852600,1.269100,3.661931,42.493702,0.999685
person,person_0136.jpg,16731,9250,1.808757,44.713406,0.606900,0.559000,1.165900,4.563883,41.537458,0.999718
person,person_0137.jpg,18558,10754,1.725683,42.051945,0.426900,0.558000,0.984900,4.884679,41.242443,0.999716
person,person_0138.jpg,19440,10660,1.823640,45.164609,0.412000,0.435600,0.847600,6.009995,40.342063,0.999680
person,person_0139.jpg,19364,10905,1.775699,43.684156,0.420600,0.571100,0.991700,5.236145,40.940687,0.999479
person,person_0140.jpg,16403,8741,1.876559,46.710968,0.677500,0.639800,1.317300,4.038717,42.068370,0.999766
person,person_0141.jpg,16343,8865,1.843542,45.756593,0.462300,0.477900,0.940200,4.123952,41.977667,0.999726
person,person_0142.jpg,15783,8670,1.820415,45.067478,0.576200,0.537200,1.113400,3.693970,42.455870,0.999787
person,person_0143.jpg,15253,8659,1.761520,43.230840,0.438100,0.678700,1.116800,3.876729,42.246149,0.999744
person,person_0144.jpg,16494,9032,1.826174,45.240694,0.642800,0.504500,1.147300,4.145910,41.954605,0.999748
person,person_0145.jpg,19383,10824,1.790743,44.157251,0.512300,0.550200,1.062500,4.874171,41.251796,0.999681
person,person_0146.jpg,14573,8016,1.817989,44.994167,0.475500,0.541500,1.017000,3.521327,42.663740,0.999777
person,person_0147.jpg,18545,9789,1.894473,47.214883,0.637500,1.031900,1.669400,4.800496,41.317942,0.999602
person,person_0148.jpg,14727,8025,1.835140,45.508250,0.530100,0.508900,1.039000,3.751907,42.388283,0.999819
person,person_0149.jpg,14772,8051,1.834803,45.498240,0.555500,0.466000,1.021500,3.748306,42.392453,0.999844
person,person_0150.jpg,14742,8081,1.824279,45.183829,0.597800,0.566300,1.164100,3.669342,42.484922,0.999472
person,person_0151.jpg,17526,9670,1.812410,44.824832,0.488400,0.549700,1.038100,4.479736,41.618279,0.999562
person,person_0152.jpg,16278,8961,1.816538,44.950240,0.580500,0.613100,1.193600,4.306137,41.789925,0.999767
person,person_0153.jpg,14559,8128,1.791216,44.171990,0.750400,0.577100,1.327500,3.527262,42.656426,0.999846
person,person_0154.jpg,15584,8636,1.804539,44.584189,0.587900,0.524800,1.112700,3.820455,42.309653,0.999773
person,person_0155.jpg,16521,9316,1.773401,43.611162,0.407800,1.112200,1.520000,4.203598,41.894592,0.999665
person,person_0156.jpg,14380,8054,1.785448,43.991655,0.618100,0.555900,1.174000,3.582362,42.589109,0.999625
person,person_0157.jpg,16343,9083,1.799295,44.422689,0.623800,0.464000,1.087800,4.136637,41.964329,0.999643
person,person_0158.jpg,15652,8765,1.785739,44.000767,0.409000,0.582200,0.991200,3.721476,42.423651,0.999649
person,person_0159.jpg,14194,7667,1.851311,45.984219,0.583000,0.455500,1.038500,3.286362,42.963650,0.999782
person,person_0160.jpg,16706,9211,1.813701,44.864121,0.481300,0.599500,1.080800,4.271917,41.824576,0.999454
person,person_0161.jpg,15536,8715,1.782674,43.904480,0.579500,0.390100,0.969600,3.942942,42.172599,0.999752
person,person_0162.jpg,16260,8475,1.918584,47.878229,0.430700,0.832800,1.263500,4.219325,41.878374,0.999758
person,person_0163.jpg,16782,8988,1.867156,46.442617,0.430400,0.565200,0.995600,4.092005,42.011442,0.999453
person,person_0164.jpg,16648,9068,1.835906,45.530995,0.638800,0.504500,1.143300,3.951096,42.163628,0.999612
person,person_0165.jpg,17105,9479,1.804515,44.583455,0.462100,0.550700,1.012800,4.476252,41.621658,0.999633
person,person_0166.jpg,14138,7849,1.801249,44.482954,0.630400,0.455600,1.086000,3.713369,42.433123,0.999508
person,person_0167.jpg,12382,6813,1.817408,44.976579,0.547700,0.502000,1.049700,3.119873,43.189434,0.999790
person,person_0168.jpg,15755,8339,1.889315,47.070771,0.452700,0.556800,1.009500,3.817800,42.312672,0.999493
person,person_0169.jpg,16974,9117,1.861797,46.288441,0.635400,0.880900,1.516300,4.453603,41.643688,0.999780
person,person_0170.jpg,16074,8728,1.841659,45.701132,0.665600,0.536300,1.201900,3.902685,42.217169,0.999805
person,person_0171.jpg,14386,8005,1.797127,44.355624,0.645800,0.569700,1.215500,3.691910,42.458293,0.999806
person,person_0172.jpg,12187,6819,1.787212,44.046935,0.677600,0.762500,1.440100,3.173131,43.115923,0.999735
person,person_0173.jpg,14636,7987,1.832478,45.429079,0.446100,0.799600,1.245700,3.586721,42.583828,0.999786
person,person_0174.jpg,16084,8818,1.823996,45.175330,0.428000,0.511100,0.939100,3.995214,42.115403,0.999769
person,person_0175.jpg,17485,9462,1.847918,45.885044,0.657800,0.543500,1.201300,4.438665,41.658280,0.999683
person,person_0176.jpg,17298,9415,1.837281,45.571742,0.430700,0.697900,1.128600,4.526337,41.573335,0.999715
person,person_0177.jpg,13709,7332,1.869749,46.516887,0.403900,0.458000,0.861900,3.375468,42.847464,0.999605
person,person_0178.jpg,15687,8461,1.854036,46.063620,0.486900,0.537900,1.024800,3.706726,42.440899,0.999660
person,person_0179.jpg,16860,9732,1.732429,42.277580,0.708000,0.653000,1.361000,4.470830,41.626922,0.999570
person,person_0180.jpg,18295,9798,1.867218,46.444384,0.431300,0.425300,0.856600,5.288340,40.897610,0.999192
person,person_0181.jpg,16989,9214,1.843825,45.764907,0.426400,0.402700,0.829100,4.195974,41.902476,0.999713
person,person_0182.jpg,15041,8321,1.807595,44.677880,0.407800,0.409200,0.817000,3.650808,42.506914,0.999827
person,person_0183.jpg,17384,9543,1.821649,45.104694,0.419900,0.569600,0.989500,4.914464,41.216042,0.999785
person,person_0184.jpg,15603,8223,1.897483,47.298596,0.417500,1.043100,1.460600,4.059163,42.046438,0.999703
person,person_0185.jpg,15480,8411,1.840447,45.665375,0.453000,0.442800,0.895800,3.900986,42.219060,0.999611
person,person_0186.jpg,19558,10415,1.877868,46.748134,0.432800,0.553700,0.986500,5.816025,40.484541,0.999486
person,person_0187.jpg,14797,8037,1.841110,45.684936,0.400700,0.519600,0.920300,3.612295,42.552972,0.999887
person,person_0188.jpg,16210,8913,1.818692,45.015423,0.401300,0.530200,0.931500,3.942764,42.172795,0.999701
person,person_0189.jpg,12742,7090,1.797179,44.357244,0.403400,0.486600,0.890000,3.481842,42.712713,0.999626
person,person_0190.jpg,18240,9728,1.875000,46.666667,0.404500,0.531000,0.935500,4.704686,41.405497,0.999723
person,person_0191.jpg,13689,7501,1.824957,45.204179,0.775000,0.553400,1.328400,3.395126,42.822244,0.999780
person,person_0192.jpg,17856,9987,1.787924,44.069220,0.459000,0.574400,1.033400,4.588837,41.513778,0.999682
person,person_0193.jpg,16373,8793,1.862049,46.295731,0.413900,0.398000,0.811900,4.041397,42.065488,0.999684
person,person_0194.jpg,18985,11070,1.714995,41.690809,0.517200,0.575300,1.092500,4.965561,41.171120,0.999692
person,person_0195.jpg,15112,8424,1.793922,44.256220,0.401900,0.390300,0.792200,3.767583,42.370175,0.999729
person,person_0196.jpg,14765,8210,1.798417,44.395530,0.448600,0.431700,0.880300,4.200012,41.898298,0.999717
person,person_0197.jpg,16430,8822,1.862389,46.305539,0.405700,0.433900,0.839600,4.408503,41.687892,0.999615
person,person_0198.jpg,16972,9370,1.811313,44.791421,0.702800,0.625900,1.328700,4.803828,41.314929,0.999649
person,person_0199.jpg,14998,8210,1.826797,45.259368,0.405600,0.512600,0.918200,3.612630,42.552569,0.999714
person,person_0200.jpg,16390,9404,1.742875,42.623551,0.400500,0.391500,0.792000,4.146144,41.954360,0.999799
person,person_0201.jpg,15460,9173,1.685381,40.666235,0.408800,0.393000,0.801800,4.063944,42.041326,0.999847
person,person_0202.jpg,16314,8831,1.847356,45.868579,0.402300,0.396100,0.798400,3.931427,42.185301,0.999724
person,person_0203.jpg,16217,9011,1.799689,44.434852,0.509500,0.450500,0.960000,3.876500,42.246405,0.999688
person,person_0204.jpg,18552,9949,1.864710,46.372359,0.525800,0.508000,1.033800,5.207092,40.964851,0.999651
person,person_0205.jpg,17399,9621,1.808440,44.703719,0.452400,0.434900,0.887300,4.446874,41.650255,0.999665
person,person_0206.jpg,17995,9941,1.810180,44.756877,0.583700,0.433900,1.017600,4.765752,41.349489,0.999647
person,person_0207.jpg,11802,6542,1.804035,44.568717,0.377600,0.362400,0.740000,2.674367,43.858593,0.999888
person,person_0208.jpg,14492,7862,1.843297,45.749379,0.606300,0.510600,1.116900,3.729080,42.414786,0.999818
person,person_0209.jpg,18169,9704,1.872321,46.590346,0.411600,0.561800,0.973400,4.441111,41.655887,0.999555
person,person_0210.jpg,16435,8937,1.838984,45.622148,0.396700,0.641000,1.037700,4.124766,41.976810,0.999729
person,person_0211.jpg,15551,8358,1.860613,46.254260,0.689400,0.567900,1.257300,3.680527,42.471704,0.999752
person,person_0212.jpg,17651,9765,1.807578,44.677355,0.414500,0.397800,0.812300,4.237620,41.859583,0.999730
person,person_0213.jpg,16298,8781,1.856053,46.122224,0.625200,0.515500,1.140700,4.058436,42.047217,0.999694
person,person_0214.jpg,17607,9698,1.815529,44.919634,0.405800,0.573400,0.979200,4.494090,41.604386,0.999567
person,person_0215.jpg,14367,7395,1.942799,48.527876,0.381000,0.348600,0.729600,3.129435,43.176144,0.999713
person,person_0216.jpg,15828,8524,1.856875,46.146070,0.491600,0.477900,0.969500,3.832072,42.296467,0.999528
person,person_0217.jpg,19681,10928,1.800970,44.474366,0.448800,0.451700,0.900500,5.355743,40.842606,0.999377
person,person_0218.jpg,15633,8506,1.837879,45.589458,0.412600,0.649900,1.062500,3.782054,42.353527,0.999690
person,person_0219.jpg,15271,8417,1.814304,44.882457,0.388200,0.526200,0.914400,3.775548,42.361003,0.999776
person,person_0220.jpg,15695,8662,1.811937,44.810449,0.391200,0.504100,0.895300,3.844691,42.282189,0.999744
person,person_0221.jpg,17204,9299,1.850091,45.948617,0.465100,0.523100,0.988200,4.397608,41.698638,0.999619
person,person_0222.jpg,15240,8515,1.789783,44.127297,0.627000,0.547500,1.174500,3.815582,42.315195,0.999629
person,person_0223.jpg,18100,9936,1.821659,45.104972,0.502200,0.778900,1.281100,4.783000,41.333800,0.999605
person,person_0224.jpg,18464,9989,1.848433,45.900130,0.591700,0.753600,1.345300,4.480540,41.617500,0.999613
person,person_0225.jpg,14766,8090,1.825216,45.211973,0.404100,0.500900,0.905000,3.522400,42.662417,0.999736
person,person_0226.jpg,17454,9862,1.769824,43.497193,0.552700,0.548600,1.101300,4.526108,41.573555,0.999742
person,person_0227.jpg,16906,9711,1.740912,42.558855,0.413400,0.557300,0.970700,4.551971,41.548808,0.999678
person,person_0228.jpg,14700,8010,1.835206,45.510204,0.399900,0.523900,0.923800,3.608129,42.557983,0.999760
person,person_0229.jpg,18843,10189,1.849347,45.926869,0.414400,0.475100,0.889500,4.967733,41.169221,0.999646
person,person_0230.jpg,16022,8770,1.826910,45.262764,0.444100,0.541300,0.985400,3.777715,42.358512,0.999707
person,person_0231.jpg,14731,8503,1.732447,42.278189,0.398800,0.506500,0.905300,3.743220,42.398350,0.999699
person,person_0232.jpg,18002,9626,1.870143,46.528164,0.556300,0.409900,0.966200,4.581980,41.520271,0.999575
person,person_0233.jpg,18853,10674,1.766254,43.383016,0.407100,0.480200,0.887300,5.100840,41.054386,0.999560
person,person_0234.jpg,15794,8706,1.814151,44.877802,0.393100,0.424500,0.817600,3.920263,42.197652,0.999776
person,person_0235.jpg,17658,9898,1.783997,43.946087,0.596700,0.545900,1.142600,4.500905,41.597805,0.999661
person,person_0236.jpg,15269,8271,1.846089,45.831423,0.388800,0.520600,0.909400,3.679209,42.473259,0.999700
person,person_0237.jpg,17218,9404,1.830923,45.382739,0.691900,0.650800,1.342700,4.445094,41.651994,0.999542
person,person_0238.jpg,17806,9702,1.835292,45.512749,0.397800,0.525400,0.923200,4.793259,41.324495,0.999599
person,person_0239.jpg,18350,10034,1.828782,45.318801,0.407800,0.452000,0.859800,4.598078,41.505040,0.999727
person,person_0240.jpg,16024,8660,1.850346,45.956066,0.597400,0.788500,1.385900,3.833328,42.295044,0.999446
person,person_0241.jpg,14968,8192,1.827148,45.269909,0.386800,0.514800,0.901600,3.565018,42.610187,0.999822
person,person_0242.jpg,16905,9281,1.821463,45.099083,0.579100,0.521900,1.101000,4.087463,42.016265,0.999809
person,person_0243.jpg,19082,10393,1.836043,45.535059,0.461600,0.574100,1.035700,4.945755,41.188478,0.999533
person,person_0244.jpg,15838,9108,1.738911,42.492739,0.565300,0.701000,1.266300,4.114731,41.987389,0.999478
person,person_0245.jpg,14408,7871,1.830517,45.370627,0.381900,0.363000,0.744900,3.517955,42.667901,0.999644
person,person_0246.jpg,17322,9546,1.814582,44.890890,0.395700,0.727400,1.123100,4.546931,41.553620,0.999623
person,person_0247.jpg,10492,5724,1.832984,45.444148,0.424700,0.810900,1.235600,2.399017,44.330470,0.999647
person,person_0248.jpg,16720,9698,1.724067,41.997608,0.396000,0.396600,0.792600,4.076564,42.027861,0.999757
person,person_0249.jpg,17490,9798,1.785058,43.979417,0.606500,0.609600,1.216100,4.496943,41.601630,0.999591

OVERALL,2000,53975807,25462171,2.119843,52.826697,1275.345900,1187.407300,2462.753200,21.345120,36.018033,0.997306
